corpus	dialect	word	decision	support	explained	occurrences	precision	precision_low	lift	meanings	example_dialect	example_english	file
flores	ar-eg	قدر	none	1	0	5	0.2	0.062	2.4	able to; can	بالطبع عداء سباقات النصف ميل من الدرجة الأولى، دا رجل ممكن يعمل أي حاجة في أقل من دقيقتين، ولازم يكون عنده قدر معقول من السرعة، ولكن لازم يتم تزويد القدرة على التحمل في كل الأحوال.	Of course a first-class half-miler, a man who can beat two minutes, must be possessed of a fair amount of speed, but endurance must be cultivated at all hazards.	countries/eg/ar-eg/entries/2edir.yaml
flores	ar-eg	قريب	kept	14	0	26	0.538	0.415	37.3	near; close	حصل عطل في الكهربا بعد ما عملوا اختبار روتيني لنظام الحرايق كان سبب في أن صمامات التصريف تتفتح وأن النفط الخام يتسرب قريب من محطة ضخ فورت غريلي رقم 9.	A power failure following a routine fire-command system test caused relief valves to open and crude oil overflowed near the Fort Greely pump station 9.	countries/eg/ar-eg/entries/2orayyeb.yaml
flores	ar-eg	عربية	kept	12	0	20	0.6	0.457	36.5	car	صد بيكيه جونيور في سباق جائزة سنغافورة الكبرى لسنة 2008 بعد ما اتوقف فيرناندو ألونسو بدري بسبب حفرة وهو بيحضر عربية الأمان.	Piquet Jr. crashed in the 2008 Singapore Grand Prix just after an early pit stop for Fernando Alonso, bringing out the safety car.	countries/eg/ar-eg/entries/3arabiyya.yaml
flores	ar-eg	عايز	kept	6	0	16	0.375	0.238	53.8	want	لو عاوز تشوف الدنيا بسيطة، سواء كان ده ضروري أو أسلوب حياة أو تحدي، ففيه كذا طريقة عشان تعمل ده.	If you want to see the world on the cheap, for necessity, lifestyle or challenge, there are some ways to do that.	countries/eg/ar-eg/entries/3ayez.yaml
flores	ar-eg	قديم	kept	2	0	4	0.5	0.23	45.7	old	المكان ممكن يكون عبارة عن مبنى تاريخي قديم فيه أثاث عتيق وأراض مشذبة وحمام سباحة.	The setting might be an historic old building with antique furnishings, manicured grounds and a swimming pool.	countries/eg/ar-eg/entries/adim.yaml
flores	ar-eg	أكل	kept	10	0	12	0.833	0.658	57.7	eat; irritate the skin of; vex; annoy; food	المستعمرة بتبتدى مرحلة الترحال لما الأكل المتاح يقل. في المرحلة دي بتبني المستعمرة عشش مؤقتة بتتغير كل يوم.	The colony begins a nomadic phase when available food has decreased. During this phase, the colony makes temporary nests that are changed everyday.	countries/eg/ar-eg/entries/akal.yaml
flores	ar-eg	قال	none	5	0	75	0.067	0.038	5.2	say	رفض روبرتس تمامًا أنه يقول امتى بيعتقد ان الحياة بتبتدى، وده سؤال مهم لما نفكر في أخلاقيات الإجهاض، وقال إنه مش من الأخلاق أنه يعلق على تفاصيل الحالات المحتملة.	Roberts flatly refused to say about when he believes life begins, an important question when considering the ethics of abortion, saying that it would be unethical to comment on the specifics of likely cases.	countries/eg/ar-eg/entries/al.yaml
flores	ar-eg	على	none	2	0	437	0.005	0.002	1.8	upon; raise	الطاقة المظلمة هي قوة مش متشافة خالص بتأثر دايمًا على الكون.	Dark energy is a completely invisible force that is constantly acting upon the universe.	countries/eg/ar-eg/entries/ala.yaml
flores	ar-eg	الله	none	0	0	4	0	0	0	signals amazement; approval; admiration wow; amazing			countries/eg/ar-eg/entries/alla.yaml
flores	ar-eg	ألو	none	0	0	1	0	0	0	hello			countries/eg/ar-eg/entries/alo.yaml
flores	ar-eg	عمل	none	1	0	28	0.036	0.011	1.2	make; pretend to be; spell; act of witchcraft; black magic	العمل التطوعي أثناء السفر وسيلة كويسة عشان تعمل فارق ولكن الأمر مش بيتعلق بس بالعطاء.	Volunteering while travelling is a great way to make a difference but it's not just about giving.	countries/eg/ar-eg/entries/amal.yaml
flores	ar-eg	عند	none	2	0	23	0.087	0.037	1	at the house of; expresses possession; have	في الغالب مش هيكون عند فندقك أو مضيفيك (لو كنت هتنزل بدار ضيافة أو منزل خاص) شبكة wifi أو كمبيوتر متصل بالإنترنت، وجميع التجمعات فيها مقهى إنترنت أو موقع مخصص به شبكة wifi عامة.	Your hotel or hosts (if staying in a guesthouse or private home) will likely have wifi or an internet connected PC, and all settlements have an internet cafe or some location with public wifi.	countries/eg/ar-eg/entries/and.yaml
flores	ar-eg	آسف	none	0	0	1	0	0	0	sorry			countries/eg/ar-eg/entries/asif.yaml
flores	ar-eg	قتل	none	1	0	4	0.25	0.078	50.2	kill; commit murder	في الشهر نفسه اجتاحت طيارة ركاب تانية مدرجًا في مشهد وبعدين صدمت في جدار، وده نتج عنه قتل سبعتاشر شخص.	The same month saw another airliner overrun a runway at Mashhad and strike a wall, killing seventeen.	countries/eg/ar-eg/entries/atal.yaml
flores	ar-eg	أوي	none	1	0	34	0.029	0.009	4.5	strong; really	زي الحال في المشاكل اللي بيواجهها الجهاز التنفسي في المناخ البارد، بتكون المشاكل المعوية في المناخ الحار منتشرة نوعًا، وكمان بتكون في معظم الحالات مزعجة خالص لكن مش خطيرة أوي.	As with respiratory problems in colder climates, intestinal problems in hot climates are fairly common and in most cases are distinctly annoying but not really dangerous.	countries/eg/ar-eg/entries/awi.yaml
flores	ar-eg	أول	kept	41	0	67	0.612	0.534	17.6	interpret; first	نادال خد نقاط على الشبكة بنسبة 88% في المباراة، عشان يفوز بـ76 نقطة في الإرسال الأول.	Nadal bagged 88% net points in the match winning 76 points in the first serve.	countries/eg/ar-eg/entries/awwil.yaml
flores	ar-eg	بعد	kept	66	0	143	0.462	0.409	11.6	after; distance; remoteness; dimension	بعد الساعة 11:00 بشوية، قطع المتظاهرين حركة المرور في الطريق اللي رايح ناحية الشمال في وايتهول.	Just after 11:00, protesters blocked traffic on the northbound carriage in Whitehall.	countries/eg/ar-eg/entries/ba-d.yaml
flores	ar-eg	بعدين	none	0	0	7	0	0	0	later			countries/eg/ar-eg/entries/ba3deen.yaml
flores	ar-eg	بابا	none	0	0	2	0	0	0	dad			countries/eg/ar-eg/entries/baba.yaml
flores	ar-eg	بان	none	0	0	10	0	0	0	become obvious; clear; evident			countries/eg/ar-eg/entries/ban.yaml
flores	ar-eg	باى	none	0	0	7	0	0	0	bye			countries/eg/ar-eg/entries/bay.yaml
flores	ar-eg	بعيد	none	1	0	11	0.091	0.028	11.4	far	سمك القشرة بيبلغ حوالي 70 كيلومتر على الجانب القريب و100 كيلومتر على الجانب البعيد.	The crust is about 70 km thick on the near side and 100 km thick on the far side.	countries/eg/ar-eg/entries/be3id.yaml
flores	ar-eg	بين	kept	39	0	72	0.542	0.466	23.2	between; among; reveal; make clear; state declare	اللعبة بتعتمد في الأحداث بتاعتها على معركة الفلوجة التانية، ودي كانت معركة شرسة بين القوات الأمريكية والعراقية.	The game is based on the Second Battle of Fallujah, a vicious battle between American and Iraqi forces.	countries/eg/ar-eg/entries/ben.yaml
flores	ar-eg	بيت	kept	4	0	6	0.667	0.409	29.8	house; home	فكر إنك تعمل فحص العين في البيت، بالذات لو كان تبع التأمين، وجيب روشتة الكشف معاك عشان تتعان في مكان تاني.	Consider getting an eye exam at home, especially if insurance covers it, and bringing the prescription along to be filed elsewhere.	countries/eg/ar-eg/entries/bet.yaml
flores	ar-eg	بسرعة	kept	6	0	18	0.333	0.21	83.7	hurry up; quickly	لما الجزرفتح فجوة على طول نهرميستيك على طول الجانب الشمالي الشرقي من شبه الجزيرة ، قاموا بسرعة بتوسيع السور بجدار حجري قصير إلى الشمال بينتهي عند حافة الميه على شاطئ صغير.	When low tide opened a gap along the Mystic River along the northeast of the peninsula, they quickly extended the fence with a short stone wall to the north ending at the water's edge on a small beach.	countries/eg/ar-eg/entries/bi-sor3a.yaml
flores	ar-eg	ده	none	43	32	109	0.394	0.336	1.7	this; that	جريدة الجارديان البريطانية اقترحت انه دويتشه بنك سيطر تقريباً على ثلث من ال 1200 شركة قشرية مستعملة لتحقيق ده.	British newspaper The Guardian suggested Deutsche Bank controlled roughly a third of the 1200 shell companies used to accomplish this.	countries/eg/ar-eg/entries/da.yaml
flores	ar-eg	دلوقتي	kept	22	0	43	0.512	0.415	39.5	now	مشروع القانون الأصلي اتصاغ عن طريق عمدة ساو باولو اللي فات، مارتا سوبليسي، والتشريع المقترح، بعد ما اتعدل، بقا دلوقتي في ايد روبرتو جيفرسون.	The original bill was drafted by former mayor of São Paulo, Marta Suplicy. The proposed legislation, after being amended, is now in the hands of Roberto Jefferson.	countries/eg/ar-eg/entries/dilwa-ti.yaml
flores	ar-eg	دكتور	none	1	0	4	0.25	0.078	83.7	doctor; physician; medical doctor; professor	حذر الدكتور إيهود أور ، أستاذ الطب بجامعة دالهوزي في هاليفاكس ، نوفا سكوتيا ورئيس القسم السريري والعلمي في الجمعية الكندية لمرضى السكر ، من أن البحث لسه فى أوله.	Dr. Ehud Ur, professor of medicine at Dalhousie University in Halifax, Nova Scotia and chair of the clinical and scientific division of the Canadian Diabetes Association cautioned that the research is still in its early days.	countries/eg/ar-eg/entries/duktor.yaml
flores	ar-eg	ايه	none	1	5	18	0.056	0.017	3.7	what	ايه هي الخلية؟ كلمة الخلية جاية من الكلمة اللاتينية "cella"، ومعناها "الغرفة الصغيرة"، واتصاغ المصطلح لأول مرة عن طريق عالم مجهر كان بيراقب هيكل الفلين.	What is a cell? The word cell comes from the Latin word "cella", meaning "small room", and it was first coined by a microscopist observing the structure of cork.	countries/eg/ar-eg/entries/e.yaml
flores	ar-eg	امتى	none	1	0	1	1	0.378	25.4	when	رفض روبرتس تمامًا أنه يقول امتى بيعتقد ان الحياة بتبتدى، وده سؤال مهم لما نفكر في أخلاقيات الإجهاض، وقال إنه مش من الأخلاق أنه يعلق على تفاصيل الحالات المحتملة.	Roberts flatly refused to say about when he believes life begins, an important question when considering the ethics of abortion, saying that it would be unethical to comment on the specifics of likely cases.	countries/eg/ar-eg/entries/emta.yaml
flores	ar-eg	عيش	kept	2	0	2	1	0.549	1004.5	bread	مطبخ مايوركا ، زيه زى حتت تانية من البحر الأبيض المتوسط ​​، بيعتمد  على العيش والخضار واللحوم (بالذات لحم الخنزير) وبيستعمل زيت الزتون على طول.	Majorcan cuisine, like that of similar zones in the Mediterranean, is based on bread, vegetables and meat (specially pork), and uses olive oil throughout.	countries/eg/ar-eg/entries/es.yaml
flores	ar-eg	اسم	kept	9	0	24	0.375	0.26	41.9	name; noun	زي ما جه في الرواية، كانت الحاجة اللي بتحركه هى الشهرة بأي ثمن. زعل أهل أفسس  وأعلنوا أنهم مش هيكتبوا اسم هيروستراتس أبدًا.	According to the story, his motivation was fame at any cost. The Ephesians, outraged, announced that Herostratus' name never be recorded.	countries/eg/ar-eg/entries/esm.yaml
flores	ar-eg	فهم	kept	7	0	8	0.875	0.66	87.9	understand	توازن الطاقة الصحي ، والترطيب الفعال ، وفهم الجوانب المختلفة للمكملات الغذائية ممكن يساعد الرياضيين على تحسين أدائهم وزيادة تمتعهم  بالتمارين الرياضية.	Maintaining a healthy energy balance, practicing effective hydration habits, and understanding the various aspects of supplementation practices can help athletes improve their performance and increase their enjoyment of the sport.	countries/eg/ar-eg/entries/fihim.yaml
flores	ar-eg	فكرة	kept	5	0	8	0.625	0.403	96.6	thought; idea; notion	بيكون تحليق الطيارات إللي بدون طيار قريب من المطار أو فوق التجمعات فكرة مش كويس خالصة دايمًا، حتى وإن كان دا قانوني في منطقتك.	Flying a drone near an airport or over a crowd is almost always a bad idea, even if it's not illegal in your area.	countries/eg/ar-eg/entries/fikra.yaml
flores	ar-eg	فلوس	kept	3	0	6	0.5	0.268	83.7	money	المسافر اللي معاه فلوس كتير ممكن يفكر أنه يلف الدنيا ويقعد في فنادق كتيرة.	A traveller with piles of money might consider a round the world flight, broken up with stays in many of these hotels.	countries/eg/ar-eg/entries/filus.yaml
flores	ar-eg	فوق	kept	8	0	24	0.333	0.224	47.8	above; on top of; restore to consciousness	اتغيرت طريقة الوصول للمعرفة والتعليم زي ما قولنا فوق، ولقينا أن المعدل الأساسي للوصول للمعرفة اتغير هو كمان.	As the ability to obtain knowledge and to learn changed in such a way as mentioned above the base rate at which knowledge was obtained changed.	countries/eg/ar-eg/entries/fo.yaml
flores	ar-eg	جاب	none	0	0	3	0	0	0	bring			countries/eg/ar-eg/entries/gab.yaml
flores	ar-eg	غالي	kept	2	0	2	1	0.549	287	expensive; dear	مكنش فيه غابات كبيرة في أرض كنعان، عشان كده الخشب كان غالي.	There were no large forests in the land of Canaan, so wood was extremely expensive.	countries/eg/ar-eg/entries/gali.yaml
flores	ar-eg	جامد	none	0	0	3	0	0	0	cool; awesome			countries/eg/ar-eg/entries/gamid.yaml
flores	ar-eg	جايز	none	0	0	1	0	0	0	maybe; perhaps			countries/eg/ar-eg/entries/gayiz.yaml
flores	ar-eg	جديد	kept	16	0	20	0.8	0.665	23	new	ستاردست هتحقق رقم قياسي جديد على الإطلاق عشان هتكون أسرع مركبة فضائية تعود إلى الأرض، وخطمت الرقم القياسي السابق اللي اتسجل في شهر مايو سنة 1969 مع عودة وحدة قيادة أبولو إكس.	Stardust will set a new all-time record for being the fastest spacecraft to return to Earth, breaking the previous record set in May of 1969 during the return of the Apollo X command module.	countries/eg/ar-eg/entries/gedid.yaml
flores	ar-eg	جه	none	0	0	11	0	0	0	come			countries/eg/ar-eg/entries/gih.yaml
flores	ar-eg	جون	kept	3	0	13	0.231	0.117	38.6	goal	الجون التاني الليلة كان رقم 60 له في الموسم ده، وبكده أصبح أول لاعب يسجل 60 جون أو أكتر في موسم واحد من موسم 1995-1996 لما نجح كل من جارومير جاجر وماريو ليميكس في الوصول للإنجاز ده.	his second goal of the night was his 60th of the season, becoming the first player to score 60 or more goals in a season since 1995-96, when Jaromir Jagr and Mario Lemieux each reached that milestone.	countries/eg/ar-eg/entries/gon.yaml
flores	ar-eg	حب	kept	2	0	2	1	0.549	287	love	جون جرانت، من دبليو إن إي دي بافالو (محطة ريدينج رينبو) قال: "عرفت ريدينج رينبو ليه الأطفال بيقرأوا، ... حب القراءة - شجع [البرنامج] الأطفال إ‘نهم يدورا على كتاب ويقروه."	John Grant, from WNED Buffalo (Reading Rainbow's home station) said "Reading Rainbow taught kids why to read,... the love of reading — [the show] encouraged kids to pick up a book and to read."	countries/eg/ar-eg/entries/habb.yaml
flores	ar-eg	حاجة	none	7	0	32	0.219	0.14	11.9	thing; something	لما اتسألت عن اللي قالوا الأب، ردت: "معرفش يقول حاجة ووقف بس يرمش بعينه ".	When asked what the father said, she answered "He couldn't say a thing - he just stood there blinking."	countries/eg/ar-eg/entries/haga.yaml
flores	ar-eg	حلو	none	0	0	1	0	0	0	sweet; nice; good; pretty; handsome; good looking			countries/eg/ar-eg/entries/helw.yaml
flores	ar-eg	هنا	kept	8	0	10	0.8	0.602	160.7	here; congratulate	يعيش ألفين موظف هنا في الصيف في 48 قاعدة تقريبا معظمهم في المناطق دي، وفيه عدد قليل بيخليه للشتاء.	A couple of thousand staff live here in summer in some four dozen bases mostly in those areas; a small number stay over winter.	countries/eg/ar-eg/entries/hina.yaml
flores	ar-eg	هناك	kept	10	0	12	0.833	0.658	16.7	there	الغواصات هي سفن اتصممت عشان تسافر تحت الماء، والبقاء هناك لفترة طويلة من الزمن.	Submarines are ships designed to travel underwater, and remain there for an extended amount of time.	countries/eg/ar-eg/entries/hinak.yaml
flores	ar-eg	إدى	none	0	0	10	0	0	0	give; hand; pass; produce; yield			countries/eg/ar-eg/entries/idda.yaml
flores	ar-eg	احتاج	none	0	0	2	0	0	0	need; in need			countries/eg/ar-eg/entries/ihtag.yaml
flores	ar-eg	علاقة	none	1	0	10	0.1	0.03	14.4	connection; relation; relationship; coat hanger	الدراسة أن الاكتئاب، والخوف والكوارث بيتوسطوا العلاقة بين الألم والعجز عند اللي بيعانوا من آلام أسفل الظهر.	The study found that depression, fear and catastrophising mediated the relationship between pain and disability in lower back pain sufferers.	countries/eg/ar-eg/entries/ilaqa.yaml
flores	ar-eg	النهارده	kept	21	0	24	0.875	0.764	56.7	today	لاعبنا للنهارده أليكس أوفيتشكين وهو واحد من لاعبي فريق واشنطن كابيتالز.	Today's Player of the Day is Alex Ovechkin of the Washington Capitals.	countries/eg/ar-eg/entries/ilnaharda.yaml
flores	ar-eg	امبارح	kept	6	0	7	0.857	0.622	287	yesterday	طائرة توين أوتر بتحاول تهبط في كوكودا من إمبارح كرحلة برقم CG4684 على خطوط طيران PNG، بس العملية اتوقفت مرة فعلاً.	The Twin Otter had been trying to land at Kokoda yesterday as Airlines PNG Flight CG4684, but had aborted once already.	countries/eg/ar-eg/entries/imbarih.yaml
flores	ar-eg	عرف	none	0	0	3	0	0	0	know; recognize; distinguish; discover; find out; show consideration for			countries/eg/ar-eg/entries/irif.yaml
flores	ar-eg	اشتغل	kept	3	0	3	1	0.646	40.2	work	في ستينيات القرن الماضي، اشتغل بريجنسكي مستشار لجون إف كينيدي وبعد كده اشتغل في إدارة ليندون جونسون.	Throughout 1960s, Brzezinski worked for John F. Kennedy as his advisor and then the Lyndon B. Johnson administration.	countries/eg/ar-eg/entries/istagal.yaml
flores	ar-eg	اتكلم	none	0	0	2	0	0	0	speak			countries/eg/ar-eg/entries/itkallim.yaml
flores	ar-eg	ازاي	kept	5	0	7	0.714	0.472	71.8	how	فيه نظريات كتير حواليتم إزاي ظهرت اللغة السنسكريتية، أواحدة منها بترجع لهجرة الآرييون من الغرب إلى الهند اللي جابوا لغتهم معاهم.	There are many theories to how Sanskrit came into existence. One of them is about an Aryan migration from the west into India who brought their language with them.	countries/eg/ar-eg/entries/izzay.yaml
flores	ar-eg	خد	none	0	0	5	0	0	0	take; learn; cheek			countries/eg/ar-eg/entries/kad.yaml
flores	ar-eg	كام	none	0	0	1	0	0	0	how much; how many			countries/eg/ar-eg/entries/kam.yaml
flores	ar-eg	كمان	none	8	0	93	0.086	0.056	2.4	too; in addition; even	الفوتونات أصغر كمان من مكونات الذرات!	Photons are even smaller than the stuff that makes up atoms!	countries/eg/ar-eg/entries/kaman.yaml
flores	ar-eg	كم	none	0	0	15	0	0	0	quantity; multitude; quantum; sleeve			countries/eg/ar-eg/entries/kamm.yaml
flores	ar-eg	خرج	none	0	0	1	0	0	0	go out; exit			countries/eg/ar-eg/entries/karag.yaml
flores	ar-eg	خالص	none	0	0	32	0	0	0	lot; at all			countries/eg/ar-eg/entries/khalis.yaml
flores	ar-eg	كبير	none	12	0	63	0.19	0.135	6	big; large; old; adult; grown up	نجحت مدارس أتلانتا في وقت الجايزة إنها تعمل تحسين كبير في النتائج بتاع الامتحانات.	At the time of the award, Atlanta schools had seen a large improvement on test scores.	countries/eg/ar-eg/entries/kibir.yaml
flores	ar-eg	كفاية	kept	4	0	5	0.8	0.514	94.5	enough	لو زرت غرينلاند في المواسم الباردة (مع العلم إنه كل ما بتروح ناحية الشمال الجو هيكون أبرد)، ضروري تجيب هدوم دافية كفاية.	If you visit Greenland during cold seasons (considering that the further north you go, the colder it will be), it is essential to bring warm enough clothing.	countries/eg/ar-eg/entries/kifaya.yaml
flores	ar-eg	كلمة	kept	8	0	8	1	0.83	111.6	word	ايه هي الخلية؟ كلمة الخلية جاية من الكلمة اللاتينية "cella"، ومعناها "الغرفة الصغيرة"، واتصاغ المصطلح لأول مرة عن طريق عالم مجهر كان بيراقب هيكل الفلين.	What is a cell? The word cell comes from the Latin word "cella", meaning "small room", and it was first coined by a microscopist observing the structure of cork.	countries/eg/ar-eg/entries/kilma.yaml
flores	ar-eg	كلة	none	0	0	7	0	0	0	glue			countries/eg/ar-eg/entries/kolla.yaml
flores	ar-eg	كل	kept	42	0	110	0.382	0.325	8.5	all	حواف الصدوع لقوها في كل حتة من القمر وباين أنها اتأثرت بالعوامل الجوية بأقل مستوى، ودا بيدل أن اللي اتسبب فيها من أحداث جيولوجية حديثة إلى حد كبير.	These scarps were found all over the moon and appear to be minimally weathered, indicating that the geologic events that created them were fairly recent.	countries/eg/ar-eg/entries/kull.yaml
flores	ar-eg	كويس	kept	8	0	12	0.667	0.482	19.1	good; well	مثلاً الأطفال اللي بينتموا إلى أقلية عرقية اتقال عليها أنها مبتحققش نتايج كويس في المدرسة بيبقى أداءهم برده ضعيف في المدارس بمجرد ما يعرفوا الصورة المعتادة المرتبطة بالعرق بتاعهم.	For instance, children who identify with a racial minority that is stereotyped as not doing well in school tend to not do well in school once they learn about the stereotype associated with their race.	countries/eg/ar-eg/entries/kuwayyis.yaml
flores	ar-eg	لم	none	0	0	2	0	0	0	collect; gather			countries/eg/ar-eg/entries/lamm.yaml
flores	ar-eg	ليه	kept	4	0	31	0.129	0.07	51.8	why	جون جرانت، من دبليو إن إي دي بافالو (محطة ريدينج رينبو) قال: "عرفت ريدينج رينبو ليه الأطفال بيقرأوا، ... حب القراءة - شجع [البرنامج] الأطفال إ‘نهم يدورا على كتاب ويقروه."	John Grant, from WNED Buffalo (Reading Rainbow's home station) said "Reading Rainbow taught kids why to read,... the love of reading — [the show] encouraged kids to pick up a book and to read."	countries/eg/ar-eg/entries/le.yaml
flores	ar-eg	لسه	kept	19	0	29	0.655	0.536	34.6	still; yet	بعد الظهر يوم الأربع، كانت فتحات الخزانات لسه بتسرب في الغالب عشان التمدد الحراري اللي موجود جوه الخزان.	As of Wednesday afternoon, the tank vents were still leaking probably from thermal expansion inside the tank.	countries/eg/ar-eg/entries/lissa-2.yaml
flores	ar-eg	اللي	none	197	48	600	0.328	0.304	1.2	who; whom; which; that; what	بعض الناس ومنهم، جون جرانت شايف إن أزمة التمويل والتحول اللي في فلسفة البرامج التلفزيونية التعليمية أدت أن البرنامج لازم ينتهي.	It is believed by some, including John Grant, that both the funding crunch and a shift in the philosophy of educational television programming contributed to ending the series.	countries/eg/ar-eg/entries/lli.yaml
flores	ar-eg	ما	none	17	16	186	0.091	0.068	0.5	what's the matter with; what's with; what has it to do with; that	بعد ما عرفنا أن عائلات كتيرة كانت منتظرة معونة من الحكومة علشان تتعامل مع تهجيره الإخلاء، فيه اجتماع اتعمل في 20 مارس في مركز اسمه إيست باي القانوني المجتمعي علشان يتكلموا عن ضحايا عمليات النصب في الإسكان.	After it became apparent that many families were seeking legal help to fight the evictions, a meeting was held on March 20 at the East Bay Community Law Center for the victims of the housing scam.	countries/eg/ar-eg/entries/ma.yaml
flores	ar-eg	معرفش	none	1	0	3	0.333	0.106	669.7	i don't know	معرفش إنك عارف الموضوع ده ولا لا، بس معظم البضائع اللي بتيجي من أمريكا الوسطى بتدخل للبلد دي بدون ضرايب.	I don't know if you realize it or not, but most of the goods from Central America came into this country duty-free.	countries/eg/ar-eg/entries/ma3rafsh.yaml
flores	ar-eg	مكتب	kept	8	0	12	0.667	0.482	58.2	desk; office; bureau; study	القضية دي بدأت في أول يناير، عشان بدأ عشرات من السكان المحليين يقدموا شكاوي إلى مكتب بريد أوبانازاوا مخدوش بطاقات السنة الجديدة التقليدية والمعتادة.	The issue started on January 1st when dozens of local residents started complaining to the Obanazawa Post Office that they hadn't received their traditional and regular New Year cards.	countries/eg/ar-eg/entries/maktab.yaml
flores	ar-eg	مرة	kept	10	3	24	0.417	0.297	8.1	time; once	والتصريحات دي، اللي جت على التلفزيون، هي المرة الأولى اللي اعترفت فيها مصادر إيرانية كبيرة أن العقوبات ليها تأثير	The comments, live on television, were the first time that senior Iranian sources have admitted that the sanctions are having any effect.	countries/eg/ar-eg/entries/marra.yaml
flores	ar-eg	مشى	kept	7	0	14	0.5	0.338	38.6	walk; leave	بيتظن أن الطائر الجارح ده اللي ليه ريش كامل ودم حار مشي في وضع عمودي على ساقين ليهم مخالب زي الفيلوسيرابتور.	This fully feathered, warm blooded bird of prey was believed to have walked upright on two legs with claws like the Velociraptor.	countries/eg/ar-eg/entries/masa.yaml
flores	ar-eg	ماشي	none	0	0	3	0	0	0	okay; alright			countries/eg/ar-eg/entries/mashi.yaml
flores	ar-eg	مات	none	0	0	10	0	0	0	die			countries/eg/ar-eg/entries/mat.yaml
flores	ar-eg	مية	kept	23	0	44	0.523	0.427	26.3	water	أوقات كتير السمك بيموت فيه عشان في سموم كتير في الميه.	Fish often die because of the high concentrations of the toxin in the waters.	countries/eg/ar-eg/entries/mayya.yaml
flores	ar-eg	من	none	229	0	760	0.301	0.28	1.9	than; from; ago; since	في يوم الاتنين، علماء من كلية الطب بجامعة ستانفورد قالوا أنهم اخترعوا أداة تشخيصية جديدة ممكن تصنيف الخلايا حسب النوع: شريحة صغيرة ممكن تطبع وممكن تتصنع باستخدام طابعات نفاثة للحبر قياسية مقابل سنت أمريكي واحد لكل واحدة فيهم.	On Monday, scientists from the Stanford University School of Medicine announced the invention of a new diagnostic tool that can sort cells by type: a tiny printable chip that can be manufactured using standard inkjet printers for possibly about one U.S. cent each.	countries/eg/ar-eg/entries/min-2.yaml
flores	ar-eg	مين	none	0	0	2	0	0	0	who			countries/eg/ar-eg/entries/min.yaml
flores	ar-eg	مشكلة	kept	9	0	13	0.692	0.515	66.2	problem	رغم كده، فهي مشكلة صعب تتحل وهتاخد سنين طويلة قبل ما نشوف بناء مفاعلات اندماج ليها فايدة.	This, however, is a very hard problem to solve and will take many years before we see useful fusion reactors built.	countries/eg/ar-eg/entries/muskila.yaml
flores	ar-eg	نعم	none	1	0	1	1	0.378	2009	yes; response to being called by one's name	نعم! الملك توت عنخ آمون، اللي بياخد أحيانا لقب "الملك توت" أو "الملك الصبي"، واحد من أكتر الملوك المصريين القدماء اللي مشهورين في العصر الحديث.	Yes! King Tutankhamun, sometimes referred to as "King Tut" or "The Boy King", is one of the most well known ancient Egyptian kings in modern times.	countries/eg/ar-eg/entries/na-am.yaml
flores	ar-eg	نوع	kept	12	0	19	0.632	0.485	45.3	type; kind; variety	في يوم الاتنين، علماء من كلية الطب بجامعة ستانفورد قالوا أنهم اخترعوا أداة تشخيصية جديدة ممكن تصنيف الخلايا حسب النوع: شريحة صغيرة ممكن تطبع وممكن تتصنع باستخدام طابعات نفاثة للحبر قياسية مقابل سنت أمريكي واحد لكل واحدة فيهم.	On Monday, scientists from the Stanford University School of Medicine announced the invention of a new diagnostic tool that can sort cells by type: a tiny printable chip that can be manufactured using standard inkjet printers for possibly about one U.S. cent each.	countries/eg/ar-eg/entries/nu.yaml
flores	ar-eg	أوتوبيس	none	1	0	1	1	0.378	167.4	bus	الساعة واحدة وربع وجه الصبح يوم السبت، حسب شهود ، كان الأوتوبيس بيعدي من اشارة خضرة لما العربية عملت لفة قدامه .	At 1:15 a.m. Saturday, according to witnesses, the bus was going through a green light when the car made a turn in front of it.	countries/eg/ar-eg/entries/otubis.yaml
flores	ar-eg	قوي	none	4	0	20	0.2	0.11	7.6	strong; very	الترايسراتوبس كان ممكن يستعمل منقاره القوي عشان يشيل ورق الشجر قبل ما ياكل الجذع.	A Triceratops could have used its strong beak to strip off the leaves before eating the trunk.	countries/eg/ar-eg/entries/qawi.yaml
flores	ar-eg	راجل	none	1	0	2	0.5	0.164	37.2	man; guy; woman's husband; woman's man; king	من سنين كتير، راجل اسمه أرسطرخس قال أن النظام الشمسي يدور حول الشمس.	Thousands of years ago, a man called Aristarchus said that the Solar System moved around the Sun.	countries/eg/ar-eg/entries/ragil.yaml
flores	ar-eg	راح	none	0	0	5	0	0	0	leave			countries/eg/ar-eg/entries/rah.yaml
flores	ar-eg	رقم	kept	7	0	17	0.412	0.273	28.5	digit; number; phone number	مش شرط يكون عندك رقم محلي في المجتمع اللى بتعيش فيه. ممكن تعمل اتصال بالإنترنت عن طريق الأقمار الصناعية  في براري تشيكن ، ألاسكا، وتختار رقم يبين أنك في أريزونا المشمسة.	There is also no requirement that you obtain a local number from the community in which you live; you can obtain a satellite Internet connection in the wilds of Chicken, Alaska and select a number which claims you're in sunny Arizona.	countries/eg/ar-eg/entries/raqam.yaml
flores	ar-eg	رجل	none	0	0	11	0	0	0	foot; leg			countries/eg/ar-eg/entries/rigl.yaml
flores	ar-eg	رخيص	none	1	0	1	1	0.378	669.7	cheap	رغم كده، دا مش بييجي بثمن رخيص: زي قواعد الإبهام الصارمة، ممكن تتوقع أنك تدفع حوالي أربعة أضعاف الأجرة الاقتصادية العادية للأعمال التجارية، وأحداشر ضعف للدرجة الأولى!	However, this does not come cheap: as rough rules of thumb, you can expect to pay up to four times the normal economy fare for business, and eleven times for first class!	countries/eg/ar-eg/entries/rixis.yaml
flores	ar-eg	ساعة	kept	18	2	38	0.474	0.373	7.9	hour; clock; watch; time	طيارة جاس-39غربين اتحطمت على مدرج الساعة 9:30 الصبح تقريبًا بالتوقيت المحلي (0230 التوقيت العالمي الموحد) وانفجرت، ودا اتسبب أنهم يقفلوا المطار قدام الرحلات الجوية التجارية.	The JAS 39C Gripen crashed onto a runway at around 9:30 am local time (0230 UTC) and exploded, closing the airport to commercial flights.	countries/eg/ar-eg/entries/sa-a.yaml
flores	ar-eg	ساعات	none	2	0	10	0.2	0.086	25.1	sometimes	صعب تلاقى حيوانات غريبة كتير، وساعات الجناين العامة بتحط قواعد عشان التصوير لأسباب تجارية.	Many exotic animals are hard to find, and parks sometimes have rules about taking photographs for commercial purposes.	countries/eg/ar-eg/entries/sa-at.yaml
flores	ar-eg	ساقع	none	1	0	1	1	0.378	334.8	cold	الجو الساقع ممكن يكون الخطر الحقيقي الوحيد اللي هيقابله الناس اللي مش مستعدين ليه.	Cold weather is perhaps the only real danger the unprepared will face.	countries/eg/ar-eg/entries/sa-i.yaml
flores	ar-eg	صعب	kept	9	0	15	0.6	0.436	75.3	difficult; hard	رغم كده، فهي مشكلة صعب تتحل وهتاخد سنين طويلة قبل ما نشوف بناء مفاعلات اندماج ليها فايدة.	This, however, is a very hard problem to solve and will take many years before we see useful fusion reactors built.	countries/eg/ar-eg/entries/sa3b.yaml
flores	ar-eg	ساب	none	0	0	4	0	0	0	allow; permit; leave; cause; result in; bequeath			countries/eg/ar-eg/entries/sab.yaml
flores	ar-eg	شاف	none	0	0	3	0	0	0	see			countries/eg/ar-eg/entries/saf.yaml
flores	ar-eg	سهل	kept	9	0	14	0.643	0.472	80.7	facilitate; easy; convenient	حتى لو كنت واقف وسط آثار قديمة عمرها ألف سنة، سهل أن يجي في بالك أصوات وروايح المعارك اللي انتهت من مدة طويلة، وبتسمع تقريبًا صوت حوافر الخيل على الحصى وتشم رائحة الخوف اللي بيطلع من الزنازين.	Even standing amidst thousand year-old ruins it is easy to bring to mind the sounds and smells of battles long gone, to almost hear the clatter of hooves on the cobbles and to smell the fear rising from the dungeon pits.	countries/eg/ar-eg/entries/sahhil.yaml
flores	ar-eg	سنة	kept	51	0	142	0.359	0.309	7.7	year; tooth; sunna; bit; little	في يوم أربعة وعشرين سبتمبر 1759، آرثر غينيس وقع على عقد إيجار مدته 9000 سنة لمصنع الخمور سانت جيمس جيت في دبلن بأيرلندا.	On September 24, 1759, Arthur Guinness signed a 9,000 year lease for the St James' Gate Brewery in Dublin, Ireland.	countries/eg/ar-eg/entries/sana.yaml
flores	ar-eg	سريع	none	0	0	5	0	0	0	fast; quick			countries/eg/ar-eg/entries/sari3.yaml
flores	ar-eg	شارع	kept	3	0	5	0.6	0.33	133.9	street	في سنة 2010 و بنك نورذرن روك بلك الحالي الموجود في الشارع الرئيسي تم فصله عن باد بنك، نورذن روك (إدارة الأصول).	In 2010, while nationalised, the current high street bank Northern Rock plc was split from the ‘bad bank’, Northern Rock (Asset Management).	countries/eg/ar-eg/entries/share3.yaml
flores	ar-eg	شغل	kept	3	0	4	0.75	0.433	26	work; job	بعد ما عدا أكتر من مية ساعة شغل، اتحرق الفتيل اللي في اللمبة في الآخر، واللمبة الكهربية مش بتشتغل بعد كده.	After hundreds of hours of operation the filament in the bulb eventually burns out and the light bulb no longer works.	countries/eg/ar-eg/entries/shoghl.yaml
flores	ar-eg	شرب	kept	2	0	2	1	0.549	223.2	drink; gross clods of earth on the field after ploughing	خيارات مبنية على  -الايقاع البيولوجي بتتضمن شرب كتير من السوايل  (بالذات مية أو شاي، مدر بول معروف) قبل النوم، الواحد بينجبر يقوم يتبول.	Other biorhythm-based options involve drinking lots of fluid (particularly water or tea, a known diuretic) prior to sleep, forcing one to get up to urinate.	countries/eg/ar-eg/entries/sirib.yaml
flores	ar-eg	ست	none	0	0	3	0	0	0	woman; mrs; miss; lady			countries/eg/ar-eg/entries/sitt.yaml
flores	ar-eg	سخن	none	1	0	1	1	0.378	223.2	hot	متخليش القماش يبقى سخن أكثر من اللازم (لأن دا ممكن يخليه ينكمش أو يتحرق في أسوأ الحالات).	Be careful not to allow fabric to become too hot (which can cause shrinkage, or in extreme cases, scorch).	countries/eg/ar-eg/entries/sokhn.yaml
flores	ar-eg	صغير	kept	4	0	8	0.5	0.294	29.5	small; young	لما الجزرفتح فجوة على طول نهرميستيك على طول الجانب الشمالي الشرقي من شبه الجزيرة ، قاموا بسرعة بتوسيع السور بجدار حجري قصير إلى الشمال بينتهي عند حافة الميه على شاطئ صغير.	When low tide opened a gap along the Mystic River along the northeast of the peninsula, they quickly extended the fence with a short stone wall to the north ending at the water's edge on a small beach.	countries/eg/ar-eg/entries/sugayyar.yaml
flores	ar-eg	شكرا	none	1	0	1	1	0.378	1004.5	thanks	سيريبورن قال في المؤتمر الصحفي: "شكرًا لكل شخص دعم الناس المدانة إللي زي حالتي".	"Thanks for those who supported a convict like me," Siriporn was quoted as saying at a press conference.	countries/eg/ar-eg/entries/sukran.yaml
flores	ar-eg	شوية	none	2	0	23	0.087	0.037	13.4	little	عشان تعمل رحلة نهارية على طول طريق سهل دا بتحتاج شوية استعدادات قليلة، ويمكن لأي شخص عنده لياقة بشكل معتدل أنه يستمتع بيها.	For a day hike along an easy trail little preparations are needed, and any moderately fit person can enjoy them.	countries/eg/ar-eg/entries/suwayya.yaml
flores	ar-eg	طبعا	none	1	0	1	1	0.378	334.8	of course	عناصر زي الكالسيوم والبوتاسيوم بتعتبر معادن. طبعاً ، فيه برضه معادن تانية زي الفضة والذهب.	Elements like calcium and potassium are considered metals. Of course, there are also metals like silver and gold.	countries/eg/ar-eg/entries/tab3an.yaml
flores	ar-eg	تحت	kept	11	0	23	0.478	0.351	17.2	down; downstairs; below; under	لغاية دلوقتي ماملوش منطقة ملء فرعية تانية تحت الخزانات إللي قدرت استيعابها قال 104,500 برميلٍ.	Another secondary containment area below the tanks capable of holding 104,500 barrels was not yet filled to capacity.	countries/eg/ar-eg/entries/taht.yaml
flores	ar-eg	تمام	none	0	0	1	0	0	0	fine; all good			countries/eg/ar-eg/entries/tamam.yaml
flores	ar-eg	طريق	none	7	0	81	0.086	0.054	2.9	way; road	برغم أن خروتشوف بعت دبابات عشان يرجع النظام في النهاية، لكنه ساب طريق عشان يلبي بعض الحاجات الاقتصادية المطلوبة، ووافق على تعيين فلاديسلاف جومولكا اللى عنده شعبية رئيس وزراء.	Although in the end, Krushchev sent in tanks to restore order, he did give way to some economic demands and agreed to appoint the popular Wladyslaw Gomulka as the new prime minister.	countries/eg/ar-eg/entries/tari.yaml
flores	ar-eg	طويل	kept	6	0	7	0.857	0.622	57.4	tall; long	لوكسمبورغ عندها تاريخ طويل ولكنها استقلت سنة 1839.	Luxembourg has a long history but its independence dates from 1839.	countries/eg/ar-eg/entries/tawil.yaml
flores	ar-eg	طفل	kept	5	0	5	1	0.753	287	child	الأطفال دي بيبقى اسمهم "المتوحش" أو البري. تمّ حبس بعض الأطفال الضالين من قبل أشخاص (في العادي والديهم)؛ في بعض الحالات،كانوا بيتخلوا عن الطفل عشان رفض الوالدين لإعاقة الطّفل العقليّة أو الجسديّة الشديدة.	Such children are called "feral" or wild. Some feral children have been confined by people (usually their own parents); in some cases this child abandonment was due to the parents' rejection of a child's severe intellectual or physical impairment.	countries/eg/ar-eg/entries/tifl.yaml
flores	ar-eg	وقت	kept	30	2	81	0.37	0.305	8.1	time	هسيه لمح والانتخابات شغالة إنه ممكن يهرب من البلاد وقت ظهور الأزمات.	Hsieh implied during the election that Ma might flee the country during a time of crisis.	countries/eg/ar-eg/entries/wa-t.yaml
flores	ar-eg	واحد	kept	37	0	62	0.597	0.515	8.1	one; someone; person; guy; man	في يوم الاتنين، علماء من كلية الطب بجامعة ستانفورد قالوا أنهم اخترعوا أداة تشخيصية جديدة ممكن تصنيف الخلايا حسب النوع: شريحة صغيرة ممكن تطبع وممكن تتصنع باستخدام طابعات نفاثة للحبر قياسية مقابل سنت أمريكي واحد لكل واحدة فيهم.	On Monday, scientists from the Stanford University School of Medicine announced the invention of a new diagnostic tool that can sort cells by type: a tiny printable chip that can be manufactured using standard inkjet printers for possibly about one U.S. cent each.	countries/eg/ar-eg/entries/wahid.yaml
flores	ar-eg	ولا	none	1	0	8	0.125	0.038	125.6	nor; neither	على سبيل المثال، مكنش عندهم درة ولا طماطم ولا بطاطس ولا حتى كاكاو والرومانين القدامى مكلوش الديك الرومي.	For instance, they didn't have corn, nor tomatoes, nor potatoes, nor cocoa, and no ancient Roman ever tasted a turkey.	countries/eg/ar-eg/entries/walla.yaml
flores	ar-eg	وحش	none	0	0	1	0	0	0	bad; monster; miss; cause longing			countries/eg/ar-eg/entries/wihis.yaml
flores	ar-eg	يا	none	0	0	2	0	0	0	vocative particle; rarely omitted; either			countries/eg/ar-eg/entries/ya.yaml
flores	ar-eg	يلا	none	0	0	1	0	0	0	let's go; come on			countries/eg/ar-eg/entries/yalla.yaml
flores	ar-eg	يمكن	none	0	0	14	0	0	0	maybe			countries/eg/ar-eg/entries/yimkin.yaml
flores	ar-eg	يوم	kept	21	0	62	0.339	0.267	15.5	day	شركة إدارة الفرقة "HK Management Inc." موضحتش سبب أولي عشان الإلغاء في يوم 20 من سبتمبر، لكنها لامت الأسباب اللوجستية اليوم اللي بعد كده.	The band's management company, HK Management Inc., gave no initial reason when they canceled on September 20, but blamed logistical reasons by the next day.	countries/eg/ar-eg/entries/yum.yaml
flores	ar-levantine	عقد	none	0	0	3	0	0	0	complicate; great; very good; stunning			languages/ar-levantine/entries/a-ad.yaml
flores	ar-levantine	أبداً	kept	8	0	14	0.571	0.403	143.5	never; not at all	بحسب القصة، كان هدفه الشهرة بأي ثمن. أعلن الأفسسيين الغاضبين أن اسم هيروستراتوس ما رح يتسجل أبدًا.	According to the story, his motivation was fame at any cost. The Ephesians, outraged, announced that Herostratus' name never be recorded.	languages/ar-levantine/entries/abadan.yaml
flores	ar-levantine	أب	none	0	0	6	0	0	0	father			languages/ar-levantine/entries/abb.yaml
flores	ar-levantine	قبل	kept	73	0	164	0.445	0.396	24.2	before; prior to	وبقولوا خبرا الأرصاد إنّو العاصفة، يلّي موجودة على بعد حوالي 645 ميل أي 1040 كم غرب جزر الراس الأخضر، من المرجح أنّو تتبدد قبل ما تهدد أي مناطق برية.	The storm, situated about 645 miles (1040 km) west of the Cape Verde islands, is likely to dissipate before threatening any land areas, forecasters say.	languages/ar-levantine/entries/abl.yaml
flores	ar-levantine	أبو	none	0	0	8	0	0	0	forms a kunya for etymology 1; noun sense 1; forms nicknames from a characteristic trait; somewhat like mister; wow; oh my			languages/ar-levantine/entries/abu.yaml
flores	ar-levantine	قديش	none	0	0	2	0	0	0	how much; how many			languages/ar-levantine/entries/addeish.yaml
flores	ar-levantine	قديم	kept	6	0	12	0.5	0.327	45.7	old	ممكن يكون المكان عبارة عن مبنى تاريخي قديم مع أثاثات عتيقة وأراضي مشذبة وحوض سباحة.	The setting might be an historic old building with antique furnishings, manicured grounds and a swimming pool.	languages/ar-levantine/entries/adim.yaml
flores	ar-levantine	قهوة	kept	10	0	10	1	0.859	287	coffee; cafe; coffee shop; coffeehouse	القهوة هي من أكتر السلع تداولا بالعالم، وأكيد رح تلاقي عدة أنواع بمنطقتك.	Coffee is one of the world's most traded commodities, and you can probably find many types in your home region.	languages/ar-levantine/entries/ahwe.yaml
flores	ar-levantine	أكل	kept	5	0	40	0.125	0.072	31.4	eat	بيقدر ترايسيراتوبس يستعمل منقاره القوي لشيل الورق قبل أكل الجذع.	A Triceratops could have used its strong beak to strip off the leaves before eating the trunk.	languages/ar-levantine/entries/akal.yaml
flores	ar-levantine	أخد	none	1	0	22	0.045	0.014	2.7	take	ومع هيك، لازم أخد النصيحة من السلطات، والامتثال لكل الإشارات، وعطي اهتمام كبير للتحذيرات المتعلقة بالسلامة.	Still, take advice from authorities, obey all signs, and pay close attention to safety warnings.	languages/ar-levantine/entries/akhad.yaml
flores	ar-levantine	قال	none	6	1	81	0.074	0.045	4.1	say; tell; say to oneself; say in one's head; figure; intend	رفض روبرتس رفض قاطع إنو يقول أيمتى بيعتقد إنو الحياة بتبلش، وهو سؤال مهم عند التفكير بأخلاقيات الإجهاض، وقال إنو رح يكون من غير الأخلاقي التعليق على تفاصيل الحالات المحتملة.	Roberts flatly refused to say about when he believes life begins, an important question when considering the ethics of abortion, saying that it would be unethical to comment on the specifics of likely cases.	languages/ar-levantine/entries/al.yaml
flores	ar-levantine	على	none	49	1	999	0.049	0.041	1.3	upon; onto; with a hint of; about	تحطمت الطيارة JAS 39C Gripen وانفجرت على المدرج بحوالي الساعة 9:30 الصباح بالتوقيت المحلي و02:30 بالتوقيت العالمي، يلّي أدى لتسكير المطار للرحلات التجارية.	The JAS 39C Gripen crashed onto a runway at around 9:30 am local time (0230 UTC) and exploded, closing the airport to commercial flights.	languages/ar-levantine/entries/ala.yaml
flores	ar-levantine	عالم	kept	92	0	110	0.836	0.786	10.4	world; people; folk	بحزيران وآب من العام الجاري رح تكون جنوب شرق أوروبا أول مدينة بتستضيف CowParade يلّي هو أكبر حدث فني عام بالعالم.	The city will be the first in southeastern Europe to host CowParade, the world's largest public art event, between June and August this year.	languages/ar-levantine/entries/alam.yaml
flores	ar-levantine	عمى	kept	6	0	6	1	0.785	502.3	blind; blindness	ممكن تشمل الأحداث الصحية طويلة المدى المحتملة من الإفراط بشرب الكحول تلف بالكبد وحتى العمى والموت. بيزيد الخطر المحتمل لما تشربو الكحول المنتج بطريقة غير شرعية.	Possible long term health events from excessive drinking can include liver damage and even blindness and death. The potential danger is increased when consuming illegally produced alcohol.	languages/ar-levantine/entries/ama.yaml
flores	ar-levantine	آمن	none	0	0	9	0	0	0	believe; have faith			languages/ar-levantine/entries/aman.yaml
flores	ar-levantine	عم	none	1	0	122	0.008	0.002	16.5	paternal uncle; term of address to an older person; stranger	مثلاً، إذا شفت شخص عم يكسر شبّاك سيارة، فمن المحتمل أن تفترض أنه كان عم يجرِّب يسرق سيارة شخص غريب.	For example, if you were to see someone breaking a car window, you would probably assume he was trying to steal a stranger’s car.	languages/ar-levantine/entries/amm.yaml
flores	ar-levantine	أما	none	0	0	12	0	0	0	what; such; how			languages/ar-levantine/entries/amma.yaml
flores	ar-levantine	عن	none	16	0	332	0.048	0.035	4.2	away from; out of; on behalf of	كشف ستيف جوبز، الرئيس التنفيذي لشركة آبل ، عن الجهاز بس طلع عالمسرح وطلَّع iPhone من جيب الجينز تبعه.	Apple CEO Steve Jobs unveiled the device by walking onto the stage and taking the iPhone out of his jeans pocket.	languages/ar-levantine/entries/an.yaml
flores	ar-levantine	عنجد	none	1	0	2	0.5	0.164	251.1	really; seriously	لما طلبوا منه تعليق، ميلر حكى، "مايك بحكي كثير في جلسة الاستماع...أنا كنت بتجهز عشان ما كنت بسمع عنجد شو كان بحكي."	When asked for comment, Miller said, "Mike talks a lot during the hearing...I was getting ready so I wasn't really hearing what he was saying."	languages/ar-levantine/entries/anjad.yaml
flores	ar-levantine	قريب	kept	18	0	21	0.857	0.733	59.4	near; close	انقطاع الكهرباء بعد ما اختبار عادي لنظام قيادة-الحرايق خلى صمامات التنفيس تنفتح والنفط الخام فاض قريب من محطة الضخ 9 في فورت جريلي.	A power failure following a routine fire-command system test caused relief valves to open and crude oil overflowed near the Fort Greely pump station 9.	languages/ar-levantine/entries/arib.yaml
flores	ar-levantine	آسف	none	0	0	4	0	0	0	sorry; i'm sorry			languages/ar-levantine/entries/asif.yaml
flores	ar-levantine	عطى	none	0	0	2	0	0	0	give			languages/ar-levantine/entries/ata.yaml
flores	ar-levantine	عين	kept	6	0	14	0.429	0.276	107.6	eye; evil eye; spring; eyeball	من ليلة 9 آب، كانت عين موراكوت على بعد سبعين كيلومتر تقريباً من مقاطعة فوجيان الصينية.	As of the night of August 9, the eye of Morakot was about seventy kilometres away from the Chinese province of Fujian.	languages/ar-levantine/entries/ayn.yaml
flores	ar-levantine	بعيد	kept	4	0	19	0.211	0.116	26.4	far	بيبلغ سمك القشرة 70 كيلومتر تقريباً من الميلة القريبة و100 كيلومتر من الميلة البعيد.	The crust is about 70 km thick on the near side and 100 km thick on the far side.	languages/ar-levantine/entries/b-id.yaml
flores	ar-levantine	بسرعة	kept	14	0	28	0.5	0.382	125.6	quickly; hurry up	لما فتح المد المنخفض حفرة على طول نهر المستيك بالشمال الشرقي من شبه الجزيرة ، بسرعة وسعوا السياج بجدار حجري قصير للشمال بيخلص عند حافة المي على شط صغير.	When low tide opened a gap along the Mystic River along the northeast of the peninsula, they quickly extended the fence with a short stone wall to the north ending at the water's edge on a small beach.	languages/ar-levantine/entries/b-sir-a.yaml
flores	ar-levantine	بعد	kept	145	1	257	0.564	0.524	11.2	after; still	بعد الساعة 11:00 بشوي، قطع المتظاهرين السير بالعربية المتجهة للشمال بوايتهول.	Just after 11:00, protesters blocked traffic on the northbound carriage in Whitehall.	languages/ar-levantine/entries/ba-d.yaml
flores	ar-levantine	بعدين	kept	32	0	32	1	0.951	37.2	later; afterwards; then; not to mention; and another thing	تمت معالجته دغري من قبل الطاقم الطبي بالطريقة الصحيحة وتم نقله لمستشفى المحل يلّي بعدين مات في.	He was immediately attended to by the on-track medical staff and transported to a local hospital where he later died.	languages/ar-levantine/entries/ba-den.yaml
flores	ar-levantine	بابا	none	0	0	4	0	0	0	dad			languages/ar-levantine/entries/baba.yaml
flores	ar-levantine	بحر	kept	24	0	41	0.585	0.485	28	ocean; sea; lot	كانت الأهداف الرئيسية لإيطاليا هي الدول الأفريقية. للاستيلاء على هيدي البلدان، كانوا بحاجة لقاعدة إطلاق للقوات، كرمال تقدر القوات تبحر عبر البحر الأبيض المتوسط وتغزي إفريقيا.	Italy's main goals were African countries. To capture those countries, they would need to have a troop launching pad, so as troops could sail across the Mediterranean Sea and invade Africa.	languages/ar-levantine/entries/bahr.yaml
flores	ar-levantine	بنك	kept	13	0	13	1	0.888	251.1	bank	وبيّنت الوثايق أنّو أربعتعش بنك ساعدوا العملا الأغنيا تيخفوا مليارات الدولارات من ثرواتهم لتجنب الضرايب والقوانين التانية.	The documents showed fourteen banks helped wealthy clients hide billions of US dollars of wealth to avoid taxes and other regulations.	languages/ar-levantine/entries/bank.yaml
flores	ar-levantine	بارد	kept	2	0	4	0.5	0.23	167.4	cold	ممكن يكون الطقس البارد هو الخطر الحقيقي الوحيد يلّي رح يواجهه الأشخاص المش مستعدين.	Cold weather is perhaps the only real danger the unprepared will face.	languages/ar-levantine/entries/bared.yaml
flores	ar-levantine	باص	kept	10	0	10	1	0.859	167.4	bus	كان باص الفرقة متجهة لسيكس فلاغزسانت لويس بولاية ميسوري لتعزف قدّام جمهور كبير.	The bus was headed to Six Flags St. Louis in Missouri for the band to play to a sold-out crowd.	languages/ar-levantine/entries/bas.yaml
flores	ar-levantine	بي	none	0	0	24	0	0	0	father			languages/ar-levantine/entries/bayy.yaml
flores	ar-levantine	بيت	kept	21	0	22	0.955	0.86	42.6	house; home	حالة الرئيس مستقرة، على الرغم من عزله بالبيت لعدة أيام.	The president's condition is stable, though he will be isolated at home for several days.	languages/ar-levantine/entries/bet.yaml
flores	ar-levantine	برنامج	kept	14	0	28	0.5	0.382	62.8	plan; program; television programme	حاولت رياضات الاسكواش والكاراتيه والكرة الدوارة تفوت بالبرنامج الأولمبي بالإضافة للبيسبول والكرة اللينة، يلّي تم التصويت عليهم برّات الألعاب الأولمبية بسنة 2005.	Squash, karate and roller sports tried to get onto the Olympic program as well as baseball and softball, which were voted out of the Olympic Games in 2005.	languages/ar-levantine/entries/birnamej.yaml
flores	ar-levantine	دقيقة	kept	18	0	29	0.621	0.502	89.1	minute; short period of time; just a minute; one minute	رح تقطع الكبسول سرعة 12.8 كيلومتر يعني ما يعادل 8 أميال بالثانية، وهي سرعة كافية للانتقال من سان فرانسيسكو للوس أنجلوس بدقيقة وحدة.	The capsule will be traveling at about 12.8 km or 8 miles per second, fast enough to go from San Francisco to Los Angeles in one minute.	languages/ar-levantine/entries/d-i-a.yaml
flores	ar-levantine	ضهر	none	0	0	7	0	0	0	go out; go outside			languages/ar-levantine/entries/dahar.yaml
flores	ar-levantine	داخلي	kept	10	0	12	0.833	0.658	279	inner; internal; interior	بتداخل الهندسة المعمارية بشكل كبير مع المجالات التانية بما فيها التخطيط الحضري والهندسة المدنية والفنون الزخرفية والتصميم الداخلي وتصميم المناظر الطبيعية.	Architecture overlaps considerably with other fields including urban planning, civil engineering, decorative arts, interior design and landscape design.	languages/ar-levantine/entries/dakli.yaml
flores	ar-levantine	دار	none	0	0	9	0	0	0	living room			languages/ar-levantine/entries/dar.yaml
flores	ar-levantine	ضروري	kept	3	0	4	0.75	0.433	52	necessary; indispensable; essential; must; mandatory; compelled	من الضروري الانتباه عند استبدال المصباح الكهربائي لمّا بيحتاج لتغيير.	The light bulb then needs replacing. It is necessary to be careful in replacing the light bulb.	languages/ar-levantine/entries/daruri.yaml
flores	ar-levantine	دايما	kept	18	0	24	0.75	0.623	150.7	always	رح يضل الجشع والأنانية دايماً معنا، ومن طبيعة التعاون أنه بس تستفيد الأغلبية رح يكون في دايمًا مكاسب أكتر على المدى القصير من خلال التصرف بأنانية.	Greed and selfishness will always be with us and it is the nature of cooperation that when the majority benefit there will always be more to gain in the short term by acting selfishly	languages/ar-levantine/entries/dayman.yaml
flores	ar-levantine	دولار	none	2	0	11	0.182	0.078	91.3	dollar	رح يتم قبول الجنيه الإسترليني بشكل عام بأي مكان بالجزر، كمان غالباً بتم قبول بطاقات الائتمان من ستانلي والدولار الأمريكي.	British pounds will generally be accepted anywhere in the islands and within Stanley credit cards and United States dollars are also often accepted.	languages/ar-levantine/entries/dolar.yaml
flores	ar-levantine	ايه	none	1	0	24	0.042	0.013	4.9	yes; yeah; right; carrying on; said when continuing after an interruption	إيه مزبوط! يُعتبر الملك توت عنخ آمون اللي يُِسمى أوقات "الملك توت" أو "الملك الصبي"، من أشهر الملوك المصريين القدماء بالعصر الحديث.	Yes! King Tutankhamun, sometimes referred to as "King Tut" or "The Boy King", is one of the most well known ancient Egyptian kings in modern times.	languages/ar-levantine/entries/e-2.yaml
flores	ar-levantine	إيه	none	1	0	24	0.042	0.013	83.7	yes; yeah	إيه مزبوط! يُعتبر الملك توت عنخ آمون اللي يُِسمى أوقات "الملك توت" أو "الملك الصبي"، من أشهر الملوك المصريين القدماء بالعصر الحديث.	Yes! King Tutankhamun, sometimes referred to as "King Tut" or "The Boy King", is one of the most well known ancient Egyptian kings in modern times.	languages/ar-levantine/entries/e.yaml
flores	ar-levantine	ايمتى	none	1	0	1	1	0.378	25.4	when	رفض روبرتس رفض قاطع إنو يقول أيمتى بيعتقد إنو الحياة بتبلش، وهو سؤال مهم عند التفكير بأخلاقيات الإجهاض، وقال إنو رح يكون من غير الأخلاقي التعليق على تفاصيل الحالات المحتملة.	Roberts flatly refused to say about when he believes life begins, an important question when considering the ethics of abortion, saying that it would be unethical to comment on the specifics of likely cases.	languages/ar-levantine/entries/emta.yaml
flores	ar-levantine	فهم	kept	16	0	19	0.842	0.708	84.6	understand	الهندية والأردية متشابهين بالمفردات بس مختلفين بالنص. بالمحادثات اليومية، ممكن لمتحدثي اللغتين عادةً فهم بعضهم.	Hindi and Urdu are similar in vocabulary but different in script; in everyday conversations, speakers of both languages can usually understand each other.	languages/ar-levantine/entries/fihim.yaml
flores	ar-levantine	غني	none	0	0	2	0	0	0	rich			languages/ar-levantine/entries/gani.yaml
flores	ar-levantine	غير	kept	25	0	95	0.263	0.21	4	other than; other; change	أظهرت الأدلة بعد هيك إنّه تم التلاعب بأوراق الاختبار مع هول، لجانب 34 من غير مسؤولين بالتعليم، سنة 2013.	Evidence thereafter indicated test papers were tampered with Hall, along with 34 other education officials, was indicted in 2013.	languages/ar-levantine/entries/gayr.yaml
flores	ar-levantine	غالي	kept	3	0	3	1	0.646	334.8	expensive	Whistler (ساعة ونص بالسيارة من فانكوفر) كثير غالي بس معروف بسبب دورة الألعاب الأولمبية الشتوية سنة 2010.	Whistler (1.5 hour drive from Vancouver) is expensive but well-known because of the 2010 Winter Olympics.	languages/ar-levantine/entries/ghali.yaml
flores	ar-levantine	كلة	none	0	0	4	0	0	0	marble; marbles; shots of a weapon			languages/ar-levantine/entries/gille.yaml
flores	ar-levantine	حق	kept	3	0	4	0.75	0.433	52	justice; rightness; fairness; truth; right; which one is entitled; value; worth	كمان بتحدد جلسة الاستماع، تاريخ حق المشتبه فيه بمحاكمة سريعة.	The hearing also marks the date for the suspect’s right to a speedy trial.	languages/ar-levantine/entries/ha.yaml
flores	ar-levantine	حب	kept	4	0	5	0.8	0.514	229.6	love	كاليجون ديل بيسو (زقاق القبلة). شرفتان تفصل بينهما 69 سم فقط هي موطن لأسطورة حب قديمة.	Callejon del Beso (Alley of the Kiss). Two balconies separated by only 69 centimeters is home of an old love legend.	languages/ar-levantine/entries/habb.yaml
flores	ar-levantine	هاد	kept	50	4	72	0.694	0.621	8.6	this	الباحثين الرئيسيين حكوا إنه هاد ممكن يكشف بوقت مبكر عن السرطان، السل، اتش اي في والملاريا للمريضين في الدول الي دخلها قليل، الي معدلات النجاة للأمراض زي سرطان الثدي يمكن يكون نص الدول الأغنى.	Lead researchers say this may bring early detection of cancer, tuberculosis, HIV and malaria to patients in low-income countries, where the survival rates for illnesses such as breast cancer can be half those of richer countries.	languages/ar-levantine/entries/had.yaml
flores	ar-levantine	حد	none	0	0	18	0	0	0	next to; beside; delimit; enclose; confine; limit			languages/ar-levantine/entries/hadd.yaml
flores	ar-levantine	حال	kept	4	0	9	0.444	0.258	9.5	condition; state; case; circumstance; self; selves	بحال منح الكفالة على التهم يّلي وجّها الضابط يلّي قام بالاعتقال، بقوم المفوض بتحديدها بيضفي عليها الطابع الرسمي، وبتم تتبع الحالة عبر ادخال الرسوم بنظام الكمبيوتر تبع الولاية.	The commissioner sets bail, if granted, and formalizes the charges filed by the arresting officer. The charges are then entered into the state's computer system where the case is tracked.	languages/ar-levantine/entries/hal.yaml
flores	ar-levantine	هلق	kept	7	0	9	0.778	0.566	60.1	now	قرار السيد رود بالتوقيع على اتفاقية كيوتو للمناخ بيعزل الولايات المتحدة، واللي رح تكون هلق الدولة المتقدمة الوحيدة اللي مش رح تصادق على الاتفاقية.	Mr. Rudd's decision to sign the Kyoto climate accord isolates the United States, which will now be the only developed nation not to ratify the agreement.	languages/ar-levantine/entries/halla.yaml
flores	ar-levantine	حمام	none	0	0	4	0	0	0	bathroom			languages/ar-levantine/entries/hammam.yaml
flores	ar-levantine	حريق	none	0	0	9	0	0	0	large fire; sweltering			languages/ar-levantine/entries/hari.yaml
flores	ar-levantine	هون	kept	13	0	17	0.765	0.613	153.6	here	 بعد المباراة، "كينج أوف كلاي" قال، "أنا متحمس للرجوع للجولات النهائية لأهم حدث أنا هون لمحاولة الربح."	After the match, King of Clay said, "I am just excited about being back in the final rounds of the most important events. I am here to try to win this."	languages/ar-levantine/entries/hawn.yaml
flores	ar-levantine	هونيك	kept	5	0	5	1	0.753	20.1	there; expresses a distant	بيحلم ناس كتار باليوم اللي بيقدر فيه البشر يسافروا على نجم تاني ويستكشفوا عوالم تانية، وبيتساءل البعض شو في هونيك مطرح ما بيعتقد البعض إنو الكائنات الفضائية أو الحياة التانية ممكن تعيش على نبات تاني.	Many people dream of the day when humans can travel to another star and explore other worlds, some people wonder what's out there some belive that aliens or other life may live on another plant.	languages/ar-levantine/entries/hawnik.yaml
flores	ar-levantine	هيك	none	51	14	159	0.321	0.275	1.3	thus; like so; this way; that way; this; that; used as a pronominal object of قال; فكر; and similar transitive verbs of expression; عمل and synonyms; and comparative من; such; such kind; this kind of	كنتيجة عن هيك، صار في فضيحة كبيرة بقبلب المجتمع القانوني اليوناني من خلال الكشف عن الإجراءات غير القانونية يلّي عملها القضاة والمحامين بالسنوات السابقة.	As a result of this, a big scandal within the Greek legal community has been raised through the exposure of illegal actions that judges, lawyers, solicitors and attorneys have done during the previous years.	languages/ar-levantine/entries/hayk.yaml
flores	ar-levantine	هين	kept	6	0	7	0.857	0.622	114.8	easy	انتقد المؤرخين سياسات مكتب التحقيقات الفيدرالي السابقة لتركيز الإمكتنيات على القضايا يلّي حلّها هيّن، وخاصة قضايا السيارات المسروقة، بهدف تعزيز معدل نجاح الوكالة.	Historians have criticized past FBI policies for focusing resources on cases which are easy to solve, especially stolen car cases, with the intent of boosting the agency's success rate.	languages/ar-levantine/entries/hayyin.yaml
flores	ar-levantine	حكي	none	4	1	44	0.091	0.049	4.8	speak; talk; speak to; talk to; say; speak ill of; trash talk	روبرتس رفض صراحة الحكي عن الوقت اللي بعتقد انه الحياة بدت فيه، سؤال مهم لما نتطلع في أخلاقيات الإجهاض، بحكي انه رح يكون مش أخلاقي التعليق على تفاصيل الحالات الممكنة.	Roberts flatly refused to say about when he believes life begins, an important question when considering the ethics of abortion, saying that it would be unethical to comment on the specifics of likely cases.	languages/ar-levantine/entries/hiki.yaml
flores	ar-levantine	حلو	none	2	0	8	0.25	0.109	62.8	sweet; nice; pleasant; beautiful; pretty; handsome	عدد كبير من البنايات شكلها حلو ويمكن الطلة من بناية عالية أو من شباك موقعو استراتيجي تكون رائعة للنظر.	Many buildings are quite beautiful to look at and the view from a tall building or from a cleverly-positioned window can be a beauty to behold.	languages/ar-levantine/entries/hilu.yaml
flores	ar-levantine	هي	none	2	0	206	0.01	0.004	1.3	she	هي معتقلة بانتظار لايحة الاتهام والمحاكمة، بس أي دليل شاهد عيان يمكن يكون تالف لإنو صورتها انتشرت على نطاق واسع.	She is in custody pending indictment and trial, but any eyewitness evidence may be tainted because her image has been widely published.	languages/ar-levantine/entries/hiyye.yaml
flores	ar-levantine	ابن	none	2	0	6	0.333	0.148	334.8	son	ومع هيدا، قال مصدر مطلع على التحقيق لصحيفة مينيابوليس ستار تريبيون إن لويس جوردان، البالغ من العمر 16 سنية، ابن رئيس ريد ليك القبلي فلويد جوردان.	However, a source with knowledge of the investigation told the Minneapolis Star-Tribune that it was Louis Jourdain, 16-year old son of Red Lake Tribal Chairman Floyd Jourdain.	languages/ar-levantine/entries/ibin.yaml
flores	ar-levantine	عيد	kept	6	0	23	0.261	0.162	34.9	holiday; feast day; festival; celebrate; greet; congratulate on the occasion of a holiday; cause to repeat	بيُحتفل بمعظم مهرجانات المعبد كجزء من ذكرى المعبد أو ترؤس عيد ميلاد إله أو أي حدث كبير تاني مرتبط بالمعبد.	Most of the temple festivals is celebrated as part of temple's anniversary or presiding deity's birthday or any other major event associated with the temple.	languages/ar-levantine/entries/id.yaml
flores	ar-levantine	قدر	kept	8	0	21	0.381	0.259	4.5	able to; can	بعد النكسات العسكرية الأولية، قدر إثيلريد أن يتفق مع أولاف، يلّي رجع على النرويج بمحاولة لربح مملكته بنجاح متفاوت.	After initial military setbacks, Ethelred was able to agree to terms with Olaf, who returned to Norway to try to gain his kingdom with mixed success.	languages/ar-levantine/entries/idir.yaml
flores	ar-levantine	إجا	none	0	0	6	0	0	0	come; arrive; take a shape; form; connotation			languages/ar-levantine/entries/ija.yaml
flores	ar-levantine	إخت	kept	2	0	2	1	0.549	401.8	sister	الملك لويس الستعش والملكة ماري أنطوانيت وطفليهما الصغار ماري تيريز يلّي عمرن 11 سنة ولويس تشارلز يلّي عمرو أربع سنين واخت الملك السيدة إليزابيث، بستة تشرين الاول سنة 1789، نجبروا مرعوبين على الرجوع لباريس من فرساي من قبل حشد من الغوغاء من نساء السوق.	The terrified King Louis XVI, Queen Marie Antoinette their two young children (11 year old Marie Therese and four year old Louis-Charles) and the King's sister, Madam Elizabeth, on the 6th October 1789 were forced back to Paris from Versailles by a mob of market women.	languages/ar-levantine/entries/ikt.yaml
flores	ar-levantine	إختيار	none	2	0	8	0.25	0.109	125.6	choice	إذا كنت حابب تسافر حول العالم بنصف الكرة الجنوبي بالكامل، فاختيار الرحلات والوجهات محدود بسبب عدم وجود طرق عبر المحيط.	If you want to fly around the world completely in the Southern Hemisphere, the choice of flights and destinations is limited due to the lack of transoceanic routes.	languages/ar-levantine/entries/iktiyar.yaml
flores	ar-levantine	اليوم	kept	59	0	94	0.628	0.562	40.7	today	وحصل على جايزة أفضل لاعب لليوم أليكس أوفشكين لاعب فريق واشنطن كابيتالز.	Today's Player of the Day is Alex Ovechkin of the Washington Capitals.	languages/ar-levantine/entries/il-yom.yaml
flores	ar-levantine	عمل	none	2	0	53	0.038	0.016	1.4	make; make oneself; pretend to be; give oneself the appearance of	بتتميز الهياكل بقدرات مختلفة، وهي حساسة لأطوال الموجات ولديها درجات مختلفة من الحدة، كمان بتتطلب معالجة لفهم المدخلات والأرقام المختلفة للعمل على النحو الأفضل.	The different constructions have different capabilities, are sensitive to different wave-lengths and have differing degrees of acuity, also they require different processing to make sense of the input and different numbers to work optimally.	languages/ar-levantine/entries/imil.yaml
flores	ar-levantine	إم	none	0	0	11	0	0	0	mother			languages/ar-levantine/entries/imm.yaml
flores	ar-levantine	انت	none	14	0	235	0.06	0.043	0.9	you	العامل الأهم بهيدي العقلية هو إنّو في إجابة وحدة صحيحة، وأنت بتفكر بالجوابين الصح والغلط.	The most important factor of this mindset is: there is only one correct answer. You only think of two answers, namely right or wrong.	languages/ar-levantine/entries/inta.yaml
flores	ar-levantine	عرف	kept	3	0	4	0.75	0.433	68.5	know	ما بعرف إذا لاحظت هالشي أو لا، بس معظم البضاعة من أمريكا الوسطى فاتت على هيدا البلد معفاة من الرسوم الجمركية.	I don't know if you realize it or not, but most of the goods from Central America came into this country duty-free.	languages/ar-levantine/entries/irif.yaml
flores	ar-levantine	اشتغل	kept	4	0	6	0.667	0.409	26.8	work	وطول فترة الستينيات من القرن الماضي، اشتغل بريجنسكي مع جون كينيدي كمستشاره وانتقل بعدين لإدارة ليندون جونسون.	Throughout 1960s, Brzezinski worked for John F. Kennedy as his advisor and then the Lyndon B. Johnson administration.	languages/ar-levantine/entries/ishtaghal.yaml
flores	ar-levantine	إسا	none	0	0	1	0	0	0	now; still; just			languages/ar-levantine/entries/issa.yaml
flores	ar-levantine	جاب	none	0	0	1	0	0	0	bring			languages/ar-levantine/entries/jab.yaml
flores	ar-levantine	جرب	kept	4	0	6	0.667	0.409	29.8	try; try out; give a try; strive; experience; mange	تأكد من إنو إيدك مرتخية قد ما فيك مع الاستمرار بضرب كل النغمات بشكل صحيح، جرب كمان ما تحرك أصابعك بطريقة غريبة.	Make sure your hand is as relaxed as possible while still hitting all the notes correctly - also try not to make much extraneous motion with your fingers.	languages/ar-levantine/entries/jarrab.yaml
flores	ar-levantine	جديد	kept	23	0	30	0.767	0.655	22	new	رح تحقق ستارداست رقم قياسي جديد على الاطلاق لتكون أسرع مركبة فضائية بترجع على الارض، وبتكون بهيك حطمت الرقم القياسي السابق المسجل بــ أيار 1969 بوقت رجعة وحدة قيادة أبولو أكس.	Stardust will set a new all-time record for being the fastest spacecraft to return to Earth, breaking the previous record set in May of 1969 during the return of the Apollo X command module.	languages/ar-levantine/entries/jdid.yaml
flores	ar-levantine	جيد	none	0	0	7	0	0	0	right side			languages/ar-levantine/entries/jid.yaml
flores	ar-levantine	جنوب	kept	49	0	67	0.731	0.657	44.5	south	فريد هو أقوى إعصار استوائي تسجّل لحد هلأ بجنوب وشرق المحيط الأطلسي من وقت اختراع تصوير الأقمار الصناعية، وتالت أكبر إعصار تسجّل من الشرق بزاوية 35 درجة.	Fred is the strongest tropical cyclone ever recorded so far south and east in the Atlantic since the advent of satellite imagery, and only the third major hurricane on record east of 35°W.	languages/ar-levantine/entries/jnub.yaml
flores	ar-levantine	كمان	kept	194	0	220	0.882	0.851	8	also; too; as well; more	قال هسيه كمان أن الطابع الجذاب كان شكل أكتر من مضمون.	Hsieh also argued that the photogenic Ma was more style than substance.	languages/ar-levantine/entries/kaman.yaml
flores	ar-levantine	خطر	kept	10	0	17	0.588	0.434	236.4	danger	ممكن يكون الطقس البارد هو الخطر الحقيقي الوحيد يلّي رح يواجهه الأشخاص المش مستعدين.	Cold weather is perhaps the only real danger the unprepared will face.	languages/ar-levantine/entries/katar.yaml
flores	ar-levantine	كبير	none	5	0	111	0.045	0.026	11.3	big	دوفال المتزوج وعنده ولدان بالغان، ما ترك انطباع كبير عند ميلر، يلّي كانت القصة متعلفة في.	Duvall, who is married with two adult children, did not leave a big impression on Miller, to whom the story was related.	languages/ar-levantine/entries/kbir.yaml
flores	ar-levantine	كفاية	kept	7	0	7	1	0.81	118.2	enough	الدوبلماسيين حكوا انهم لقوا غموض كفاية في الدستور الأفغاني لتقرير انه الانتخابات مش ضرورية. 	Diplomats said that they had found enough ambiguity in the Afghan constitution to determine the runoff as unnecessary.	languages/ar-levantine/entries/kfaye.yaml
flores	ar-levantine	خبز	kept	4	0	4	1	0.709	1004.5	bread	بيعتمد مطبخ مايوركا، متل مطابخ المناطق المماثلة بالبحر الأبيض المتوسط، على الخبز والخضرا واللحمة (خاصة لحم الخنزير)، وبيستعمل زيت الزيتون بكل شي.	Majorcan cuisine, like that of similar zones in the Mediterranean, is based on bread, vegetables and meat (specially pork), and uses olive oil throughout.	languages/ar-levantine/entries/khibz.yaml
flores	ar-levantine	كيف	kept	13	0	15	0.867	0.718	87.1	how; come again; like how; you know how; get excited	كيف رح تجذبني جاذبية آيو؟ إذا وقفت على سطح آيو، فرح يكون وزنك أقل من وزنك على الأرض.	How would Io's gravity pull on me? If you stood on the surface of Io, you would weigh less than you do on Earth.	languages/ar-levantine/entries/kif.yaml
flores	ar-levantine	كل	kept	109	0	174	0.626	0.578	12.1	all; every	بعد 250 سنة، تحولت جينيس لشركة عالمية تدر أكتر من 10 ميليار يورو (14.7 مليار دولار) كل سنة.	250 years later, Guinness has grown to a global business that turns over 10 billion euros (US$14.7 billion) every year.	languages/ar-levantine/entries/kill.yaml
flores	ar-levantine	كلمة	kept	16	0	19	0.842	0.708	94	word	شو يعني خلية؟كلمة خلية مشتقة من الكلمة اللاتينية "cella"واللي بتعني "غرفة صغيرة"وصاغها لأول مرة اختصاصي ميكروسكوب هو وعم يراقب بنية الفلّين.	What is a cell? The word cell comes from the Latin word "cella", meaning "small room", and it was first coined by a microscopist observing the structure of cork.	languages/ar-levantine/entries/kilme.yaml
flores	ar-levantine	كرسي	none	0	0	3	0	0	0	chair			languages/ar-levantine/entries/kirsi.yaml
flores	ar-levantine	كنيسة	kept	12	0	14	0.857	0.7	215.3	church	البرازيل هي أكبر دولة كاثوليكية رومانية على وجه الأرض، وعارضت الكنيسة الرومانية الكاثوليكية باستمرار تشريع زواج المثليين بالبلاد.	Brazil is the largest Roman Catholic country on Earth, and the Roman Catholic Church has consistently opposed the legalization of same-sex marriage in the country.	languages/ar-levantine/entries/knise.yaml
flores	ar-levantine	كتاب	kept	12	0	21	0.571	0.433	57.4	book	كل حلقة من حلقات العرض رح تركز على موضوع بكتاب معين ومن بعدها استكشاف هيدا الموضوع من خلال عدة قصص.	Each episode of the show would focus on a theme in a specific book and then explore that theme through multiple stories.	languages/ar-levantine/entries/ktab.yaml
flores	ar-levantine	كتير	kept	148	0	256	0.578	0.538	7.2	lot of; much; many; very	بعد ما أصبح واضح أن الكتير من العائلات كانت تطلب المساعدة القانونية لمكافحة عمليات الإخلاء، عُقد اجتماع بـ20 آذار بمركز قانون المجتمع بالخليج الشرقي لضحايا عملية احتيال الإسكان.	After it became apparent that many families were seeking legal help to fight the evictions, a meeting was held on March 20 at the East Bay Community Law Center for the victims of the housing scam.	languages/ar-levantine/entries/ktir.yaml
flores	ar-levantine	كويس	none	2	0	7	0.286	0.125	17.4	good	كانت وكالات السفر موجودة من القرن التاسع عشر. عادة بكون وكيل السفر خيار كويس لرحلة بتتجاوز خبرة المسافر السابقة في الطبيعة أو الثقافة أو اللغة أو البلدان اللي دخلها قليل.	Travel agencies have been around since the 19th century. A travel agent is usually a good option for a journey which extends beyond a traveller's previous experience of nature, culture, language or low-income countries.	languages/ar-levantine/entries/kwayyis.yaml
flores	ar-levantine	لكن	none	0	0	7	0	0	0	then; large copper bowl used for laundry; other household tasks; washbasin			languages/ar-levantine/entries/lakan.yaml
flores	ar-levantine	ليك	none	0	0	6	0	0	0	look; listen; pay attention; here			languages/ar-levantine/entries/lek.yaml
flores	ar-levantine	ليش	kept	7	0	7	1	0.81	401.8	why	قال جون غرانت من دبليو أن إي دي بوفالو (محطة ريدنغ راينبو الرئيسية): "علّمت ريدنغ راينبو الولاد ليش لازم يقرو وحب المطالعة وشجع [البرنامج] الولاد على أخذ كتاب وقرايتو."	John Grant, from WNED Buffalo (Reading Rainbow's home station) said "Reading Rainbow taught kids why to read,... the love of reading — [the show] encouraged kids to pick up a book and to read."	languages/ar-levantine/entries/les.yaml
flores	ar-levantine	لعبة	kept	9	0	10	0.9	0.718	72.3	doll; toy; plaything; game	صرح كونامي ناشر اللعبة اليوم و الصحف اليابانية بأنهم ما أطلقوا لعبة سيكس دايز (Six Days) بالفلوجة.	The game publisher Konami stated today in a Japanese newspaper that they will not be releasing the game Six Days in Fallujah.	languages/ar-levantine/entries/li-be.yaml
flores	ar-levantine	لسا	kept	12	0	20	0.6	0.457	30.9	still; so far; date	التصويت لسا لازم يتصدق من اللجنة الأولمبية الدولية الكاملة باجتماعها بأكتوبر في كوبنهاغن.	The vote must still be ratified by the full IOC at it's October meeting in Copenhagen.	languages/ar-levantine/entries/lissa.yaml
flores	ar-levantine	اللي	none	284	17	545	0.521	0.494	2	who; whom; which; that; what	لما بلش المستأجرين بمشاركة اللي صار معهم عرفت أغلب العيل فجأة إنو كارولين ويلسون من OHA (الاتحاد المتفوح للتلفونات النقالة) سرقت ودائع التأمين الخاصة فيهم، وهربت من المدينة.	When the tenants started sharing what had occurred to them, most of the families involved suddenly realized that Carolyn Wilson of the OHA had stolen their security deposits, and skipped out of town.	languages/ar-levantine/entries/lli.yaml
flores	ar-levantine	معنى	kept	3	0	9	0.333	0.172	74.4	meaning	بالنسبة للأشخاص يلّي ما بيعرفوا المصطلحات الطبية، فالكلمات معد ومسبب للعدوى عندن معنى مختلف.	For those unfamiliar with medical jargon, the words infectious and contagious have distinct meanings.	languages/ar-levantine/entries/ma-na.yaml
flores	ar-levantine	مدينة	kept	85	0	96	0.885	0.837	33.6	city; town	الساعة 8:46 الصبح بالضبط، عمّ الصمت بكل أنحاء المدينة، بمناسبة ذكرى الوقت يلّي ضربت فيها أول طيارة هدفها.	At exactly 8:46 a.m. a hush fell across the city, marking the exact moment the first jet struck its target.	languages/ar-levantine/entries/madine.yaml
flores	ar-levantine	مرة	none	2	0	60	0.033	0.014	16.7	woman; wife	وقال نائب المفتش العام د. ك. أريا: "قبضنا على خمسة أشخاص اغتصبوا المرة السويسرية واسترجعنا تلفونها المحمول والكمبيوتر المحمول".	Deputy Inspector General D K Arya said, "We have arrested five persons who raped the Swiss woman and recovered her mobile and laptop".	languages/ar-levantine/entries/mara.yaml
flores	ar-levantine	مصاري	kept	15	0	18	0.833	0.694	139.5	money	ممكن يفكر المسافر يلّي معه كتير مصاري أن يروح رحلة حول العالم، منفصلة عن الإقامات بالعددي من هيدي الاوتيلات.	A traveller with piles of money might consider a round the world flight, broken up with stays in many of these hotels.	languages/ar-levantine/entries/masari.yaml
flores	ar-levantine	مات	none	0	0	8	0	0	0	die; do something extremely; death; math; mathematics			languages/ar-levantine/entries/mat.yaml
flores	ar-levantine	مي	kept	7	0	8	0.875	0.66	36.6	water; liquid; liquidy; watery; wet; damp	الكانيونينج (أو: التجديف) هو عبارة عن الروحة لقاع واد يكون يا جاف أو مليان مي.	Canyoning (or: canyoneering) is about going in a bottom of a canyon, which is either dry or full of water.	languages/ar-levantine/entries/mayy.yaml
flores	ar-levantine	مبارح	kept	3	0	3	1	0.646	334.8	yesterday	أقسم مارتيلي مبارح اليمين بمجلس انتخابي مؤقت جديد من 9 أعضاء.	Martelly swore in a new Provisional Electoral Council (CEP) of nine members yesterday.	languages/ar-levantine/entries/mbarih.yaml
flores	ar-levantine	من	none	518	0	1712	0.303	0.289	2	than; from; ago; since	أعلن علما من كلية الطب بجامعة ستانفورد يوم التنين عن اختراع أداة تشخيصية جديدة فيها تفرز الخلايا حسب النوع: شريحة زغيرة قابلة للطباعة ممكن تصنيعها باستخدام طابعات نموذجية نافثة للحبر مقابل سنت أمريكي واحد تقريباً لكل منها.	On Monday, scientists from the Stanford University School of Medicine announced the invention of a new diagnostic tool that can sort cells by type: a tiny printable chip that can be manufactured using standard inkjet printers for possibly about one U.S. cent each.	languages/ar-levantine/entries/min-2.yaml
flores	ar-levantine	مين	none	1	2	3	0.333	0.106	10.8	who	و بوقت ماحد عرف بالزبط مين كتبه ، فمن المعروف انو بأول حياته ، اتغلفت وثيقة المخطوطات الكبيرة (مقاس 29 بوصة × 24 بوصة) للتخزين.	While no one knows for certain who wrote it, it is known that early in its life, the large parchment document (it measures 29¾ inches by 24½ inches) was rolled up for storage.	languages/ar-levantine/entries/min.yaml
flores	ar-levantine	مشكلة	kept	15	0	21	0.714	0.576	68.3	problem	ومع هيدا، إلا إنه هيدي مشكلة بيصعب حلها ورح تستغرق سنوات عدة حتى نشوف بناء مفاعلات مفيدة.	This, however, is a very hard problem to solve and will take many years before we see useful fusion reactors built.	languages/ar-levantine/entries/miskle.yaml
flores	ar-levantine	منيح	kept	11	0	27	0.407	0.295	22.7	fine; good	بوقت سماع الأشخاص وهم عم يشاركوا قصصهم الفردية والعائلية والتنظيمية، اكتسبنا فكرة عميقة عن الماضي وبعض الشخصيات اللي أثرت بشكل منيح أو سيء على ثقافة المنظمة.	While listening to individuals share their individual, family, and organizational stories, we gained valuable insight into the past and some of the personalities who influenced for good or ill the culture of the organization.	languages/ar-levantine/entries/mnih.yaml
flores	ar-levantine	موبايل	kept	3	0	5	0.6	0.33	401.8	mobile phone	شرطة مدهيا برديش رجعت اللابتوب والموبايل المسروقين.	The Madhya Pradesh Police recovered the stolen laptop and mobile phone.	languages/ar-levantine/entries/mobile.yaml
flores	ar-levantine	نهر	kept	32	0	36	0.889	0.804	89.3	river	كل سنة تقريبًا بشهر تشرين الأول، بهاجر 1.5 مليون من الحيوانات العاشبة تقريباً عبر نهر مارا من التلال الشمالية نحو السهول الجنوبية بسبب الأمطار.	Every year around October nearly 1.5 million herbivores travel towards the southern plains, crossing the Mara River, from the northern hills for the rains.	languages/ar-levantine/entries/nahr.yaml
flores	ar-levantine	رفيق	kept	3	0	3	1	0.646	287	friend; platonic male friend	بتكون الجولات أرخص بالنسبة للمجموعات الأكبر، لهيك إذا كنت لوحدك أو مع رفيق واحد بس، حاول تقابل أشخاص غير وشكل مجموعة من أربعة لستة أشخاص لتحصل على سعر أفضل لكل شخص.	Tours are cheaper for larger groups, so if you're by yourself or with just one friend, try to meet other people and form a group of four to six for a better per-person rate.	languages/ar-levantine/entries/rfi.yaml
flores	ar-levantine	رخيص	kept	3	0	3	1	0.646	669.7	cheap	إذا كان بدك تشوف العالم بسعر رخيص ، أو للضرورة ، أو لأسلوب الحياة أو التحدي ، في طرق لتعمل هالإشي.	If you want to see the world on the cheap, for necessity, lifestyle or challenge, there are some ways to do that.	languages/ar-levantine/entries/rkhis.yaml
flores	ar-levantine	صعب	kept	21	0	25	0.84	0.726	105.5	difficult; hard	لأن العاصفة بعيدة عن اليابسة، فبعده صعب تقييم التأثير المحتمل على الولايات المتحدة أو منطقة البحر الكاريبي.	As the storm is far from landfall, it remains difficult to assess potential impact to the United States or Caribbean.	languages/ar-levantine/entries/sa-b.yaml
flores	ar-levantine	شاف	none	0	0	3	0	0	0	see			languages/ar-levantine/entries/saf.yaml
flores	ar-levantine	شكل	none	8	0	214	0.037	0.024	5.4	kind; shape; way something is; looks; seems; expresses english to seem	بيبلغ طول أراضي تركيا أكتر من 1600 كيلومتر (1000ميل) وبيوصل عرضها لـ 800 كيلومتر (500 ميل). وهي على شكل مستطيل تقريبًا.	The territory of Turkey is more than 1,600 kilometres (1,000 mi) long and 800 km (500 mi) wide, with a roughly rectangular shape.	languages/ar-levantine/entries/sakl.yaml
flores	ar-levantine	سلام	kept	12	0	18	0.667	0.516	191.3	peace	ما تتضررت العلامة مادياً؛ وتم التعديل باستعمال القماش المشمع الأسود المزين بعلامات السلام والقلب لتغيير "O" لقراية الأحرف الصغيرة "e".	The sign was not physically damaged; the modification was done using black tarpaulins decorated with signs of peace and heart to alter the "O" to read lowercase "e".	languages/ar-levantine/entries/salam.yaml
flores	ar-levantine	سريع	kept	3	0	10	0.3	0.154	120.5	fast	بسبب الطوبولوجيا تحت المي، بيتركز التدفق الراجع ببعض من الأقسام الأعمق، وممكن يتشكل تيار سريع للمي العميقة هنيك.	Due to the underwater topology the return flow is concentrated at a few deeper sections, and a fast current to deep water may form there.	languages/ar-levantine/entries/sari.yaml
flores	ar-levantine	شارع	kept	4	0	7	0.571	0.342	127.6	street	بحسب التقارير، انفجرت شقة بشارع ماكبث بسبب تسرب غاز.	According to reports, an apartment on Macbeth Street exploded due to a gas leak.	languages/ar-levantine/entries/sheri.yaml
flores	ar-levantine	شرب	kept	11	0	12	0.917	0.758	204.6	drink	ممكن تشمل الأحداث الصحية طويلة المدى المحتملة من الإفراط بشرب الكحول تلف بالكبد وحتى العمى والموت. بيزيد الخطر المحتمل لما تشربو الكحول المنتج بطريقة غير شرعية.	Possible long term health events from excessive drinking can include liver damage and even blindness and death. The potential danger is increased when consuming illegally produced alcohol.	languages/ar-levantine/entries/shirib.yaml
flores	ar-levantine	شوب	kept	2	0	4	0.5	0.23	111.6	hot	قال رئيس الإطفاء سكوت كونس "كان شوب نهارها بسانتا كلارا وصلت درجات الحرارة للتسعينيات."	Fire captain Scott Kouns said, "It was a hot day in the Santa Clara with temperatures in the 90s.	languages/ar-levantine/entries/shob.yaml
flores	ar-levantine	شي	kept	20	4	53	0.377	0.297	3.2	thing; something; anything; some; any; circa; about	ولما سألوها شو قال الأب، قالت: "ما قدر يقول شي بقي واقف بس عم يرمش."	When asked what the father said, she answered "He couldn't say a thing - he just stood there blinking."	languages/ar-levantine/entries/si.yaml
flores	ar-levantine	سمع	none	1	0	2	0.5	0.164	167.4	hear; hear of; listen to; pay attention to; hear someone out; hearing; sense of hearing	لما طلبوا منه تعليق، ميلر حكى، "مايك بحكي كثير في جلسة الاستماع...أنا كنت بتجهز عشان ما كنت بسمع عنجد شو كان بحكي."	When asked for comment, Miller said, "Mike talks a lot during the hearing...I was getting ready so I wasn't really hearing what he was saying."	languages/ar-levantine/entries/simi.yaml
flores	ar-levantine	شمال	kept	45	0	66	0.682	0.605	44.2	north	وبحيط تركيا بحور من تلات جهات: بحر إيجه من الغرب والبحر الأسود من الشمال والبحر الأبيض المتوسط من الجنوب.	Turkey is encircled by seas on three sides: the Aegean Sea to the west, the Black Sea to the north and the Mediterranean Sea to the south.	languages/ar-levantine/entries/smal.yaml
flores	ar-levantine	سؤال	kept	4	0	5	0.8	0.514	229.6	question	رفض روبرتس رفض قاطع إنو يقول أيمتى بيعتقد إنو الحياة بتبلش، وهو سؤال مهم عند التفكير بأخلاقيات الإجهاض، وقال إنو رح يكون من غير الأخلاقي التعليق على تفاصيل الحالات المحتملة.	Roberts flatly refused to say about when he believes life begins, an important question when considering the ethics of abortion, saying that it would be unethical to comment on the specifics of likely cases.	languages/ar-levantine/entries/su-al.yaml
flores	ar-levantine	شو	kept	11	4	16	0.688	0.528	25.6	what; what a; how; whoa; wait; what gives	ومش معروف بالوقت الحالي شو هي التهم يلّي رح يتم توجيهها أو شو يلّي وصل السلطات للصبي، بس بلّس إجراءات الأحداث القانونية بالمحكمة الفيدرالية.	It is not known at this time what charges will be laid or what led authorities to the boy but juvenile proceedings have begun in federal court.	languages/ar-levantine/entries/su.yaml
flores	ar-levantine	تعني	none	0	0	13	0	0	0	type of diarrhea; ulcerative colitis			languages/ar-levantine/entries/t-inni.yaml
flores	ar-levantine	طبعاً	kept	4	0	5	0.8	0.514	267.9	of course	الشخص اللي وزنه 200 رطل (90 كجم) على الأرض وزنه حوالي 36 رطلاً (16 كجم) على Io. لهيك الجاذبية طبعا ما تشدك كتير.	A person who weighs 200 pounds (90kg) on Earth would weigh about 36 pounds (16kg) on Io. So the gravity, of course, pulls less on you.	languages/ar-levantine/entries/tab-an.yaml
flores	ar-levantine	طاولة	kept	2	0	4	0.5	0.23	502.3	table; backgammon	تخيل، إذا صح التعبير، شخص من مانكون، وواحد من بوسطن، وواحد من جامايكا، وواحد من سيدني سايدر قاعدين حول طاولة عم يتعشوا بمطعم بتورنتو.	Imagine, if you will, a Mancunian, Bostonian, Jamaican and Sydneysider sitting around a table having dinner at a restaurant in Toronto.	languages/ar-levantine/entries/tawle.yaml
flores	ar-levantine	طيب	none	0	0	2	0	0	0	okay; alright			languages/ar-levantine/entries/tayyib.yaml
flores	ar-levantine	تصبح	none	0	0	2	0	0	0	meet at morning			languages/ar-levantine/entries/tsabbah.yaml
flores	ar-levantine	قصة	kept	12	0	13	0.923	0.775	264.9	story	بحسب القصة، كان هدفه الشهرة بأي ثمن. أعلن الأفسسيين الغاضبين أن اسم هيروستراتوس ما رح يتسجل أبدًا.	According to the story, his motivation was fame at any cost. The Ephesians, outraged, announced that Herostratus' name never be recorded.	languages/ar-levantine/entries/ussa.yaml
flores	ar-levantine	وقت	kept	80	0	180	0.444	0.398	9.7	time	ومش معروف بالوقت الحالي شو هي التهم يلّي رح يتم توجيهها أو شو يلّي وصل السلطات للصبي، بس بلّس إجراءات الأحداث القانونية بالمحكمة الفيدرالية.	It is not known at this time what charges will be laid or what led authorities to the boy but juvenile proceedings have begun in federal court.	languages/ar-levantine/entries/wa-t.yaml
flores	ar-levantine	ولد	none	1	0	5	0.2	0.062	133.9	boy	مش معروف في هاد الوقت شو الاتهامات الي رح تتوجهله أو شو الي ودى السلطات للولد بس الإجراءات القضائية للأحداث بدت في المحكمة الفدرالية.	It is not known at this time what charges will be laid or what led authorities to the boy but juvenile proceedings have begun in federal court.	languages/ar-levantine/entries/walad.yaml
flores	ar-levantine	وين	kept	12	0	16	0.75	0.593	35.9	where; reaction to a quantity vastly larger; smaller than perceived	بيقول أهم الباحثين إنو هيدا الشي يمكن يؤدي للكشف المبكر عن السرطان والسل وفيروس نقص المناعة البشرية والملاريا للمرضى بالبلدان المنخفضة الدخل، وين يمكن تكون معدلات البقاء على قيد الحياة لأمراض متل سرطان الثدي قد نص الأمراض نفسها الموجودة بالبلدان الغنية.	Lead researchers say this may bring early detection of cancer, tuberculosis, HIV and malaria to patients in low-income countries, where the survival rates for illnesses such as breast cancer can be half those of richer countries.	languages/ar-levantine/entries/wen.yaml
flores	ar-levantine	والكل	none	0	0	1	0	0	0	also; too; as well			languages/ar-levantine/entries/wil-kill.yaml
flores	ar-levantine	وصل	none	0	0	18	0	0	0	arrive; bridge; connect; convey; deliver; get something somewhere; get across			languages/ar-levantine/entries/wisil.yaml
flores	ar-levantine	يعني	kept	40	0	56	0.714	0.632	27.6	mean; means; meaning; namely; that is; in other words	كان مخلبها التاني أكبر، يلّي أدى لظهور اسم Hesperonychus يلّي بيعني "مخلب غربي."	Its second claw was larger, giving rise to the name Hesperonychus which means "western claw."	languages/ar-levantine/entries/ya-ni.yaml
flores	ar-levantine	يا	none	0	0	1	0	0	0	vocative particle; accusative particle; used with pronominal suffixes to express english object pronouns; like me; him; etc; takes the place of a subject pronoun after و when coordinating multiple pronouns			languages/ar-levantine/entries/ya.yaml
flores	ar-levantine	يلا	none	0	0	4	0	0	0	let's go; come on			languages/ar-levantine/entries/yalla.yaml
flores	ar-levantine	يوم	kept	44	0	156	0.282	0.238	12.9	day	وحصل على جايزة أفضل لاعب لليوم أليكس أوفشكين لاعب فريق واشنطن كابيتالز.	Today's Player of the Day is Alex Ovechkin of the Washington Capitals.	languages/ar-levantine/entries/yom.yaml
flores	ar-levantine	زلمة	kept	3	0	5	0.6	0.33	120.5	man	بيترو كوستيلو، أمين الصندوق الأسترالي والزلمة الي رح يخلف رئيس الوزراء جون هاوارد كقائد للحزب الليبرالي تخلى عن دعمه لصناعة الطاقة النووية في أستراليا.	Peter Costello, Australian treasurer and the man most likely to succeed Prime Minister John Howard as Liberal party leader has thrown his support behind a nuclear power industry in Australia.	languages/ar-levantine/entries/zalame.yaml
flores	ar-levantine	ذات	none	0	0	4	0	0	0	essence; same; self			languages/ar-levantine/entries/zet.yaml
flores	ar-levantine	زغير	none	3	0	17	0.176	0.088	13.6	small	لما فتح المد المنخفض حفرة على طول نهر المستيك بالشمال الشرقي من شبه الجزيرة ، بسرعة وسعوا السياج بجدار حجري قصير للشمال بيخلص عند حافة المي على شط صغير.	When low tide opened a gap along the Mystic River along the northeast of the peninsula, they quickly extended the fence with a short stone wall to the north ending at the water's edge on a small beach.	languages/ar-levantine/entries/zghir.yaml
flores	ar-jo	أبداً	kept	4	0	6	0.667	0.409	167.4	never	حسب مابتحكي القصة ، كان دافعه هو الشهرة بأي ثمن. أعلن الأفسسيون الزعلانين أن اسم هيروستراتوس لا يُسجَّل أبدًا.	According to the story, his motivation was fame at any cost. The Ephesians, outraged, announced that Herostratus' name never be recorded.	countries/jo/ar-jo/entries/abadan.yaml
flores	ar-jo	قديش	none	0	0	2	0	0	0	how much			countries/jo/ar-jo/entries/addeish.yaml
flores	ar-jo	قديم	kept	3	0	8	0.375	0.195	34.2	old	ممكن يكون المكان عبارة عن مبنى تاريخي قديم مع أثاث انتيكا وأراضي مقلمة ومسبح.	The setting might be an historic old building with antique furnishings, manicured grounds and a swimming pool.	countries/jo/ar-jo/entries/adim.yaml
flores	ar-jo	آه	none	1	0	1	1	0.378	2009	yes	اه! يعتبر الملك توت عنخ آمون ، اللي بقولوا أحيانًا اسم "الملك الأول توت" أو "الملك الصبي"، أحد أشهر الملوك المصريين القديمين بالعصر الحديث.	Yes! King Tutankhamun, sometimes referred to as "King Tut" or "The Boy King", is one of the most well known ancient Egyptian kings in modern times.	countries/jo/ar-jo/entries/ah.yaml
flores	ar-jo	أكل	kept	12	0	16	0.75	0.593	53.8	eat; food	بتبدأ المستعمرة بمرحلة الترحال لما يقل الاكل الموجود. خلال هي المرحلة ، المستعمرة بتعمل أعشاش مؤقتة بتتغير كل يوم.	The colony begins a nomadic phase when available food has decreased. During this phase, the colony makes temporary nests that are changed everyday.	countries/jo/ar-jo/entries/akal.yaml
flores	ar-jo	أخذ	none	0	0	11	0	0	0	take			countries/jo/ar-jo/entries/akhad.yaml
flores	ar-jo	قال	none	1	0	28	0.036	0.011	2.8	say	ما حدد رقم للتقليلات، قال إنها رح تنحط بناء على الناتج الاقتصادي الصيني.	He did not set a figure for the cuts, saying they will be made based on China's economic output.	countries/jo/ar-jo/entries/al.yaml
flores	ar-jo	عمل	none	1	0	29	0.034	0.01	1.2	make	العمل التطوعي خلال السفر طريقة حلوة عشان تعمل فرق بس هو ما بيتعلق بس بالعطاء.	Volunteering while travelling is a great way to make a difference but it's not just about giving.	countries/jo/ar-jo/entries/amal.yaml
flores	ar-jo	قريب	kept	13	0	18	0.722	0.573	72.5	near	انقطاع الكهرباء بعد ما اختبار عادي لنظام قيادة-الحرايق خلى صمامات التنفيس تنفتح والنفط الخام فاض قريب من محطة الضخ 9 في فورت جريلي.	A power failure following a routine fire-command system test caused relief valves to open and crude oil overflowed near the Fort Greely pump station 9.	countries/jo/ar-jo/entries/arib.yaml
flores	ar-jo	آسف	none	0	0	1	0	0	0	sorry			countries/jo/ar-jo/entries/asif.yaml
flores	ar-jo	بعدين	kept	9	0	22	0.409	0.286	39.1	later	وقال مسؤولين إنه كان من المفروض إقامة حدث رسمي في الذكرى السنوية بعدين.	A formal anniversary event was scheduled for a later date, officials said.	countries/jo/ar-jo/entries/baadein.yaml
flores	ar-jo	بعيد	none	2	0	10	0.2	0.086	25.1	far	سماكة القشرة حوالي 70 كم عالجمب القريب و 100 كم عالجمب البعيد.	The crust is about 70 km thick on the near side and 100 km thick on the far side.	countries/jo/ar-jo/entries/baid.yaml
flores	ar-jo	بارد	none	1	0	2	0.5	0.164	167.4	cold	يمكن يكون الطقس البارد هو الخطر الحقيقي الوحيد اللي راح يواجهه الناس اللي مش مستعدين.	Cold weather is perhaps the only real danger the unprepared will face.	countries/jo/ar-jo/entries/barid.yaml
flores	ar-jo	باص	kept	5	0	5	1	0.753	167.4	bus	في الساعة 1:15 يوم السبت الصبح، وحسب ماشافو شهود عيان ، كان الباص عم يمشي بضوء أخضر لما لفت السيارة قدامهاا.	At 1:15 a.m. Saturday, according to witnesses, the bus was going through a green light when the car made a turn in front of it.	countries/jo/ar-jo/entries/bas.yaml
flores	ar-jo	بيت	kept	4	0	11	0.364	0.207	43	house	مش رح نصلح سيارة ابدا أو نبني نافورة بالساحة الخلفية أو نسافر للبيرو لنفحص الآثار القديمة أو نصمم بيت جيراننا من جديد.	We will never overhaul a car, build a fountain in our backyard, travel to Peru to examine ancient ruins, or remodel our neighbour's house.	countries/jo/ar-jo/entries/beit.yaml
flores	ar-jo	بدي	none	0	0	1	0	0	0	i want			countries/jo/ar-jo/entries/biddi.yaml
flores	ar-jo	بكفي	kept	6	0	6	1	0.785	118.2	enough; that's enough	قال المفوض: "ما اتفقنا لسا على قواعد المنشأ و امتيازات التعريفة ، بس الإطار اللي عنا بكفي لنبدأ التداول في 1 يوليو 2020".	The commissioner said, "We haven't yet agreed on rules of origin and tariff con[c]essions, but the framework we have is enough to start trading on July 1, 2020".	countries/jo/ar-jo/entries/bikaffi.yaml
flores	ar-jo	بسرعة	kept	8	0	14	0.571	0.403	143.5	quickly; hurry up	لما فتح المد المنخفض فتحة على طول النهر الغامض على طول الشمال الشرقي من شبه الجزيرة ، قاموا بسرعة بتوسيع السور بجدار حجري قصير إلى الشمال ينتهي عند حافة المياه على شاطئ صغير.	When low tide opened a gap along the Mystic River along the northeast of the peninsula, they quickly extended the fence with a short stone wall to the north ending at the water's edge on a small beach.	countries/jo/ar-jo/entries/bsura.yaml
flores	ar-jo	دايماً	kept	10	0	13	0.769	0.595	154.5	always	حاولت دايما لوكسمبورغ انو تضل دولة محايدة ، بس احتلتها ألمانيا بالحرب العالمية الأولى والحرب العالمية الثانية.	Luxembourg has always tried to remain a neutral country but it was occupied in both World War I and World War II by Germany.	countries/jo/ar-jo/entries/dayman.yaml
flores	ar-jo	فهم	kept	7	0	9	0.778	0.566	78.1	understand	الحفاظ على توازن طاقة صحي وممارسة عادات الترطيب الفعالة وفهم الجوانب المختلفة لممارسات المكملات الرياضيين بيساعدهم على تحسين أدائهم وزيادة استمتاعهم بالرياضة.	Maintaining a healthy energy balance, practicing effective hydration habits, and understanding the various aspects of supplementation practices can help athletes improve their performance and increase their enjoyment of the sport.	countries/jo/ar-jo/entries/fihim.yaml
flores	ar-jo	غالي	kept	2	0	2	1	0.549	334.8	expensive	Whistler (ساعة ونص بالسيارة من فانكوفر) كثير غالي بس معروف بسبب دورة الألعاب الأولمبية الشتوية سنة 2010.	Whistler (1.5 hour drive from Vancouver) is expensive but well-known because of the 2010 Winter Olympics.	countries/jo/ar-jo/entries/ghali.yaml
flores	ar-jo	حب	kept	2	0	3	0.667	0.321	24.8	like; love	جون غرانت، من دبليو ان اي دي بوفالو (المحطة الرئيسية لريدنغ رينبو) حكى "ريدنغ رينبو علم الأطفال ليش يقرؤوا،... حب القراءة - [العرض] شجع الأطفال على أخذ كتاب والقراءة."	John Grant, from WNED Buffalo (Reading Rainbow's home station) said "Reading Rainbow taught kids why to read,... the love of reading — [the show] encouraged kids to pick up a book and to read."	countries/jo/ar-jo/entries/habb.yaml
flores	ar-jo	هاد	kept	54	0	72	0.75	0.68	9.3	this	الباحثين الرئيسيين حكوا إنه هاد ممكن يكشف بوقت مبكر عن السرطان، السل، اتش اي في والملاريا للمريضين في الدول الي دخلها قليل، الي معدلات النجاة للأمراض زي سرطان الثدي يمكن يكون نص الدول الأغنى.	Lead researchers say this may bring early detection of cancer, tuberculosis, HIV and malaria to patients in low-income countries, where the survival rates for illnesses such as breast cancer can be half those of richer countries.	countries/jo/ar-jo/entries/had.yaml
flores	ar-jo	هداك	none	0	0	7	0	0	0	that			countries/jo/ar-jo/entries/hadak.yaml
flores	ar-jo	حكى	none	4	0	41	0.098	0.053	5.2	talk; speak; say	روبرتس رفض صراحة الحكي عن الوقت اللي بعتقد انه الحياة بدت فيه، سؤال مهم لما نتطلع في أخلاقيات الإجهاض، بحكي انه رح يكون مش أخلاقي التعليق على تفاصيل الحالات الممكنة.	Roberts flatly refused to say about when he believes life begins, an important question when considering the ethics of abortion, saying that it would be unethical to comment on the specifics of likely cases.	countries/jo/ar-jo/entries/haka.yaml
flores	ar-jo	حامي	none	0	0	1	0	0	0	hot			countries/jo/ar-jo/entries/hami.yaml
flores	ar-jo	هسا	kept	3	0	5	0.6	0.33	46.4	now	قرار السيد رود بالتوقيع على اتفاق كيوتو للمناخ بعزل الولايات المتحدة، الي رح هسه تكون الدولة المتقدمة الوحيدة الل مش مصدقة على الاتفاقية.	Mr. Rudd's decision to sign the Kyoto climate accord isolates the United States, which will now be the only developed nation not to ratify the agreement.	countries/jo/ar-jo/entries/hassa.yaml
flores	ar-jo	حلو	none	1	0	5	0.2	0.062	100.5	beautiful; nice	كتير من المباني شكلها حلو وممكن انو يكون المنظر من مبنى عالي أو من شباك بموقع ذكي إشي رائع للنظر.	Many buildings are quite beautiful to look at and the view from a tall building or from a cleverly-positioned window can be a beauty to behold.	countries/jo/ar-jo/entries/hilu.yaml
flores	ar-jo	هناك	kept	21	0	24	0.875	0.764	17.6	there	صار السجن معروف بسمعته السيئة بعد اكتشاف اساءة معاملة السجناء هناك بعد سيطرة القوات الامريكية.	The jail became notorious after prisoner abuse was discovered there after US forces took over.	countries/jo/ar-jo/entries/hnak.yaml
flores	ar-jo	هون	kept	5	0	6	0.833	0.575	167.4	here	بعد المباراة، كينغ أوف كلاي حكى، "أنا بس متحمس بخصوص الرجعة للجولات النهائية لأهم الفعاليات. أنا هون لأجرب أفوز فيه."	After the match, King of Clay said, "I am just excited about being back in the final rounds of the most important events. I am here to try to win this."	countries/jo/ar-jo/entries/hon.yaml
flores	ar-jo	قدر	kept	5	0	12	0.417	0.255	5	able; can	فتح الصمامات سمح انه الضغط يخف للنظام واتدفق النفط على منصة للخزان اللي بقدر يحمل 55,000 برميل (2.3 مليون جالون).	The valves opening allowed a pressure release for the system and oil flowed on a pad to a tank that can hold 55,000 barrels (2.3 million gallons).	countries/jo/ar-jo/entries/idir.yaml
flores	ar-jo	إجا	none	0	0	2	0	0	0	come			countries/jo/ar-jo/entries/ija.yaml
flores	ar-jo	اليوم	kept	30	0	45	0.667	0.572	43.2	today	لاعب اليوم لليوم هو أليكس أوفيتشكن من واشنطن كابيتالز.	Today's Player of the Day is Alex Ovechkin of the Washington Capitals.	countries/jo/ar-jo/entries/il-yom.yaml
flores	ar-jo	عرف	kept	2	0	2	1	0.549	91.3	know	ما بعرف إذا كنت ملاحظ هالإشي و لا لأ ، بس أغلب البضايع من أمريكا الوسطى اجت لهاد البلد معفية من الرسوم الجمركية.	I don't know if you realize it or not, but most of the goods from Central America came into this country duty-free.	countries/jo/ar-jo/entries/irif.yaml
flores	ar-jo	إشي	none	11	0	57	0.193	0.135	10.5	something; thing	الوقت إشي بحاوطنا بكل مكان ، وبأثر على كل اللي منعمله ، ومع هيك صعب نفهمه.	Time is something that is all around us, and affects everything we do, yet is difficult to understand.	countries/jo/ar-jo/entries/ishi.yaml
flores	ar-jo	اشتغل	none	1	0	2	0.5	0.164	20.1	work	قبل عائلة سمبسون ، سيمون اشتغل في عدة عروض في مواقف مختلفة.	Before The Simpsons Simon had worked on several shows in various positions.	countries/jo/ar-jo/entries/ishtaghal.yaml
flores	ar-jo	جاب	none	0	0	1	0	0	0	bring			countries/jo/ar-jo/entries/jab.yaml
flores	ar-jo	جديد	kept	12	0	17	0.706	0.551	20.3	new	ستاردست رح تحط رقم قياسي جديد انها أسرع مركبة فضائية بترجع للأرض، تكسر الرقم القياسي القبل في أيار من 1969 خلال رجعة وحدة قيادة أبولو اكس.	Stardust will set a new all-time record for being the fastest spacecraft to return to Earth, breaking the previous record set in May of 1969 during the return of the Apollo X command module.	countries/jo/ar-jo/entries/jdid.yaml
flores	ar-jo	كمان	kept	93	0	119	0.782	0.729	13.5	also; too	هيش كمان حكى إنه ما الي شكله حلو بالصور كان شكل أكثر من جوهر.	Hsieh also argued that the photogenic Ma was more style than substance.	countries/jo/ar-jo/entries/kaman.yaml
flores	ar-jo	كبير	none	3	0	52	0.058	0.028	14.5	big	دوفال، المتزوج ومعه ولدين كبار، ما ترك انطباع كبير على ميلر، الي كانت القصة مرتبطة فيه.	Duvall, who is married with two adult children, did not leave a big impression on Miller, to whom the story was related.	countries/jo/ar-jo/entries/kbir.yaml
flores	ar-jo	كيف	kept	7	0	8	0.875	0.66	87.9	how	كيف رح تجذبني جاذبية آيو؟ إذا وقفت على سطح آيو ، رح يكون وزنك أقل من ما كان على الأرض.	How would Io's gravity pull on me? If you stood on the surface of Io, you would weigh less than you do on Earth.	countries/jo/ar-jo/entries/keef.yaml
flores	ar-jo	خبز	kept	2	0	2	1	0.549	1004.5	bread	بيعتمد مطبخ مايوركا ، متل مطبخ المناطق اللي بتشبها بالبحر الأبيض المتوسط ، على الخبز والخضروات واللحوم (خاصة لحم الخنزير) ، وبيستخدمو زيت الزيتون بكل إشي.	Majorcan cuisine, like that of similar zones in the Mediterranean, is based on bread, vegetables and meat (specially pork), and uses olive oil throughout.	countries/jo/ar-jo/entries/khubz.yaml
flores	ar-jo	كثير	none	43	0	195	0.221	0.185	7.6	lot; very	الصورة بعدها خلتنا نشوف انه الذرات بتبعث فوتونات. بالتأكيد، بتكون في الواقع الفوتونات أصغر بكثير من اللي الموجودة في الصورة.	The next picture shows the atoms emitting photons. Of course, in reality photons are a lot smaller than those in the picture.	countries/jo/ar-jo/entries/ktir.yaml
flores	ar-jo	كل	kept	40	0	84	0.476	0.407	10.6	all	الفايز يوخد كل شي ، أعطت فلوريدا كل مندوبينها الخمسين لرومني ، يلي دفعه لقدام باعتباره المرشح الأول لترشيح الحزب الجمهوري.	As a winner-takes-all state, Florida awarded all fifty of its delegates to Romney, pushing him ahead as the front-runner for the Republican Party nomination.	countries/jo/ar-jo/entries/kull.yaml
flores	ar-jo	كويس	none	2	0	7	0.286	0.125	17.4	good	كانت وكالات السفر موجودة من القرن التاسع عشر. عادة بكون وكيل السفر خيار كويس لرحلة بتتجاوز خبرة المسافر السابقة في الطبيعة أو الثقافة أو اللغة أو البلدان اللي دخلها قليل.	Travel agencies have been around since the 19th century. A travel agent is usually a good option for a journey which extends beyond a traveller's previous experience of nature, culture, language or low-income countries.	countries/jo/ar-jo/entries/kwayyis.yaml
flores	ar-jo	ليش	kept	4	0	4	1	0.709	401.8	why	جون غرانت، من دبليو ان اي دي بوفالو (المحطة الرئيسية لريدنغ رينبو) حكى "ريدنغ رينبو علم الأطفال ليش يقرؤوا،... حب القراءة - [العرض] شجع الأطفال على أخذ كتاب والقراءة."	John Grant, from WNED Buffalo (Reading Rainbow's home station) said "Reading Rainbow taught kids why to read,... the love of reading — [the show] encouraged kids to pick up a book and to read."	countries/jo/ar-jo/entries/leish.yaml
flores	ar-jo	لسا	kept	20	0	26	0.769	0.649	40.7	still; yet	من الأربعاء الظهر، فتحات التهوية للتنك كانت لسه بتسرب يمكن بسبب التوسع الحراري جوه التنك.	As of Wednesday afternoon, the tank vents were still leaking probably from thermal expansion inside the tank.	countries/jo/ar-jo/entries/lissa.yaml
flores	ar-jo	مرة	none	1	0	31	0.032	0.01	21.6	woman	نائب المفتش العام د ك. أريا قال: "اعتقلنا خمس أشخاص اغتصبوا المرة السويسرية ورجعوا موبايلها و اللابتوب".	Deputy Inspector General D K Arya said, "We have arrested five persons who raped the Swiss woman and recovered her mobile and laptop".	countries/jo/ar-jo/entries/mara.yaml
flores	ar-jo	مرحبا	none	1	0	1	1	0.378	2009	hello	بأجزاء كتيرة من العالم ، بيعتبرو التلويح بالإيد حركة ودية معناتها "مرحبًا".	In many parts of the world, waving is a friendly gesture, indicating "hello."	countries/jo/ar-jo/entries/marhaba.yaml
flores	ar-jo	مصاري	kept	5	0	7	0.714	0.472	119.6	money	ممكن يفكر المسافر اللي عنده أكوام من المصاري انو يعمل رحلة حول العالم ، وبيلغي الإقامات بكتير من هاي الفنادق.	A traveller with piles of money might consider a round the world flight, broken up with stays in many of these hotels.	countries/jo/ar-jo/entries/masari.yaml
flores	ar-jo	ماشي	none	0	0	2	0	0	0	okay			countries/jo/ar-jo/entries/mashi.yaml
flores	ar-jo	مي	kept	16	0	31	0.516	0.403	25.9	water	أعطوا الركاب مي لما كانو بينتظروا بدرجة حرارة 90 - فهرنهايت.	Passengers were given water as they waited in 90(F)-degree heat.	countries/jo/ar-jo/entries/mayy.yaml
flores	ar-jo	مبارح	kept	5	0	5	1	0.753	334.8	yesterday	حاول Twin Otter انو يهبط في كوكودا امبارح برحلة CG4684 التابعة لشركة الخطوط الجوية PNG ، وهي عنجد التغت قبل هيك.	The Twin Otter had been trying to land at Kokoda yesterday as Airlines PNG Flight CG4684, but had aborted once already.	countries/jo/ar-jo/entries/mbarih.yaml
flores	ar-jo	مين	kept	2	0	2	1	0.549	32.4	who	الجزيرة كان أول مين سكنها التاينو والكاريبي. الكاريبيين كانوا شعب ناطق-بالآراواكانية واللي وصلوا حوالي عام ١٠٠٠٠ قبل الميلاد.	The island was first inhabited by the Taínos and Caribes. The Caribes were an Arawakan-speaking people who had arrived around 10,000 BCE.	countries/jo/ar-jo/entries/mein.yaml
flores	ar-jo	منيح	kept	14	0	15	0.933	0.801	25.7	fine; well; good	بغض النظر عن الحرارة والتهاب الحلق ، حاسة اني منيحة وبصحة ممتازة لكمل شغلي عن طريق العمل عن بعد.	"Apart from the fever and a sore throat, I feel well and in good shape to carry out my work by telecommuting.	countries/jo/ar-jo/entries/mnih.yaml
flores	ar-jo	موبايل	kept	4	0	5	0.8	0.514	123.6	phone	شرطة مدهيا برديش رجعت اللابتوب والموبايل المسروقين.	The Madhya Pradesh Police recovered the stolen laptop and mobile phone.	countries/jo/ar-jo/entries/mobile.yaml
flores	ar-jo	رخيص	kept	2	0	2	1	0.549	669.7	cheap	إذا كان بدك تشوف العالم بسعر رخيص ، أو للضرورة ، أو لأسلوب الحياة أو التحدي ، في طرق لتعمل هالإشي.	If you want to see the world on the cheap, for necessity, lifestyle or challenge, there are some ways to do that.	countries/jo/ar-jo/entries/rkhis.yaml
flores	ar-jo	صعب	kept	5	0	12	0.417	0.255	119.6	difficult	لأن العاصفة كانت بعيدة عن البر ، فلسا صعب نعمل تقييم التأثير المحتمل على الولايات المتحدة أو منطقة البحر الكاريبي.	As the storm is far from landfall, it remains difficult to assess potential impact to the United States or Caribbean.	countries/jo/ar-jo/entries/saab.yaml
flores	ar-jo	صاحب	none	1	0	1	1	0.378	287	friend	وهيك ، كان قلم الرصاص صاحب كويس لكتير من الناس لما يطلعوه.	Thus, the pencil was a good friend to many people when it came out.	countries/jo/ar-jo/entries/sahib.yaml
flores	ar-jo	سهل	kept	10	0	17	0.588	0.434	78.8	easy	حتى لما نوقف وسط أطلال عمرها ألف سنة ، من السهل نتذكر أصوات وروايح المعارك التي انقضت من فترة طويلة ، وكأنك عم تسمع ضربات الحوافر على البحص وتشم ريحة الخوف من حفر الأبراج المحصنة.	Even standing amidst thousand year-old ruins it is easy to bring to mind the sounds and smells of battles long gone, to almost hear the clatter of hooves on the cobbles and to smell the fear rising from the dungeon pits.	countries/jo/ar-jo/entries/sahil.yaml
flores	ar-jo	سريع	none	2	0	5	0.4	0.18	160.7	fast	بسبب الطوبولوجيا تحت الميه ، بيتركز التدفق الراجع ببضعة أقسام أعمق ، وممكن يتشكل تيار سريع للميه العميقة هناك.	Due to the underwater topology the return flow is concentrated at a few deeper sections, and a fast current to deep water may form there.	countries/jo/ar-jo/entries/sari.yaml
flores	ar-jo	سيارة	kept	15	0	22	0.682	0.546	41.5	car	بيكيه جي ار. عمل حادث في جائزة سنغافورة الكبرى 2008 مباشرة بعد توقف صيانة بدري لفرناندو ألونسو، الي خلى سيارة السلامة تطلع.	Piquet Jr. crashed in the 2008 Singapore Grand Prix just after an early pit stop for Fernando Alonso, bringing out the safety car.	countries/jo/ar-jo/entries/sayyara.yaml
flores	ar-jo	شاف	none	0	0	2	0	0	0	see; look			countries/jo/ar-jo/entries/shaf.yaml
flores	ar-jo	شارع	kept	3	0	5	0.6	0.33	133.9	street	الاحتجاج بدا حوالي الساعة 11:00 بالتوقيت المحلي (يو تي سي+1) في وايتهول قبال المدخل لشارع داونينغ الي بتحرسه الشرطة، مكان الإقامة الرسمي لرئيس الوزراء.	The protest started around 11:00 local time (UTC+1) on Whitehall opposite the police-guarded entrance to Downing Street, the Prime Minister's official residence.	countries/jo/ar-jo/entries/sharia.yaml
flores	ar-jo	شرب	kept	6	0	6	1	0.785	223.2	drink	ممكن انو تشمل الأحداث الصحية طويلة المدى المحتملة من زيادة شرب الكحوليات تلف الكبد وحتى العمى والوفاة. بيزداد الخطر المحتمل باستعمال الكحول المنتج بطريقة مش شرعية.	Possible long term health events from excessive drinking can include liver damage and even blindness and death. The potential danger is increased when consuming illegally produced alcohol.	countries/jo/ar-jo/entries/shirib.yaml
flores	ar-jo	شوب	none	1	0	1	1	0.378	143.5	hot; heat	قال قائد الإطفاء سكوت كونس, "كان يوم شوب كتير بسانتا كلارا بدرجات حرارة في التسعينات.	Fire captain Scott Kouns said, "It was a hot day in the Santa Clara with temperatures in the 90s.	countries/jo/ar-jo/entries/shob.yaml
flores	ar-jo	شو	kept	5	0	5	1	0.753	67	what	مش معروف في هاد الوقت شو الاتهامات الي رح تتوجهله أو شو الي ودى السلطات للولد بس الإجراءات القضائية للأحداث بدت في المحكمة الفدرالية.	It is not known at this time what charges will be laid or what led authorities to the boy but juvenile proceedings have begun in federal court.	countries/jo/ar-jo/entries/shu.yaml
flores	ar-jo	شغل	kept	3	0	7	0.429	0.226	14.8	work; job	طالما انك مش دبلوماسي ، فالشغل بالخارج يعني عمومًا انك رح تدفع ضريبة الدخل بالبلد اللي حتقيم فيه.	Unless you are a diplomat, working overseas generally means that you will have to file income tax in the country you are based in.	countries/jo/ar-jo/entries/shughul.yaml
flores	ar-jo	شكراً	none	0	0	1	0	0	0	thank you			countries/jo/ar-jo/entries/shukran.yaml
flores	ar-jo	شوي	kept	6	0	31	0.194	0.119	29.9	little	السلطات حكت شوي رسمياً أكثر عن تأكيد اعتقال اليوم.	Authorities said little officially beyond confirming today's arrest.	countries/jo/ar-jo/entries/shway.yaml
flores	ar-jo	طبعاً	kept	4	0	4	1	0.709	334.8	of course	الشخص اللي وزنه 200 رطل (90 كجم) على الأرض وزنه حوالي 36 رطلاً (16 كجم) على Io. لهيك الجاذبية طبعا ما تشدك كتير.	A person who weighs 200 pounds (90kg) on Earth would weigh about 36 pounds (16kg) on Io. So the gravity, of course, pulls less on you.	countries/jo/ar-jo/entries/tabaan.yaml
flores	ar-jo	طلع	none	0	0	11	0	0	0	go out; leave			countries/jo/ar-jo/entries/tili.yaml
flores	ar-jo	ولد	none	1	0	3	0.333	0.106	67	child; boy	مش معروف في هاد الوقت شو الاتهامات الي رح تتوجهله أو شو الي ودى السلطات للولد بس الإجراءات القضائية للأحداث بدت في المحكمة الفدرالية.	It is not known at this time what charges will be laid or what led authorities to the boy but juvenile proceedings have begun in federal court.	countries/jo/ar-jo/entries/walad.yaml
flores	ar-jo	وين	none	0	0	1	0	0	0	where			countries/jo/ar-jo/entries/wein.yaml
flores	ar-jo	يلا	none	0	0	10	0	0	0	let's go			countries/jo/ar-jo/entries/yalla.yaml
flores	ar-jo	يمّا	none	0	0	1	0	0	0	mom			countries/jo/ar-jo/entries/yamma.yaml
flores	ar-jo	يمكن	none	2	0	42	0.048	0.02	23.9	maybe	يمكن يومًا ما ، يوقف أحفادك على قمة عالم غريب ويتساءلو عن اجدادهم القدامى؟	Maybe one day, your great grandchildren will be standing atop an alien world wondering about their ancient ancestors?	countries/jo/ar-jo/entries/yimkin.yaml
flores	ar-jo	زلمة	kept	3	0	5	0.6	0.33	120.5	man	بيترو كوستيلو، أمين الصندوق الأسترالي والزلمة الي رح يخلف رئيس الوزراء جون هاوارد كقائد للحزب الليبرالي تخلى عن دعمه لصناعة الطاقة النووية في أستراليا.	Peter Costello, Australian treasurer and the man most likely to succeed Prime Minister John Howard as Liberal party leader has thrown his support behind a nuclear power industry in Australia.	countries/jo/ar-jo/entries/zalameh.yaml
flores	ar-jo	صغير	none	1	0	8	0.125	0.038	9.7	small	لما فتح المد المنخفض فتحة على طول النهر الغامض على طول الشمال الشرقي من شبه الجزيرة ، قاموا بسرعة بتوسيع السور بجدار حجري قصير إلى الشمال ينتهي عند حافة المياه على شاطئ صغير.	When low tide opened a gap along the Mystic River along the northeast of the peninsula, they quickly extended the fence with a short stone wall to the north ending at the water's edge on a small beach.	countries/jo/ar-jo/entries/zghir.yaml
flores	ar-sa	عادي	none	0	0	2	0	0	0	never mind; it's fine			countries/sa/ar-sa/entries/3adi.yaml
flores	ar-sa	حار	none	0	0	1	0	0	0	hot			countries/sa/ar-sa/entries/7ar.yaml
flores	ar-sa	اعتقد	kept	3	0	3	1	0.646	42.7	think; consider; believe	وقال أمير خان الحاصل على الميدالية الفضية في أولمبياد سنة 1425ه، "أعتقد في أعماقي أنه لا يجب على النساء القتال. وهذه وجهة نظري."	2004 Olympic silver medallist Amir Khan said, "Deep down I think women shouldn’t fight. That’s my opinion."	countries/sa/ar-sa/entries/a-tagad.yaml
flores	ar-sa	أبد	none	2	0	7	0.286	0.125	71.8	never; not at all	لن نصلح سيارة أبدًا، أو نبني نافورة في ساحتنا الخلفية، أو نسافر إلى بيرو لدراسة الآثار القديمة، أو نعيد تشكيل منزل جارنا.	We will never overhaul a car, build a fountain in our backyard, travel to Peru to examine ancient ruins, or remodel our neighbour's house.	countries/sa/ar-sa/entries/abad.yaml
flores	ar-sa	أدى	none	0	0	19	0	0	0	give			countries/sa/ar-sa/entries/adda.yaml
flores	ar-sa	أقل	kept	16	0	38	0.421	0.324	47	elative degree of قليل less; least	أي فترة زمنية تقضيها عالقًا على قطار أفعواني ستكون أمراً غير مريحاً، على أقل تقدير، وقد استغرق الأمر ساعة على الأقل لإخراج أول شخص من القطار."	Any length of time trapped on a roller coaster would be uncomfortable, to say the least, and it took at least an hour to get the first person off the ride."	countries/sa/ar-sa/entries/agall.yaml
flores	ar-sa	أخذ	none	0	0	5	0	0	0	take			countries/sa/ar-sa/entries/akad.yaml
flores	ar-sa	أكل	kept	2	0	3	0.667	0.321	47.8	eat; food; eating	لربما كان يمكن للترايسراتوبس استخدام منقاره القوي لإزالة أوراق الأشجار قبل أكْل الجذع.	A Triceratops could have used its strong beak to strip off the leaves before eating the trunk.	countries/sa/ar-sa/entries/akal.yaml
flores	ar-sa	أكثر	kept	90	0	118	0.763	0.709	7.6	elative degree of كثير; more; most	هسيه جادل أيضاً أن ما الجذاب فوتوغرافياً كان يهتم بالشكل أكثر من الجوهر.	Hsieh also argued that the photogenic Ma was more style than substance.	countries/sa/ar-sa/entries/aktar.yaml
flores	ar-sa	اليوم	kept	25	0	39	0.641	0.539	41.5	today	لاعبنا لليوم أليكس أوفيتشكين وهو أحد لاعبي فريق واشنطن كابيتالز.	Today's Player of the Day is Alex Ovechkin of the Washington Capitals.	countries/sa/ar-sa/entries/al-yom.yaml
flores	ar-sa	على	none	32	6	610	0.052	0.042	1.2	over; against; despite; raise	سجّل هدفين ومرر تمريرتين حاسمتين في المباراة التي تغلّب فيها فريق واشنطن على فريق أتلانتا ثراشرز بنتيجة 5-3.	He had 2 goals and 2 assists in Washington's 5-3 win over the Atlanta Thrashers.	countries/sa/ar-sa/entries/ala.yaml
flores	ar-sa	الله	none	0	0	2	0	0	0	oh my god			countries/sa/ar-sa/entries/alla.yaml
flores	ar-sa	علاقة	kept	2	0	3	0.667	0.321	89.3	coat hanger; relationship; kinship; connection; relation; relevance	ووجدت الدراسة أن الاكتئاب، والخوف والكوارث يتوسطون العلاقة بين الألم والعجز لدى من يعانون من آلام أسفل الظهر.	The study found that depression, fear and catastrophising mediated the relationship between pain and disability in lower back pain sufferers.	countries/sa/ar-sa/entries/allaga.yaml
flores	ar-sa	ألو	none	0	0	1	0	0	0	hello			countries/sa/ar-sa/entries/alu.yaml
flores	ar-sa	أمس	kept	5	0	5	1	0.753	334.8	yesterday	أصدر مكتب البريد أمس اعتذاره للمواطنين ووسائل الإعلام بعد اكتشافه أن الصبي أخفى أكثر من 600 وثيقة بريدية، بما في ذلك 429 بطاقة بريدية بمناسبة العام الجديد، لم يتم تسليمها للمستلمين المقصودين.	Yesterday, the post office released their apology to citizens and the media after discovering that the boy had hidden more than 600 postal documents, including 429 New Year postcards, which weren't delivered to their intended recipients.	countries/sa/ar-sa/entries/ams.yaml
flores	ar-sa	آسف	none	0	0	2	0	0	0	sorry			countries/sa/ar-sa/entries/asif.yaml
flores	ar-sa	أول	kept	32	0	49	0.653	0.562	19.3	first	حصد نادال نقاط على الشبكة بنسبة 88% في المباراة، ليفوز بـ76 نقطة في الإرسال الأول.	Nadal bagged 88% net points in the match winning 76 points in the first serve.	countries/sa/ar-sa/entries/awwal.yaml
flores	ar-sa	بعض	none	9	0	98	0.092	0.061	8.8	one another; each other; together	تحدث خاصيّة "التوتّر السّطحي" لأنّ جزيئات الماء الموجودة على سطح الماء تنجذب بقوّة إلى بعضها البعض أكثر ممّا تنجذب إلى جزيئاتِ الهواءِ فوقها.	Surface tension happens because the water molecules at the surface of the water are strongly attracted to each other more than they are to the air molecules above them.	countries/sa/ar-sa/entries/ba-ad.yaml
flores	ar-sa	بعيد	none	1	0	4	0.25	0.078	27.9	far; distant	يبلغ سمك القشرة حوالي 70 كيلومتراً على الجانب القريب و100 كيلومتر على الجانب البعيد.	The crust is about 70 km thick on the near side and 100 km thick on the far side.	countries/sa/ar-sa/entries/ba-id.yaml
flores	ar-sa	بارد	none	1	0	1	1	0.378	334.8	cold	قد يكون المناخ البارد هو الخطر الحقيقي الوحيد الذي سوف يواجهه الأشخاص غير المستعدين له.	Cold weather is perhaps the only real danger the unprepared will face.	countries/sa/ar-sa/entries/barid.yaml
flores	ar-sa	باص	kept	5	0	5	1	0.753	167.4	bus	في الساعة 1:15 صباحاً من يوم السبت - ووفقاً لشهود عيان - كان الباص يمر عبر الضوء الأخضر عندما انعطفت السيارة أمامه.	At 1:15 a.m. Saturday, according to witnesses, the bus was going through a green light when the car made a turn in front of it.	countries/sa/ar-sa/entries/bas-2.yaml
flores	ar-sa	بيت	none	1	0	4	0.25	0.078	10.5	house; building; commercial house; family; dynasty; stay out overnight	بالرغم من تواجد ثلاثة أشخاص داخل البيت عند اصطدام السيارة به، إلا أنه لم يصب أحدٌ منهم.	Although three people were inside the house when the car impacted it, none of them were hurt.	countries/sa/ar-sa/entries/bet.yaml
flores	ar-sa	بسرعة	kept	3	0	13	0.231	0.117	38.6	faster; quickly	يمكن إرسال هذه النبضات العصبية بسرعة في جميع أنحاء الجسم فتساعد في الحفاظ على الجسم آمنًا من أي تهديد محتمل.	These nerve impulses can be sent so quickly throughout the body which helps keep the body safe from any potential threat.	countries/sa/ar-sa/entries/bisur-a.yaml
flores	ar-sa	بالضبط	none	1	0	2	0.5	0.164	251.1	exactly; precisely	النطق في اللغة الإيطالية سهل نسبيًا حيث تُنطق معظم الكلمات كما تُكتب بالضبط	Pronunciation is relatively easy in Italian since most words are pronounced exactly how they are written	countries/sa/ar-sa/entries/biz-zabt.yaml
flores	ar-sa	ذا	none	0	0	4	0	0	0	this			countries/sa/ar-sa/entries/da.yaml
flores	ar-sa	دقيقة	kept	9	0	15	0.6	0.436	86.1	minute; short time	ستسافر الكبسولة بسرعة 12.8 كيلومترًا أو 8 أميال في الثانية، وهي سرعة كافية للانتقال من سان فرانسيسكو إلى لوس أنجلوس في دقيقة واحدة.	The capsule will be traveling at about 12.8 km or 8 miles per second, fast enough to go from San Francisco to Los Angeles in one minute.	countries/sa/ar-sa/entries/dagiga.yaml
flores	ar-sa	دايما	kept	8	0	9	0.889	0.692	178.6	always	حاولت لوكسمبورغ دائمًا أن تكون دولة حيادية ولكن ألمانيا احتلتها في الحرب العالمية الأولى والثانية.	Luxembourg has always tried to remain a neutral country but it was occupied in both World War I and World War II by Germany.	countries/sa/ar-sa/entries/dayman.yaml
flores	ar-sa	إيش	kept	2	0	2	1	0.549	67	what	لا تُعرف في هذا الوقت التهم اللي سيتم توجيهها أو ايش اللي أرشد السلطات إلى الصبي ولكن الإجراءات المتعلقة بالأحداث قد بدأت في المحكمة الفيدرالية.	It is not known at this time what charges will be laid or what led authorities to the boy but juvenile proceedings have begun in federal court.	countries/sa/ar-sa/entries/es-2.yaml
flores	ar-sa	عيش	none	0	0	4	0	0	0	bread; cause to live			countries/sa/ar-sa/entries/es.yaml
flores	ar-sa	فقد	none	1	0	19	0.053	0.016	26.4	lose; miss	يعاني "شنايدر" من ألمٍ مستمرٍ، وعمى في إحدى العينين، وفقد جزء من الجمجمة ووجه أُعيد بناؤه من التيتانيوم، كل هذا حدث بينما فشل سلاح "أوكا" بينما كان مصوباً إلى رأس رجل خامس.	Uka's weapon failed whilst pointed at a fifth man's head. Schneider has ongoing pain, blindness in one eye, a missing section of skull and a face rebuilt from titanium.	countries/sa/ar-sa/entries/fagad.yaml
flores	ar-sa	فارق	none	0	0	5	0	0	0	separate oneself from; leave; forsake; abandon			countries/sa/ar-sa/entries/farag.yaml
flores	ar-sa	فريق	kept	15	0	25	0.6	0.472	60.3	team; football club	صنع جوني ريد، سائق مشارك في فريق نيوزيلاندا A1GP ، التاريخ اليوم بتحقيقه أسرع قيادة على جسر ميناء أوكلاند، نيوزيلندا، البالغ من العمر 48 عامًا، بشكل قانوني.	Jonny Reid, co-driver for the A1GP New Zealand team, today made history by driving the fastest over the 48-year-old Auckland Harbour Bridge, New Zealand, legally.	countries/sa/ar-sa/entries/farig.yaml
flores	ar-sa	فيه	none	2	0	26	0.077	0.032	9.7	there is; in him; with him	لا يوجد أيضاً أي شرطٍ للحصول على رقمٍ محلي من المجتمع الذي تعيش فيه؛ يمكنك الحصول على اتصال إنترنت عبر الأقمار الصناعية في براري تشيكن في ألاسكا واختيار رقم يَدّعِي أنك في ولاية أريزونا المشمسة.	There is also no requirement that you obtain a local number from the community in which you live; you can obtain a satellite Internet connection in the wilds of Chicken, Alaska and select a number which claims you're in sunny Arizona.	countries/sa/ar-sa/entries/fi-2.yaml
flores	ar-sa	في	none	58	0	1058	0.055	0.047	1.1	within; about; in regards to; pertaining to; in the subject; topic of; times; multiplied by; have a measure of this by this; feel like	في يوم الاثنين، أعلن علماء من كلية الطب بجامعة ستانفورد عن اختراع أداة تشخيصية جديدة يمكنها تصنيف الخلايا حسب النوع: شريحة صغيرة قابلة للطباعة يمكن تصنيعها باستخدام طابعات نفاثة للحبر قياسية مقابل حوالي سنت أمريكي واحد لكل منها.	On Monday, scientists from the Stanford University School of Medicine announced the invention of a new diagnostic tool that can sort cells by type: a tiny printable chip that can be manufactured using standard inkjet printers for possibly about one U.S. cent each.	countries/sa/ar-sa/entries/fi.yaml
flores	ar-sa	فهم	kept	14	0	19	0.737	0.592	74	understand	وتتراوح التقديرات بين 340 مليون و500 مليون متحدث، وما يصل إلى 800 مليون شخص يمكنهم فهم اللغة.	Estimates range from 340 million to 500 million speakers, and as many as 800 million people can understand the language.	countries/sa/ar-sa/entries/fihim.yaml
flores	ar-sa	فوق	kept	9	3	15	0.6	0.436	14.5	above; on top of; more than; over	تمكن السيد ريد من قيادة سيارة سباق A1GP النيوزيلندية، التي تدعى الجميلة السوداء بسرعة تزيد عن ١٦٠ كم/ ساعة سبع مراتٍ فوق الجسر.	Mr Reid managed to drive the New Zealand's A1GP car, Black Beauty at speeds over 160km/h seven times over the bridge.	countries/sa/ar-sa/entries/fog.yaml
flores	ar-sa	فرصة	kept	3	0	5	0.6	0.33	301.4	chance; opportunity	إذا أردت المزيد من المغامرة، فاغتنم الفرصة لتحضير أو مزج بعض السموذي:	If you're feeling more adventurous, take the opportunity to juice or blend up some smoothies:	countries/sa/ar-sa/entries/fursa.yaml
flores	ar-sa	قبل	kept	34	0	72	0.472	0.398	21.6	before; prior to; accept; agree to something	على الأرجح، راح تنتهي العاصفة، اللي تقع حوالي 645 ميلاً (1040 كم) غرب جزر الرأس الأخضر، قبل أن تهدّد أي مناطق على اليابسة، حسب قول خبراء التنبؤ المناخي.	The storm, situated about 645 miles (1040 km) west of the Cape Verde islands, is likely to dissipate before threatening any land areas, forecasters say.	countries/sa/ar-sa/entries/gabil.yaml
flores	ar-sa	قد	none	4	0	134	0.03	0.016	1.6	amount; size; quantity; extent; same amount as; same size; age as; as big as; as much as; as many as; already	تحاول طائرة توين أوتر الهبوط في كوكودا منذ البارحة كرحلة برقم CG4684 على خطوط طيران PNG، لكن العملية قد أوقفت مرة بالفعل.	The Twin Otter had been trying to land at Kokoda yesterday as Airlines PNG Flight CG4684, but had aborted once already.	countries/sa/ar-sa/entries/gadd.yaml
flores	ar-sa	قديم	kept	2	0	3	0.667	0.321	60.9	old	رُبما المكان عبارة عن مبنى تاريخي قديم مع أثاث عتيق وأراضٍ مشذبة وحمام سباحةٍ.	The setting might be an historic old building with antique furnishings, manicured grounds and a swimming pool.	countries/sa/ar-sa/entries/gadim.yaml
flores	ar-sa	قال	none	1	0	37	0.027	0.008	2.1	say	قال ميلر عندما طلب منه إبداء رأيه،: "يتحدث مايك كثيرًا أثناء جلسة الاستماع... كنت أستعد، ولذا لم أسمع حقًا ما كان يقوله."	When asked for comment, Miller said, "Mike talks a lot during the hearing...I was getting ready so I wasn't really hearing what he was saying."	countries/sa/ar-sa/entries/gal.yaml
flores	ar-sa	غالي	none	1	0	1	1	0.378	287	expensive; dear	إنه من المجدي لبس خاتم (لكن مو اللي شكله غالي جدًا.	It is helpful to also wear a ring (just not one that looks too expensive.	countries/sa/ar-sa/entries/gali.yaml
flores	ar-sa	قام	none	0	0	14	0	0	0	wake; stand up; indicates a past tense			countries/sa/ar-sa/entries/gam.yaml
flores	ar-sa	قريب	kept	4	0	8	0.5	0.294	21.8	near; close; soon; shortly; relative; relation	وصرح شخصٌ يعمل في كراج قريب من مكان وقوع الحادث: "كان هناك أطفالٌ ينتظرون عبور الشارع وكلهم كانوا يصرخون ويبكون."	A person working in a garage near where the accident occurred said: "There were children waiting to cross the road and they were all screaming and crying."	countries/sa/ar-sa/entries/garib.yaml
flores	ar-sa	قتل	kept	6	0	6	1	0.785	143.5	kill; murder; massacre; killing; manslaughter; homicide	في ٢٨ جمادي الثاني، قُتل المارشال إيتالو بالبو، الحاكم العام لليبيا والوريث المحتمل لموسوليني، بنيران صديقة أثناء هبوطه في طبرق.	On June 28, Marshal Italo Balbo, the Governor-General of Libya and apparent heir to Mussolini, was killed by friendly fire while landing in Tobruk.	countries/sa/ar-sa/entries/gatal.yaml
flores	ar-sa	قدر	none	3	0	9	0.333	0.172	4	able to; can	يمكن تخصيصها لجعل القراءة أسهل وكذلك مع أكبر قدر من الألوان أو أقل حسب الحاجة.	It can be customized to make it easy to read and also with as much or little color as desired.	countries/sa/ar-sa/entries/gidar.yaml
flores	ar-sa	قدم	none	0	0	11	0	0	0	old; ancient; introduce; set forth beforehand; place at the front; place at the head; do earlier; do beforehand			countries/sa/ar-sa/entries/gidim.yaml
flores	ar-sa	حب	kept	2	0	2	1	0.549	287	love	قال جون جرانت، من دبليو إن إي دي بافالو (محطة ريدينج رينبو): "علمت ريدينج رينبو الأطفال ليش يقرأون، ... حب القراءة - شجع [البرنامج] الأطفال على اختيار كتاب وقراءته."	John Grant, from WNED Buffalo (Reading Rainbow's home station) said "Reading Rainbow taught kids why to read,... the love of reading — [the show] encouraged kids to pick up a book and to read."	countries/sa/ar-sa/entries/habb.yaml
flores	ar-sa	هذا	kept	81	0	120	0.675	0.618	8.4	this	يقول الباحثون الرئيسيون أن هذا قد يؤدي إلى الكشف المبكر للسرطان والسل وفيروس العوز المناعي البشري والملاريا في البلدان ذوات الدخل المنخفض، واللي تكون فيها معدلات النجاة من الأمراض مثل سرطان الصدر نصف معدلات البلدان الأغنى.	Lead researchers say this may bring early detection of cancer, tuberculosis, HIV and malaria to patients in low-income countries, where the survival rates for illnesses such as breast cancer can be half those of richer countries.	countries/sa/ar-sa/entries/hada.yaml
flores	ar-sa	هنا	kept	8	0	9	0.889	0.692	178.6	here; congratulate	 بعد المباراة، أفاد "ملك الملاعب الترابية": "أنا متحمس للعودة في الجولات الأخيرة لأهم الأحداث، فأنا هنا لمحاولة الفوز بهذا."	After the match, King of Clay said, "I am just excited about being back in the final rounds of the most important events. I am here to try to win this."	countries/sa/ar-sa/entries/hina.yaml
flores	ar-sa	هناك	kept	57	0	68	0.838	0.773	16.8	there	كانت هناك احتجاجات في جميع أنحاء العالم، والعديد من المحاكمات الجنائية، وقدم قادة حكومتي آيسلندا وباكستان استقالاتهم.	There were protests worldwide, several criminal prosecutions, and the leaders of the governments of Iceland and Pakistan both resigned.	countries/sa/ar-sa/entries/hinak.yaml
flores	ar-sa	هي	none	0	0	95	0	0	0	she			countries/sa/ar-sa/entries/hiyya.yaml
flores	ar-sa	حول	kept	13	0	33	0.394	0.292	19.3	strength; around; cross eyed; transform; turn into	تحدث "الأوجه" لأن الجانب الوحيد من كوكب الزهرة (أو من القمر) الذي يُضاء هو الجانب المواجه للشمس. دعمت مراحل كوكب الزهرة نظرية "كوبرنيكوس" بأن الكواكب تدور حول الشمس.	Phases happen because only the side of Venus (or of the Moon) facing the Sun is lighted. The phases of Venus supported the theory of Copernicus that the planets go around the Sun.	countries/sa/ar-sa/entries/hol.yaml
flores	ar-sa	هم	none	0	0	6	0	0	0	they; anxiety; concern; worry; care; sorrow; grief; affliction; distress			countries/sa/ar-sa/entries/humma.yaml
flores	ar-sa	إذن	none	0	0	1	0	0	0	ear; permission			countries/sa/ar-sa/entries/idin.yaml
flores	ar-sa	علي	none	6	0	610	0.01	0.006	0.6	rise; risen; exalted; high; on me	بلغ عدد القتلى 15 على الأقل، وهو رقم من المتوقع أن يستمر بالارتفاع.	The death toll is at least 15, a figure which is expected to rise.	countries/sa/ar-sa/entries/ili.yaml
flores	ar-sa	انت	none	2	0	99	0.02	0.008	0.3	you	ستحتاج إلى ملاحظة وضعية الضحية وأنت تقترب منها، وأي علامات خطر تلقائية.	You need to notice the victim's position as you approach him or her and any automatic red flags.	countries/sa/ar-sa/entries/inta.yaml
flores	ar-sa	عرف	none	0	0	4	0	0	0	know; inform; let know; introduce			countries/sa/ar-sa/entries/irif.yaml
flores	ar-sa	إذا	none	16	0	67	0.239	0.179	3.6	when; when it is that; as soon as; whether; then; therefore	يحدد المفوض الكفالة إذا تقررت ويضفي الطابع الرسمي على التهم التي يوجهها الضابط الذي أجرى الاعتقال. ثم تسجل التهم في نظام الكمبيوتر الخاص بالولاية حيث يجري تعقب القضية.	The commissioner sets bail, if granted, and formalizes the charges filed by the arresting officer. The charges are then entered into the state's computer system where the case is tracked.	countries/sa/ar-sa/entries/iza.yaml
flores	ar-sa	جديد	kept	11	0	11	1	0.87	28.7	new	أصدر مكتب البريد أمس اعتذاره للمواطنين ووسائل الإعلام بعد اكتشافه أن الصبي أخفى أكثر من 600 وثيقة بريدية، بما في ذلك 429 بطاقة بريدية بمناسبة العام الجديد، لم يتم تسليمها للمستلمين المقصودين.	Yesterday, the post office released their apology to citizens and the media after discovering that the boy had hidden more than 600 postal documents, including 429 New Year postcards, which weren't delivered to their intended recipients.	countries/sa/ar-sa/entries/jadid.yaml
flores	ar-sa	خلى	none	0	0	1	0	0	0	let; allow; leave			countries/sa/ar-sa/entries/kalla.yaml
flores	ar-sa	كم	none	0	0	14	0	0	0	how many; few			countries/sa/ar-sa/entries/kam.yaml
flores	ar-sa	كبير	none	0	0	34	0	0	0	big			countries/sa/ar-sa/entries/kbir.yaml
flores	ar-sa	كيف	kept	4	0	4	1	0.709	100.5	how	كيف ستسحبني جاذبية أيو؟ إذا وقفت على سطح أيو، سيصبح وزنك أقل مما هو عليه على الأرض.	How would Io's gravity pull on me? If you stood on the surface of Io, you would weigh less than you do on Earth.	countries/sa/ar-sa/entries/kef.yaml
flores	ar-sa	كل	kept	30	0	65	0.462	0.384	8.9	all; every	وبعد مرور 250 عاماً، أصبحت غينيس شركةً عالميةً تدرّ أكثر من 10 مليار يورو (ما يعادل 14.7 مليار دولار أمريكي) كل سنة.	250 years later, Guinness has grown to a global business that turns over 10 billion euros (US$14.7 billion) every year.	countries/sa/ar-sa/entries/kil.yaml
flores	ar-sa	خبز	kept	2	0	2	1	0.549	1004.5	bread; bake	يعتمد مطبخ مايوركا، مثل مطبخ المناطق المماثلة في البحر الأبيض المتوسط، على الخبز والخضروات واللحوم (خاصة لحم الخنزير)، ويستخدم زيت الزيتون في جميع الأنحاء.	Majorcan cuisine, like that of similar zones in the Mediterranean, is based on bread, vegetables and meat (specially pork), and uses olive oil throughout.	countries/sa/ar-sa/entries/kubuz.yaml
flores	ar-sa	لحظة	none	2	0	6	0.333	0.148	223.2	moment; instant	ساد صمت في جميع أنحاء المدينة في تمام الساعة 8:46 صباحاً، مسجلاً اللحظة الدقيقة التي ضربت فيها الطائرة الأولى هدفها.	At exactly 8:46 a.m. a hush fell across the city, marking the exact moment the first jet struck its target.	countries/sa/ar-sa/entries/lahza.yaml
flores	ar-sa	لما	none	0	0	12	0	0	0	when; while; as long as			countries/sa/ar-sa/entries/lamma.yaml
flores	ar-sa	ليه	none	0	0	4	0	0	0	why; for him			countries/sa/ar-sa/entries/le.yaml
flores	ar-sa	ليش	kept	2	0	2	1	0.549	401.8	why	قال جون جرانت، من دبليو إن إي دي بافالو (محطة ريدينج رينبو): "علمت ريدينج رينبو الأطفال ليش يقرأون، ... حب القراءة - شجع [البرنامج] الأطفال على اختيار كتاب وقراءته."	John Grant, from WNED Buffalo (Reading Rainbow's home station) said "Reading Rainbow taught kids why to read,... the love of reading — [the show] encouraged kids to pick up a book and to read."	countries/sa/ar-sa/entries/les.yaml
flores	ar-sa	معقول	none	1	0	4	0.25	0.078	100.5	reasonable; logical; really; is it possible	لحسن الحظ، يميل السائقون إلى التصرّف في نطاق معقول الاتساق؛ بهذا، تتمتع حركة المرور باتساق معقول، ويمكن التعبير عنها رياضيّاً بشكل تقريبي.	Fortunately, drivers tend to behave within a reasonably consistent range; thus, traffic streams tend to have some reasonable consistency and can be roughly represented mathematically.	countries/sa/ar-sa/entries/ma-gul.yaml
flores	ar-sa	مع	none	66	25	128	0.516	0.459	1.8	with; together with; in the company of; in spite of; despite; toward; in relation to; pro; for; advocate of; supporting	طلبت الشرطة عند الساعة 11:20 من المحتجين العودة إلى الرصيف، مبينّة أنه يجب عليهم الموازنة بين الحق في التظاهر مع ازدياد الحركة المرورية.	At 11:20, the police asked the protesters to move back on to the pavement, stating that they needed to balance the right to protest with the traffic building up.	countries/sa/ar-sa/entries/ma.yaml
flores	ar-sa	مرحبا	none	1	0	1	1	0.378	2009	welcome; hello	في العديد من أنحاء العالم، يُعدّ التلويح لفتة ودية تعني "مرحباً."	In many parts of the world, waving is a friendly gesture, indicating "hello."	countries/sa/ar-sa/entries/marhaba.yaml
flores	ar-sa	مرة	kept	11	1	20	0.55	0.409	7.7	very; time; instance; once	واجهت الشرطة النيوزيلندية مشكلةً في استخدام جهاز الرادار لمعرفة السرعة التي كان يسير بها السيد/ "ريد"، وذلك بسبب درجة انخفاض "البلاك بيوتي". وكانت المرة الوحيدة التي تمكنت فيها الشرطة من ضبط السيد/ "ريد" عندما قلل السرعة إلى 160 كيلومتر في ساعة.	The New Zealand police had trouble using their speed radar guns to see how fast Mr Reid was going because of how low Black Beauty is, and the only time the police managed to clock Mr Reid was when he slowed down to 160km/h.	countries/sa/ar-sa/entries/marra.yaml
flores	ar-sa	مين	none	0	0	1	0	0	0	who			countries/sa/ar-sa/entries/min.yaml
flores	ar-sa	متى	none	1	0	1	1	0.378	25.4	when; whenever	رفض روبرتس رفضاً قاطعاً أن يقول متى يعتقد أن الحياة تبدأ، وهو سؤال مهم عند التفكير في أخلاقيات الإجهاض، قائلاً إنه سيكون من غير الأخلاقي التعليق على تفاصيل الحالات المحتملة.	Roberts flatly refused to say about when he believes life begins, an important question when considering the ethics of abortion, saying that it would be unethical to comment on the specifics of likely cases.	countries/sa/ar-sa/entries/mita.yaml
flores	ar-sa	مشكلة	kept	6	0	10	0.6	0.401	57.4	problem	وعلى الرغم من ذلك، فإنها مشكلة من الصعب حلها وراح تاخذ سنين طوال قبل أن نشهد بناء مفاعلات اندماج مفيدة.	This, however, is a very hard problem to solve and will take many years before we see useful fusion reactors built.	countries/sa/ar-sa/entries/muskila.yaml
flores	ar-sa	رقم	kept	10	0	16	0.625	0.465	36.9	numeral; number; figure; digit; furnish with numbers; paginate; catalogue and the like	بلغ عدد القتلى 15 على الأقل، وهو رقم من المتوقع أن يستمر بالارتفاع.	The death toll is at least 15, a figure which is expected to rise.	countries/sa/ar-sa/entries/ragim.yaml
flores	ar-sa	راح	none	0	0	3	0	0	0	leave			countries/sa/ar-sa/entries/rah.yaml
flores	ar-sa	رجل	none	0	0	7	0	0	0	foot; leg			countries/sa/ar-sa/entries/rijil.yaml
flores	ar-sa	رجال	none	0	0	13	0	0	0	man			countries/sa/ar-sa/entries/rijjal.yaml
flores	ar-sa	ساعة	kept	14	0	36	0.389	0.292	23	hour; clock; watch	تبلغ حاليًا سرعة ريح إعصار "فريد" 105 أميال في الساعة (165 كم/ساعة) ويتجه نحو الشمال الغربي.	Fred currently has winds of 105 miles per hour (165 km/h) and is moving towards the northwest.	countries/sa/ar-sa/entries/sa-a.yaml
flores	ar-sa	صعب	kept	7	0	9	0.778	0.566	97.7	difficult; hard	وعلى الرغم من ذلك، فإنها مشكلة من الصعب حلها وراح تاخذ سنين طوال قبل أن نشهد بناء مفاعلات اندماج مفيدة.	This, however, is a very hard problem to solve and will take many years before we see useful fusion reactors built.	countries/sa/ar-sa/entries/sa3b.yaml
flores	ar-sa	ساب	none	0	0	2	0	0	0	leave; let go; ditch			countries/sa/ar-sa/entries/sab.yaml
flores	ar-sa	صغير	kept	2	0	4	0.5	0.23	29.5	small; young	عندما فتح المدّ المنخفض فجوة على طول النهر الغامض على طول الجانب الشمالي الشرقي من شبه الجزيرة، مدّوا السياج سريعاً بجدار حجري قصير إلى الشمال ينتهي عند حافة المياه على شاطئ صغير.	When low tide opened a gap along the Mystic River along the northeast of the peninsula, they quickly extended the fence with a short stone wall to the north ending at the water's edge on a small beach.	countries/sa/ar-sa/entries/sagir.yaml
flores	ar-sa	صاحب	none	0	0	2	0	0	0	friend; companion; owner; possessor; representative			countries/sa/ar-sa/entries/sahib.yaml
flores	ar-sa	سهل	kept	6	0	9	0.667	0.454	89.3	easy	وحتى لو كنت واقفاً وسط آثار عمرها ألف سنة، فمن السهل أن يحضر في ذهنك أصوات وروائح المعارك التي مرت منذ فترةٍ طويلةٍ، وأن تسمع تقريباً صوت الثرثرة على القلنسوة على الحصى وأن نشم رائحة الخوف الذي يتصاعد من حفر الزنزانة.	Even standing amidst thousand year-old ruins it is easy to bring to mind the sounds and smells of battles long gone, to almost hear the clatter of hooves on the cobbles and to smell the fear rising from the dungeon pits.	countries/sa/ar-sa/entries/sahl.yaml
flores	ar-sa	سنة	kept	18	0	36	0.5	0.396	12.9	year	في 24 رمضان 1172ه ، وقع آرثر غينيس عقد إيجار لمدة 9000 سنة لمصنع الخمور سانت جيمس جيت في دبلن، أيرلندا.	On September 24, 1759, Arthur Guinness signed a 9,000 year lease for the St James' Gate Brewery in Dublin, Ireland.	countries/sa/ar-sa/entries/sana.yaml
flores	ar-sa	سريع	none	1	0	3	0.333	0.106	95.7	fast; quick	نظراً للتّضاريس تحت المياه، يتركّز التّدفق العائد في بضعة أقسام عميقةٍ، وقد يتشكّل تيارٌ سريعٌ إلى المياه العميقة هناك.	Due to the underwater topology the return flow is concentrated at a few deeper sections, and a fast current to deep water may form there.	countries/sa/ar-sa/entries/sari.yaml
flores	ar-sa	سوى	none	0	0	2	0	0	0	make			countries/sa/ar-sa/entries/sawwa.yaml
flores	ar-sa	سيارة	kept	15	0	19	0.789	0.649	48.1	car	اصطدم بيكيه جونيور في سباق جائزة سنغافورة الكبرى لعام 1429ه بعد توقف فيرناندو ألونسو المبكر بسبب حفرة بينما كان يُحضر سيارة الأمان.	Piquet Jr. crashed in the 2008 Singapore Grand Prix just after an early pit stop for Fernando Alonso, bringing out the safety car.	countries/sa/ar-sa/entries/sayyara.yaml
flores	ar-sa	شارع	kept	4	0	6	0.667	0.409	148.8	street	بدأ الاحتجاج حوالي الساعة 11:00 بالتوقيت المحلي (UTC+1) في "وايتهول" في الاتجاه المقابل لشارع "داونينج" الذي تحرسه الشرطة وهو المقر الرسمي لرئيس الوزراء.	The protest started around 11:00 local time (UTC+1) on Whitehall opposite the police-guarded entrance to Downing Street, the Prime Minister's official residence.	countries/sa/ar-sa/entries/share3.yaml
flores	ar-sa	شرب	kept	6	0	6	1	0.785	223.2	drink	قم بشرب المشروبات الروحية باعتدال. يؤثر الكحول على الجميع بأشكال مختلفة، ومن المهم جدًا معرفة حدودك.	Drink alcoholic drinks with moderation. Alcohol affects everyone differently, and knowing your limit is very important.	countries/sa/ar-sa/entries/shirib.yaml
flores	ar-sa	سيد	none	0	0	5	0	0	0	grandfather			countries/sa/ar-sa/entries/sid.yaml
flores	ar-sa	شكرا	none	1	0	1	1	0.378	1004.5	thanks; thank you	نقلاً عن سيريبورن قوله في مؤتمر صحفي: "شكراً لأولئك الذين دعموا مُداناً مثلي،".	"Thanks for those who supported a convict like me," Siriporn was quoted as saying at a press conference.	countries/sa/ar-sa/entries/sukran.yaml
flores	ar-sa	طبعا	none	1	0	1	1	0.378	251.1	naturally; of course	إن الشخص الذي يبلغ وزنه 200 رطلاً (أي ما يعادل 90 كجم) على الأرض يزن حوالي 36 رطلاً (16 كجم) على قمر أيو. إذاً فإن الجاذبية، تشدّك بقدر أقل طبعاً .	A person who weighs 200 pounds (90kg) on Earth would weigh about 36 pounds (16kg) on Io. So the gravity, of course, pulls less on you.	countries/sa/ar-sa/entries/tab-an.yaml
flores	ar-sa	تحت	kept	12	0	24	0.5	0.373	17.9	down; under; below; downstairs	ولم يتم حتّى الآن ملء منطقة احتواء ثانويّة أخرى تحت الخزانات القادرة على استيعاب 104,500 برميلٍ.	Another secondary containment area below the tanks capable of holding 104,500 barrels was not yet filled to capacity.	countries/sa/ar-sa/entries/tahat.yaml
flores	ar-sa	ثانية	kept	10	0	27	0.37	0.262	35.4	second	ستسافر الكبسولة بسرعة 12.8 كيلومترًا أو 8 أميال في الثانية، وهي سرعة كافية للانتقال من سان فرانسيسكو إلى لوس أنجلوس في دقيقة واحدة.	The capsule will be traveling at about 12.8 km or 8 miles per second, fast enough to go from San Francisco to Los Angeles in one minute.	countries/sa/ar-sa/entries/tanya.yaml
flores	ar-sa	ترى	none	0	0	2	0	0	0	by the way			countries/sa/ar-sa/entries/tara.yaml
flores	ar-sa	طريق	kept	12	0	31	0.387	0.283	10.5	road; way; path; track	عولج على الفور من قبل الطاقم الطبي على الطريق ونُقل إلى مستشفى محلي حيث توفي لاحقاً.	He was immediately attended to by the on-track medical staff and transported to a local hospital where he later died.	countries/sa/ar-sa/entries/tarig.yaml
flores	ar-sa	طريقة	kept	22	0	28	0.786	0.672	12.9	manner; mode; means; way; path; method; procedure; course of action; system	يعمل العلماء على إنشاءِ مفاعلٍ يمكنه إنتاج الطاقة بنفس الطريقة.	Scientists are working to create a reactor that can make energy in the same way.	countries/sa/ar-sa/entries/tariga.yaml
flores	ar-sa	وضع	kept	5	0	21	0.238	0.141	59.8	situation	كما تؤكّد الحكومة الأيرلندية على الضرورة الملحّة لتشريعٍ برلمانيٍ لتصحيح الوضع.	The Irish government is stressing the urgency of parliamentary legislation to rectify the situation.	countries/sa/ar-sa/entries/wad.yaml
flores	ar-sa	وقت	kept	34	1	67	0.507	0.43	10.7	time; period of time; time span; moment; instant; set a time; appoint a time; fix a time; schedule	هسيه أشار أثناء الانتخابات إلى أن ما قد يهرب من البلاد في وقت المصائب.	Hsieh implied during the election that Ma might flee the country during a time of crisis.	countries/sa/ar-sa/entries/wagt.yaml
flores	ar-sa	ولا	none	0	0	18	0	0	0	nor; neither			countries/sa/ar-sa/entries/walla.yaml
flores	ar-sa	يلا	none	0	0	4	0	0	0	let's go; come on			countries/sa/ar-sa/entries/yalla.yaml
flores	ar-sa	يمكن	none	1	0	107	0.009	0.003	4.7	maybe	يمكن في يوم من الأيام، يقف أحفاد أحفادك على قمة عالم فضائي ويتساءلون عن أسلافهم القدامى؟	Maybe one day, your great grandchildren will be standing atop an alien world wondering about their ancient ancestors?	countries/sa/ar-sa/entries/yimkinn.yaml
flores	ar-sa	يوم	none	17	0	73	0.233	0.176	10.6	day	لاعبنا لليوم أليكس أوفيتشكين وهو أحد لاعبي فريق واشنطن كابيتالز.	Today's Player of the Day is Alex Ovechkin of the Washington Capitals.	countries/sa/ar-sa/entries/yom.yaml
flores	ar-iq	أبد	kept	3	0	6	0.5	0.268	125.6	never	هوايه من عدنا يستمتعون بمشاهدة برنامج تلفزيوني يحجي عن عملية أو تجربة ما راح نشارك بيها أو نطبقها أبداً.	So many of us find ourselves watching a television show that informs us of a process or experience in which we will never participate or apply that knowledge.	countries/iq/ar-iq/entries/abad.yaml
flores	ar-iq	أبوي	none	0	0	1	0	0	0	dad			countries/iq/ar-iq/entries/abuya.yaml
flores	ar-iq	أكل	kept	7	0	12	0.583	0.402	41.9	eat; food	تعتبر سيرينا محطة الحرس الوحيدة اللي تقدم السكن بصالة نوم مشتركة ووجبات أكل حارة بالإضافة إلى التخييم. تقدم محطات لا ليونا وسان بيدريللو ولوس باتوس التخييم بدون خدمة طعام.	Sirena is the only ranger station that offers dormitory lodging and hot meals in addition to camping. La Leona, San Pedrillo, and Los Patos offer only camping with no food service.	countries/iq/ar-iq/entries/akal.yaml
flores	ar-iq	أخذ	none	1	0	6	0.167	0.051	9.8	take	أخذ نظرة على  الرحلات اللي يسويلها الوكيل دعاية، سواء كان هالشي على موقع إلكتروني أو على شباك محل.	Take a look at what trips the agent is promoting, whether on a website or in a shop window.	countries/iq/ar-iq/entries/akhath.yaml
flores	ar-iq	آسف	none	0	0	2	0	0	0	sorry			countries/iq/ar-iq/entries/asif.yaml
flores	ar-iq	عتيق	kept	2	0	3	0.667	0.321	60.9	old	احتمال يكون المكان عبارة عن بناية تاريخية قديمة وبيها أثاث عتيق وأراضي مقطعة وحمام سباحة.	The setting might be an historic old building with antique furnishings, manicured grounds and a swimming pool.	countries/iq/ar-iq/entries/atig.yaml
flores	ar-iq	بعد	none	1	0	117	0.009	0.003	0.5	still; yet	ابتداءً من بعد ظهر الأربعاء، كانت فتحات الخزانات بعدها تسرب بسبب التمدد الحراري داخل الخزان.	As of Wednesday afternoon, the tank vents were still leaking probably from thermal expansion inside the tank.	countries/iq/ar-iq/entries/baad.yaml
flores	ar-iq	بعدين	kept	10	0	22	0.455	0.326	43.5	later	تمت معالجته فوراً  بواسطة الطاقم الطبي على الطريق وتم نقله لمستشفى محلي وتوفى هناك بعدين.	He was immediately attended to by the on-track medical staff and transported to a local hospital where he later died.	countries/iq/ar-iq/entries/baadein.yaml
flores	ar-iq	بعيد	none	1	0	7	0.143	0.044	17.9	far	يبلغ سمك القشرة حوالي 70 كيلومتر على الجانب القريب و100 كيلومتر على الجانب البعيد.	The crust is about 70 km thick on the near side and 100 km thick on the far side.	countries/iq/ar-iq/entries/baid.yaml
flores	ar-iq	بارد	none	1	0	2	0.5	0.164	167.4	cold	احتمال يكون الجو البارد هو الخطر الحقيقي الوحيد اللي راح يواجهه الأشخاص اللي مو متحضرين إله.	Cold weather is perhaps the only real danger the unprepared will face.	countries/iq/ar-iq/entries/barid.yaml
flores	ar-iq	بس	kept	50	0	78	0.641	0.569	6.4	enough; stop; only; but	حالياً محد يعرف التهم اللي راح تتوجه أو شلون وصلت السلطات للولد بس  الإجراءات المتعلقة بالأحداث بدت بالمحكمة الفيدرالية.	It is not known at this time what charges will be laid or what led authorities to the boy but juvenile proceedings have begun in federal court.	countries/iq/ar-iq/entries/bass.yaml
flores	ar-iq	بيت	kept	5	0	10	0.5	0.312	59.1	house	تعتبر قلعة "كيربي موكسلو"، نموذجية لهذي الفترة، لأنها تشبه بيت محصن أكثر من كونها قلعة حقيقية.	Typical for the period, Kirby Muxloe Castle is more of a fortified house than a true castle.	countries/iq/ar-iq/entries/beit.yaml
flores	ar-iq	بسرعة	kept	5	0	19	0.263	0.156	66.1	quickly; hurry up	لمن فتح المد المنخفض فجوة على طول النهر الغامض على امتداد الجانب الشمالي الشرقي من شبه الجزيرة، مدوا السياج بسرعة بجدار حجري قصير من الشمال ينتهي عد حافة المياه على شاطئ زغير.	When low tide opened a gap along the Mystic River along the northeast of the peninsula, they quickly extended the fence with a short stone wall to the north ending at the water's edge on a small beach.	countries/iq/ar-iq/entries/bsura.yaml
flores	ar-iq	كبير	none	0	0	39	0	0	0	big			countries/iq/ar-iq/entries/chbir.yaml
flores	ar-iq	دايماً	kept	8	0	12	0.667	0.482	133.9	always	حاولت لوكسمبورغ دائماً  أن تكون دولة حيادية ولكن ألمانيا احتلتها بالحرب العالمية الأولى والثانية.	Luxembourg has always tried to remain a neutral country but it was occupied in both World War I and World War II by Germany.	countries/iq/ar-iq/entries/dayman.yaml
flores	ar-iq	إي	none	0	0	70	0	0	0	yes			countries/iq/ar-iq/entries/ee.yaml
flores	ar-iq	فهم	kept	10	0	12	0.833	0.658	83.7	understand	 الحفاظ على التوازن الصحي للطاقة، وممارسة عادات الترطيب الفعالة، وفهم الجوانب المختلفة لممارسات المكملات الغذائية ممكن يساعد الرياضيين بتحسين أدائهم وزيادة مستوى تمتعهم بالرياضة.	Maintaining a healthy energy balance, practicing effective hydration habits, and understanding the various aspects of supplementation practices can help athletes improve their performance and increase their enjoyment of the sport.	countries/iq/ar-iq/entries/fiham.yaml
flores	ar-iq	فلوس	kept	4	0	5	0.8	0.514	133.9	money	ممكن يفكر المسافر اللي عنده فلوس هوايه أن يسافر حول العالم مع إقامات متقطعة بعدد من هذي  الفنادق.	A traveller with piles of money might consider a round the world flight, broken up with stays in many of these hotels.	countries/iq/ar-iq/entries/flus.yaml
flores	ar-iq	غالي	kept	2	0	2	1	0.549	334.8	expensive	ما كان أكو غابات كبيرة بأرض كنعان، لذلك كان الخشب غالي.	There were no large forests in the land of Canaan, so wood was extremely expensive.	countries/iq/ar-iq/entries/ghali.yaml
flores	ar-iq	قدر	none	1	0	5	0.2	0.062	2.4	able; can	طبعاً  عداء سباقات الـ 400 متر من الدرجة الأولى، يكَدر يكمل السباق بأقل من دقيقتين،لازم يتمتع بقدر معقول من السرعة، ولكن لازم يصقل القدرة على التحمل بجميع الأحوال.	Of course a first-class half-miler, a man who can beat two minutes, must be possessed of a fair amount of speed, but endurance must be cultivated at all hazards.	countries/iq/ar-iq/entries/gidar.yaml
flores	ar-iq	قريب	kept	7	0	13	0.538	0.367	54.1	near	أكو كهف صغير قريب من القمة لازم تعبر من خلاله، ويكون كلش ناصي وضيق.	There's a tiny cave near the top that must be passed through, it is quite low and a rather tight squeeze.	countries/iq/ar-iq/entries/grib.yaml
flores	ar-iq	حب	kept	2	0	2	1	0.549	37.2	like; love	كَال جون جرانت، من دبليو إن إي دي بافالو (محطة ريدينج رينبو): "علمت ريدينج رينبو الأطفال ليش لازم يقرون ... حب القراءة - شجع [البرنامج] الأطفال حتى يلزمون كتاب ويقروه."	John Grant, from WNED Buffalo (Reading Rainbow's home station) said "Reading Rainbow taught kids why to read,... the love of reading — [the show] encouraged kids to pick up a book and to read."	countries/iq/ar-iq/entries/habb.yaml
flores	ar-iq	هم	none	2	0	7	0.286	0.125	4.9	also; too	نظراً لانحناء القسم السفلي من الشفرة شوية، بحيث تميل  لجهة أو الثانية، فإن الحافة الملامسة للجليد منحنية هي هم.	Because the bottom of the blade is slightly curved, as the blade tilts to one side or the other, the edge which is in contact with the ice also curves.	countries/iq/ar-iq/entries/hamm.yaml
flores	ar-iq	حار	kept	2	0	4	0.5	0.23	111.6	hot	كَال قائد المطافئ سكوت كونس: "كان يوم حار بسانتا كلارا لأن وصلت درجات حرارة إلى الـتلاثينات سليزية".	Fire captain Scott Kouns said, "It was a hot day in the Santa Clara with temperatures in the 90s.	countries/iq/ar-iq/entries/har.yaml
flores	ar-iq	هسه	kept	4	0	5	0.8	0.514	61.8	now	مرينا بأزمة مالية استمرت لمدة عام، ووصلت ذروتها بالشهرين الي راحت، وأعتقد أن الأسواق المالية بدت تتعافى هسه." 	We have a year-long financial crisis, which has had its most acute moment in the past two months, and I think now the financial markets are beginning to recover."	countries/iq/ar-iq/entries/hassa.yaml
flores	ar-iq	هذا	kept	74	0	144	0.514	0.461	6.4	this	حسب كلام الباحثين الرئيسيين أنو هذا  ممكن يساعد على الكشف المبكر عن السرطان والسل وفيروس العوز المناعي البشري والملاريا بالبلدان ذات الدخل المنخفض، والي تكون بيها معدلات النجاة من الأمراض مثل سرطان الصدر نص معدلات البلدان الأغنى.	Lead researchers say this may bring early detection of cancer, tuberculosis, HIV and malaria to patients in low-income countries, where the survival rates for illnesses such as breast cancer can be half those of richer countries.	countries/iq/ar-iq/entries/hatha.yaml
flores	ar-iq	حلو	none	0	0	3	0	0	0	beautiful; nice			countries/iq/ar-iq/entries/hilu.yaml
flores	ar-iq	هنا	kept	6	0	6	1	0.785	200.9	here	يعيش 2000 موظف هنا بالصيف بحوالي 48 قاعدة  أغلبهم بهذي  المناطق، وعدد قليل يبقون لحد الشتا.	A couple of thousand staff live here in summer in some four dozen bases mostly in those areas; a small number stay over winter.	countries/iq/ar-iq/entries/hna.yaml
flores	ar-iq	هناك	kept	13	0	21	0.619	0.479	12.4	there	كانت هناك مظاهرات بكل أنحاء العالم، والعديد من المحاكمات الجنائية، وقدم قادة حكومتي آيسلندا وباكستان استقالاتهم.	There were protests worldwide, several criminal prosecutions, and the leaders of the governments of Iceland and Pakistan both resigned.	countries/iq/ar-iq/entries/hnak.yaml
flores	ar-iq	هواية	kept	37	0	57	0.649	0.565	12.3	lot; many	تُظهر الصورة الموالية الذرات لمن تنبعث منها الفوتونات. وبكل تأكيد تكون الفوتونات بالواقع أصغر بهواية من الموجودة بالصورة.	The next picture shows the atoms emitting photons. Of course, in reality photons are a lot smaller than those in the picture.	countries/iq/ar-iq/entries/hwaya.yaml
flores	ar-iq	إجا	none	0	0	4	0	0	0	come			countries/iq/ar-iq/entries/ija.yaml
flores	ar-iq	البارحة	kept	6	0	6	1	0.785	334.8	yesterday	تحاول طائرة توين أوتر الهبوط بكوكودا من البارحة كرحلة برقم CG4684 على خطوط طيران PNG، لكن العملية توقفت مرة بالفعل.	The Twin Otter had been trying to land at Kokoda yesterday as Airlines PNG Flight CG4684, but had aborted once already.	countries/iq/ar-iq/entries/il-barha.yaml
flores	ar-iq	اليوم	kept	26	0	46	0.565	0.471	36.6	today	لاعبنا لليوم أليكس أوفيتشكين وهو واحد من افراد فريق واشنطن كابيتالز.	Today's Player of the Day is Alex Ovechkin of the Washington Capitals.	countries/iq/ar-iq/entries/il-yom.yaml
flores	ar-iq	عرف	none	0	0	2	0	0	0	know			countries/iq/ar-iq/entries/iraf.yaml
flores	ar-iq	اشتغل	kept	2	0	2	1	0.549	40.2	work	قبل "ذا سيمبسونز" اشتغل سايمون بعدة عروض بشخصيات مختلفة.	Before The Simpsons Simon had worked on several shows in various positions.	countries/iq/ar-iq/entries/ishtighal.yaml
flores	ar-iq	جديد	kept	14	0	15	0.933	0.801	26.8	new	راح تحقق ستاردست رقم قياسي جديد تماماً كونها أسرع مركبة فضائية ترجع إلى الأرض، وراح تحطم الرقم القياسي السابق اللي تم تسجيله بشهر أَيار عام 1969 خلال عودة وحدة قيادة أبولو إكس.	Stardust will set a new all-time record for being the fastest spacecraft to return to Earth, breaking the previous record set in May of 1969 during the return of the Apollo X command module.	countries/iq/ar-iq/entries/jdid.yaml
flores	ar-iq	خوش	none	1	0	1	1	0.378	60.9	good	هذا هو المكان اللي استعملوه المستعمرينن البريطانيين كممكان خاص بيهم، وبالتالي إذا كنت تدور عن دليل على الماضي الاستعماري للمنطقة، فهذا خوش مكان حتى تبدي.	This is the place the British colonisers took as their own and so if you are looking for evidence of the territory's colonial past, this is a good place to start.	countries/iq/ar-iq/entries/khosh.yaml
flores	ar-iq	خبز	kept	2	0	2	1	0.549	1004.5	bread	بمطبخ مايوركا ، مثل بقية مطابخ مناطق البحر الأبيض المتوسط ، يعتمدون على الخبز والمخضر واللحم (خاصة لحم الخنزير) ، وبهذا المطبخ يستخدمون زيت الزيتون اكثر شي.	Majorcan cuisine, like that of similar zones in the Mediterranean, is based on bread, vegetables and meat (specially pork), and uses olive oil throughout.	countries/iq/ar-iq/entries/khubuz.yaml
flores	ar-iq	كل	kept	30	0	68	0.441	0.366	9.8	all	بالإضافة إلى نقله  ثلاث أدوات علمية هامة، نقل المسبار القمري أيضاً صورة العلم الوطني الهندي المرسومة على كل جهاته.	Besides carrying three important scientific instruments, the lunar probe also carried the image of the Indian national flag, painted on all sides.	countries/iq/ar-iq/entries/kull.yaml
flores	ar-iq	كلش	kept	16	0	37	0.432	0.333	19.7	very	يأكد علماء آخرون بأن هذي  النباتات سامة كلش، لهذا من غير المرجح أن يأكلها أي ديناصور، بالرغم من أن الحيوان الكسلان وحيوانات أخرى مثل الببغاء (من سلالة الديناصورات) تكَدر  تأكل الأوراق السامة أو الفاكهة.	Other scientists argue that these plants are very poisonous so it is unlikely that any dinosaur ate them, even though today the sloth and other animals like the parrot (a descendant of the dinosaurs) can eat poisonous leaves or fruit.	countries/iq/ar-iq/entries/kullish.yaml
flores	ar-iq	ليش	kept	4	0	4	1	0.709	401.8	why	كَال جون جرانت، من دبليو إن إي دي بافالو (محطة ريدينج رينبو): "علمت ريدينج رينبو الأطفال ليش لازم يقرون ... حب القراءة - شجع [البرنامج] الأطفال حتى يلزمون كتاب ويقروه."	John Grant, from WNED Buffalo (Reading Rainbow's home station) said "Reading Rainbow taught kids why to read,... the love of reading — [the show] encouraged kids to pick up a book and to read."	countries/iq/ar-iq/entries/leish.yaml
flores	ar-iq	مرة	none	0	0	20	0	0	0	woman			countries/iq/ar-iq/entries/mara.yaml
flores	ar-iq	ماي	kept	2	0	3	0.667	0.321	33.5	water	راح يكون سلوكها يشبه الماي. هي شفافة تماماً  مثل الماي.	"It's going to behave like water. It's transparent just the way water is.	countries/iq/ar-iq/entries/may.yaml
flores	ar-iq	موبايل	kept	6	0	6	1	0.785	154.5	phone	وخلال خطابه اللي  استمر ساعتين صرح "اليوم، راح تعيد شركة أبل اختراع الموبايل من جديد، راح نصنع التاريخ اليوم".	During his 2 hour speech he stated that "Today Apple is going to reinvent the phone, We are going to make history today".	countries/iq/ar-iq/entries/mobile.yaml
flores	ar-iq	باص	kept	5	0	5	1	0.753	167.4	bus	كان الباص متجه لسيكس فلاجز سانت لويس بولاية ميزوري حتى تعزف الفرقة أمام جمهور بعرض انباعت  كل تذاكره.	The bus was headed to Six Flags St. Louis in Missouri for the band to play to a sold-out crowd.	countries/iq/ar-iq/entries/pas.yaml
flores	ar-iq	رجال	none	1	0	13	0.077	0.023	15.5	man	إدعى أنو الرجال ساق سيارة أم تلث تايرات مليانة بالمتفجرات بنص مجموعة من الناس.	The man allegedly drove a three-wheeled vehicle armed with explosives into a crowd.	countries/iq/ar-iq/entries/rijjal.yaml
flores	ar-iq	صعب	kept	3	0	11	0.273	0.139	78.3	difficult	الوقت هو عامل يحيط بنا ويأثر على كلشي نسوي، إلا أنه صعب الفهم.	Time is something that is all around us, and affects everything we do, yet is difficult to understand.	countries/iq/ar-iq/entries/saab.yaml
flores	ar-iq	صديق	kept	2	0	2	1	0.549	287	friend	إذا كنت بوحدك أو وياك صديق واحد بس، حاول تلكَي ناس بعد وتشكل مجموعة من أربعة إلى ستة أفراد حتى تحصل على سعر أفضل للشخص الواحد،لأن الجولات السياحية  تكون أرخص للمجموعات الأكبر عدداً.	Tours are cheaper for larger groups, so if you're by yourself or with just one friend, try to meet other people and form a group of four to six for a better per-person rate.	countries/iq/ar-iq/entries/sadiq.yaml
flores	ar-iq	سهل	kept	8	0	11	0.727	0.535	97.4	easy	وحتى لو كنت واكَف بنص آثار عمرها ألف سنة، فمن السهل إنو تجى على بالك أصوات وروائح المعارك اللي مرت قبل زمن طويل، وتسمع تقريباً صوت الثرثرة على القلنسوة على الحصى وتشم ريحة الخوف اللي تصعد من حفر الزنزانة.	Even standing amidst thousand year-old ruins it is easy to bring to mind the sounds and smells of battles long gone, to almost hear the clatter of hooves on the cobbles and to smell the fear rising from the dungeon pits.	countries/iq/ar-iq/entries/sahil.yaml
flores	ar-iq	سريع	none	1	0	3	0.333	0.106	133.9	fast	نظراً للتضاريس تحت المياه، يتركز التدفق الراجع بمجموعة من الأقسام العميقة، وممكن يتشكل تيار سريع للمياه العميقة هناك.	Due to the underwater topology the return flow is concentrated at a few deeper sections, and a fast current to deep water may form there.	countries/iq/ar-iq/entries/sari.yaml
flores	ar-iq	سيارة	kept	16	0	23	0.696	0.563	42.4	car	اصطدم بيكيه جونيور بسباق جائزة سنغافورة الكبرى لعام 2008 بعدما توقف فيرناندو ألونسو  بوقت مبكر بسبب حفرة بينما كان يحضر سيارة الأمان.	Piquet Jr. crashed in the 2008 Singapore Grand Prix just after an early pit stop for Fernando Alonso, bringing out the safety car.	countries/iq/ar-iq/entries/sayyara.yaml
flores	ar-iq	شاف	none	0	0	1	0	0	0	see; look			countries/iq/ar-iq/entries/shaf.yaml
flores	ar-iq	شارع	kept	3	0	5	0.6	0.33	133.9	street	بدت المظاهرات حوالي الساعة 11:00 بالتوقيت المحلي (UTC+1) بمنطقة "وايتهول" بالاتجاه المقابل لشارع "داونينج" اللي تحرسه الشرطة وهو المقر الرسمي لرئيس الوزراء.	The protest started around 11:00 local time (UTC+1) on Whitehall opposite the police-guarded entrance to Downing Street, the Prime Minister's official residence.	countries/iq/ar-iq/entries/sharia.yaml
flores	ar-iq	شي	none	5	0	26	0.192	0.113	10.4	something; thing	بالواقع، ماكو شي واحد زين نكَدر نتعلمه، لأن التعلم يصير بالتجربة بين المُتعلم والمعرفة المُقدمة.	In fact, there is not one good thing to learn.Learning takes place in the experience between the learner and the knowledge presented.	countries/iq/ar-iq/entries/shi.yaml
flores	ar-iq	شنو	kept	3	0	3	1	0.646	67	what	 شنو هي الخلية؟ كلمة الخلية مشتقة من الكلمة اللاتينية "cella"، ومعناها "الغرفة الصغيرة"، تمت صياغة هذا المصطلح لأول مرة من قبل عالم مجهر كان يراقب هيكل الفلين.	What is a cell? The word cell comes from the Latin word "cella", meaning "small room", and it was first coined by a microscopist observing the structure of cork.	countries/iq/ar-iq/entries/shinu.yaml
flores	ar-iq	شرب	kept	5	0	5	1	0.753	223.2	drink	ممكن أن تشمل الأحداث الصحية الطويلة الأجل المحتملة الناجمة عن الإفراط بشرب المشروبات الكحولية إلحاق الضرر بالكبد وحتى العمى والموت. يزداد الخطر المحتمل بحالة شرب الكحول المنتج بشكل غير قانوني.	Possible long term health events from excessive drinking can include liver damage and even blindness and death. The potential danger is increased when consuming illegally produced alcohol.	countries/iq/ar-iq/entries/shirab.yaml
flores	ar-iq	شلون	kept	4	0	5	0.8	0.514	80.4	how	شلون راح تشدني جاذبية أيو؟ إذا وقفت على سطح أيو، راح يصير وزنك أقل مما هو عليه على الأرض.	How would Io's gravity pull on me? If you stood on the surface of Io, you would weigh less than you do on Earth.	countries/iq/ar-iq/entries/shlon.yaml
flores	ar-iq	شكراً	none	0	0	1	0	0	0	thank you			countries/iq/ar-iq/entries/shukran.yaml
flores	ar-iq	شوية	none	1	0	8	0.125	0.038	19.3	little	مع ذلك، ممكن يستنتج الأشخاص اللي يعرفون شويه إسباني إنو البرتغالية قريبة بشكل كافي من الإسبانية وماكو داعي لدراستها على حدة.	However, people who know a little Spanish may hastily conclude that Portuguese is close enough that it need not be studied separately.	countries/iq/ar-iq/entries/shwayya.yaml
flores	ar-iq	صدق	none	0	0	1	0	0	0	really			countries/iq/ar-iq/entries/sidug.yaml
flores	ar-iq	طبعاً	kept	3	0	5	0.6	0.33	200.9	of course	الشخص اللي  يبلغ وزنه 200 رطل (أي ما يعادل 90 كيلوغرام) على الأرض يزن حوالي 36 رطل (16 كيلوغرام) على قمر آيو. إذاً فإن الجاذبية، تشدك بمقدار أقل طبعاً .	A person who weighs 200 pounds (90kg) on Earth would weigh about 36 pounds (16kg) on Io. So the gravity, of course, pulls less on you.	countries/iq/ar-iq/entries/tabaan.yaml
flores	ar-iq	ذاك	none	0	0	7	0	0	0	that			countries/iq/ar-iq/entries/thak.yaml
flores	ar-iq	طلع	none	0	0	3	0	0	0	go out; leave			countries/iq/ar-iq/entries/tila.yaml
flores	ar-iq	وين	none	1	0	2	0.5	0.164	23.9	where	يعتقد العلماء إنو حيوانات النمر القزم تتعقب وتلكَي حيوانات تاكلها (فريسة) عن طريق حاسة الشم؛ وتشم وين مكانهم على الأرض.	Scientists think that ocelots follow and find animals to eat (prey) by smell, sniffing for where they've been on the ground.	countries/iq/ar-iq/entries/wein.yaml
flores	ar-iq	يلا	none	0	0	5	0	0	0	let's go			countries/iq/ar-iq/entries/yalla.yaml
flores	ar-iq	يمكن	none	2	0	29	0.069	0.029	34.6	maybe	يمكن بيوم من الأيام، راح يوكَفون أحفاد أحفادك على قمة عالم فضائي ويتساءلون عن أجدادهم القدامى؟	Maybe one day, your great grandchildren will be standing atop an alien world wondering about their ancient ancestors?	countries/iq/ar-iq/entries/yimkin.yaml
flores	ar-iq	يمه	none	0	0	5	0	0	0	mom			countries/iq/ar-iq/entries/yumma.yaml
flores	ar-iq	زين	kept	6	0	7	0.857	0.622	23.6	fine; well; good; okay; all right	عدا عن الصخونة والتهاب البلاعيم، أحس أنو وضعي زين وأكَدر أسوي شغلي أونلاين.	"Apart from the fever and a sore throat, I feel well and in good shape to carry out my work by telecommuting.	countries/iq/ar-iq/entries/zein.yaml
flores	ar-iq	زغير	none	1	0	4	0.25	0.078	19.3	small	لمن فتح المد المنخفض فجوة على طول النهر الغامض على امتداد الجانب الشمالي الشرقي من شبه الجزيرة، مدوا السياج بسرعة بجدار حجري قصير من الشمال ينتهي عد حافة المياه على شاطئ زغير.	When low tide opened a gap along the Mystic River along the northeast of the peninsula, they quickly extended the fence with a short stone wall to the north ending at the water's edge on a small beach.	countries/iq/ar-iq/entries/zghayyir.yaml
flores	ar-ma	أبدا	none	0	0	1	0	0	0	never			countries/ma/ar-ma/entries/abadan.yaml
flores	ar-ma	آه	none	1	0	1	1	0.378	2009	yes	آه! الملك توت عنخ آمون اللي شي مرات كيتسما "ملك التوت" أو "الدري الملك" هو من أقد الملوك لقدام نتاع مصر اللي معروفين فهاد لوقت.	Yes! King Tutankhamun, sometimes referred to as "King Tut" or "The Boy King", is one of the most well known ancient Egyptian kings in modern times.	countries/ma/ar-ma/entries/ah.yaml
flores	ar-ma	آخر	kept	15	0	20	0.75	0.61	9.5	another; one more; other; last	بين الدليل من بعد باللي راه وقع التلاعب في الاوراق ديال الامتحانات واتهموا فيها هال و34 موظف آخر في التعليم في عام 2013.	Evidence thereafter indicated test papers were tampered with Hall, along with 34 other education officials, was indicted in 2013.	countries/ma/ar-ma/entries/akur.yaml
flores	ar-ma	أنا	none	0	0	4	0	0	0	which			countries/ma/ar-ma/entries/ana-2.yaml
flores	ar-ma	عند	kept	8	0	26	0.308	0.206	3.4	at the house of; expresses possession; have	كان هاد الشي بمثابة تغيير مهم ، لأنه ما بقاش عند القوى الأوروبية أي سبَّة على أنها حروبًا دينية. وهكذا ، غاتولي حرب تلاتين عام آخر حرب كتُّوصف على أنها حرب دينية.	This marked an important change, as European powers would no longer have the pretext of being religious wars. Thus, the Thirty Years' War would be the last war to be labeled a religious war.	countries/ma/ar-ma/entries/and.yaml
flores	ar-ma	آش	none	0	0	1	0	0	0	what			countries/ma/ar-ma/entries/as.yaml
flores	ar-ma	أشنو	kept	4	1	5	0.8	0.514	53.6	what	بزاف دالناس تيحلمو بداك النهار اللي فيه الإنسان يقدر يسافر لنجم أخر ويكتشف عوالم أخرى، وبعض الناس تيقولو أشنو ممكن يكون على برا فالفضاء شي وحدين تيقولو كاينين الفضائيين ولا شي كل أخر للحياة فكوكب أخر.	Many people dream of the day when humans can travel to another star and explore other worlds, some people wonder what's out there some belive that aliens or other life may live on another plant.	countries/ma/ar-ma/entries/asnu.yaml
flores	ar-ma	أي	kept	20	0	36	0.556	0.449	26.6	any	ولكن البحرية الملكية كانت مازال قوية بزاف من البحرية الألمانية ("كريغسمارينه") وكانت تقدر تدمر أي أسطول غزو كيجي من القناة الإنجليزية.	But the Royal Navy was still much stronger than the German Navy (“Kriegsmarine”) and could have destroyed any invasion fleet sent across the English Channel.	countries/ma/ar-ma/entries/ayy.yaml
flores	ar-ma	بالسلامة	none	0	0	1	0	0	0	goodbye; farewell			countries/ma/ar-ma/entries/b-es-slama.yaml
flores	ar-ma	بعيد	none	1	0	15	0.067	0.02	5.8	far; remote; distant	سمك القشرة كاين حوالي 70 كيلومترًا في الجانب لقريب وسمكها 100 كيلومتر في الجانب لبعيد.	The crust is about 70 km thick on the near side and 100 km thick on the far side.	countries/ma/ar-ma/entries/b-id.yaml
flores	ar-ma	بابا	none	0	0	2	0	0	0	dad			countries/ma/ar-ma/entries/baba.yaml
flores	ar-ma	بارد	kept	2	0	4	0.5	0.23	167.4	cold; dull	يقدر يكون المناخ البارد هو الخطر الحقيقي الوحيد اللي غادي يواجهه الأشخاص غير المستعدين له.	Cold weather is perhaps the only real danger the unprepared will face.	countries/ma/ar-ma/entries/barid.yaml
flores	ar-ma	باس	none	0	0	2	0	0	0	kiss			countries/ma/ar-ma/entries/bas.yaml
flores	ar-ma	بين	kept	30	0	86	0.349	0.286	17.1	between; make clear; explain; outline; illustrate	اللعبة دايرة على معركة الفلوجة التانية الوحشية بين القوات الأمريكية والعراقية.	The game is based on the Second Battle of Fallujah, a vicious battle between American and Iraqi forces.	countries/ma/ar-ma/entries/bayn.yaml
flores	ar-ma	بصح	none	1	0	4	0.25	0.078	125.6	really; seriously	"مايلر قال فاش طلبو التعليق على الأمر، مايك هدر بزاف فالجلسة، و حيتاش كنت كنتوجّد، بصح مسمعتش اشنو كان كيقول."	When asked for comment, Miller said, "Mike talks a lot during the hearing...I was getting ready so I wasn't really hearing what he was saying."	countries/ma/ar-ma/entries/bessah.yaml
flores	ar-ma	بسبب	kept	6	0	32	0.188	0.115	29	because of	بزاف ديال الحوت كيموت بسبب التركز العالي ديال السموم في الماء.	Fish often die because of the high concentrations of the toxin in the waters.	countries/ma/ar-ma/entries/bsabab.yaml
flores	ar-ma	دابا	kept	14	0	26	0.538	0.415	41.6	now; right now; at present	حتى لدابا، أمريكا اونلاين كانت قادْره باش تحرك و تطور السوق ديال الميساجات (الرسائل) الفورية بالسرعة لي بغات، حيتاش كانت منتاشرا فمريكان بواحد الشكل كبير.	Until now, AOL has been able to move and develop the IM market at its own pace, due to its widespread use within the United States.	countries/ma/ar-ma/entries/daba.yaml
flores	ar-ma	داك	none	6	0	12	0.5	0.327	2.9	that	تفك واحد المحرك فالإقلاع اللي كان ف7 أكتوبر، ولكن مكانتش شي خسائر. وقفات روسيا طائرات Il-76s لمدة قصير من بعد داك الحادث.	On October 7 an engine separated on takeoff, without injuries. Russia briefly grounded Il-76s after that accident.	countries/ma/ar-ma/entries/dak.yaml
flores	ar-ma	دار	none	0	0	27	0	0	0	turn; go around; rotate			countries/ma/ar-ma/entries/dar.yaml
flores	ar-ma	ديما	none	0	0	9	0	0	0	always			countries/ma/ar-ma/entries/dima.yaml
flores	ar-ma	ادى	none	0	0	8	0	0	0	take; mind; pay attention; get worked up over someone's speech; deed			countries/ma/ar-ma/entries/edda.yaml
flores	ar-ma	البارح	kept	6	0	6	1	0.785	334.8	yesterday	كان Twin Otter كيحاول الهبوط في كوكودا/ Kokoda البارح فالرحلة CG رَبْعلاف أو سْتَمْية أو رَبعة أو تمانين/ CG4684 اللي تابعة لشركة الخطوط الجوية PNG ، ولكن تم الإجهاض ديال هاد المحاولة فْ مرة وحدة .	The Twin Otter had been trying to land at Kokoda yesterday as Airlines PNG Flight CG4684, but had aborted once already.	countries/ma/ar-ma/entries/el-barih.yaml
flores	ar-ma	اليوم	kept	24	0	28	0.857	0.753	55.5	today	اللاعب ديال هاد اليوم هو أليكس اوفيتشكين من واشنطن العاصمة.	Today's Player of the Day is Alex Ovechkin of the Washington Capitals.	countries/ma/ar-ma/entries/el-yuma.yaml
flores	ar-ma	فرحان	none	1	0	2	0.5	0.164	1004.5	happy; joyous	أنا فرحان حيت كاين ناس مستعدين يعاونوني.	I am happy that there are people willing to support me.	countries/ma/ar-ma/entries/farhan.yaml
flores	ar-ma	فهم	kept	6	0	6	1	0.785	100.5	understand	الحفاظ على طاقة صحية متوازنة وتتبع نظام فعال لشرب الماء وفهم مختلف أوجه التغذية التكيلية يقدر يعاون الرياضيين يطورو الأداء ديالهم ويزيد المتعة بالرياضة.	Maintaining a healthy energy balance, practicing effective hydration habits, and understanding the various aspects of supplementation practices can help athletes improve their performance and increase their enjoyment of the sport.	countries/ma/ar-ma/entries/fhem.yaml
flores	ar-ma	فين	kept	9	0	19	0.474	0.335	22.7	where	الوكيل كيحدد الكفالة، فحالة إيلا تعطات، و كيثّبث التهم لي وجهها الظابط لي كيعتقل. ومن بعد، المستحقات كيدخلو لسيتيم ديال البيسي ديال الولاية فين كيتبعو الحالة ديالها.	The commissioner sets bail, if granted, and formalizes the charges filed by the arresting officer. The charges are then entered into the state's computer system where the case is tracked.	countries/ma/ar-ma/entries/fin.yaml
flores	ar-ma	فلوس	kept	7	0	10	0.7	0.497	100.4	money; chick; young chicken; rooster	يقدر يفكر المسافر اللي عنده بزاف ديال الفلوس أنه يدير رحلة حول العالم، مع إقامات متقطعة في بزاف من هاذ الاوتيلات.	A traveller with piles of money might consider a round the world flight, broken up with stays in many of these hotels.	countries/ma/ar-ma/entries/flus.yaml
flores	ar-ma	غدا	none	0	0	1	0	0	0	tomorrow; lunch			countries/ma/ar-ma/entries/gadda.yaml
flores	ar-ma	غالي	kept	3	0	4	0.75	0.433	251.1	expensive	ميتروبلوس أكثر أريحية ومتيكونش عامر ولكن غالي شوية، وخا هكاك رخيص على تذاكر الميترو العادي فأوروبا.	MetroPlus is more comfortable and less crowded but slightly more expensive, though still cheaper than normal metro tickets in Europe.	countries/ma/ar-ma/entries/gali.yaml
flores	ar-ma	غزال	none	0	0	4	0	0	0	gazelle; beautiful			countries/ma/ar-ma/entries/gzal.yaml
flores	ar-ma	حب	none	1	0	2	0.5	0.164	143.5	love	Callejon del Beso (زقاق القبلة). جوج بالكونات بينهم 69 سم فقط، عبارة عن موطن لأسطورة حب قديمة.	Callejon del Beso (Alley of the Kiss). Two balconies separated by only 69 centimeters is home of an old love legend.	countries/ma/ar-ma/entries/habb.yaml
flores	ar-ma	هاد	kept	64	0	130	0.492	0.437	5.2	this; those	كيقولو أن هاد الطائر الجارح اللي دمُّو سخون أو كلُّو ريش, تيزعموا أنّهُ كان تيمشي على رجليه واقف, أو عندو مخالب فحال فيلوسيرابتور.	This fully feathered, warm blooded bird of prey was believed to have walked upright on two legs with claws like the Velociraptor.	countries/ma/ar-ma/entries/had.yaml
flores	ar-ma	هدا	none	2	0	5	0.4	0.18	5	this	التركيبة نتاع الريش تتقول بأنهم ماكانوش تيتستخدمو باش يطيرو ولكن باش يريكلو لحرارة. اقتارحو الباحثين أنه واخا هدا زنطيط نتاع شي ديناصور صغير فراه العينة كتبين ريش نتاع طيور كبار ماشي نتاع لفراخ.	The feathers' structure suggests that they were not used in flight but rather for temperature regulation or display. The researchers suggested that, even though this is the tail of a young dinosaur, the sample shows adult plumage and not a chick's down.	countries/ma/ar-ma/entries/hada.yaml
flores	ar-ma	هدر	none	1	0	1	1	0.378	154.5	talk; speak; cause to talk	"مايلر قال فاش طلبو التعليق على الأمر، مايك هدر بزاف فالجلسة، و حيتاش كنت كنتوجّد، بصح مسمعتش اشنو كان كيقول."	When asked for comment, Miller said, "Mike talks a lot during the hearing...I was getting ready so I wasn't really hearing what he was saying."	countries/ma/ar-ma/entries/hdar.yaml
flores	ar-ma	هي	none	2	0	159	0.013	0.005	1.7	she	صرحت السيدة كريشنر في المسرح الأرجنتيني على أنها غاترشح للرئاسة، وهاد لبلاصة هي لبلاصة الي كانت بدات فيها الحملة ديالها د 2005 للترشح لمجلس شيوخ كعضو في مجلس مقاطعة بوينوس أيريس.	Mrs. Kirchner announced her intention to run for president at the Argentine Theatre, the same location she used to start her 2005 campaign for the Senate as member of the Buenos Aires province delegation.	countries/ma/ar-ma/entries/hiyya.yaml
flores	ar-ma	هنا	kept	9	0	14	0.643	0.472	61.5	here; peaceful; joyful; peace; tranquility; leave in peace	 من بعد الماتش، الملك ديال كلاي قال؛ "أنا فرحان حيث قدرت نرجع في الجولات الأخيرين ديال كاع الأحداث المهمين، أنا هنا باش نحاول نربح هاذشي."	After the match, King of Clay said, "I am just excited about being back in the final rounds of the most important events. I am here to try to win this."	countries/ma/ar-ma/entries/hna.yaml
flores	ar-ma	هناك	none	1	0	1	1	0.378	20.1	there	أطلقوا على أنفسهم اسم الموريوري وكان هناك عدد قليل من المناوشات وفي النهاية تم القضاء على الموريوري.	They called themselves the Moriori there were a few skirmishes and in the end, the Moriori were wiped out	countries/ma/ar-ma/entries/hnak.yaml
flores	ar-ma	إلا	none	1	0	27	0.037	0.011	6.8	except; save; unless; if not	كل السفن غرقت، إلا واحد طراد بريطاني. وماتوا فيها تقريبا 200 أمريكي وألماني.	All the ships were sunk, except for one British cruiser. Nearly 200 American and German lives were lost.	countries/ma/ar-ma/entries/illa.yaml
flores	ar-ma	امتى	none	1	0	1	1	0.378	25.4	when	رفض روبرتس أنه يقول إمتى كتبدا الحياة، وهو سؤال مهم فاش كيتعلق الأمر بأخلاقيات الإجهاض، وقال أنه ماشي أخلاقي الواحد يعلق على حالات عندها هاد الخصوصية.	Roberts flatly refused to say about when he believes life begins, an important question when considering the ethics of abortion, saying that it would be unethical to comment on the specifics of likely cases.	countries/ma/ar-ma/entries/imta.yaml
flores	ar-ma	جا	none	0	0	7	0	0	0	come; suit; arrive; located			countries/ma/ar-ma/entries/ja.yaml
flores	ar-ma	جاب	none	0	0	4	0	0	0	bring; make one think			countries/ma/ar-ma/entries/jab.yaml
flores	ar-ma	جديد	kept	10	0	13	0.769	0.595	22.1	new	غادي تجيب ستاردست رقم القياسي جديد لي عمرو كان حيتاش هي أسرع مركبة فضائية لي كترجع للأرض، و لي حطمات الرقم القياسي المرة لي فاتت فشهر خمسة عام 1969 ملي رجعات الوحدة ديال القياس ابولو اكس.	Stardust will set a new all-time record for being the fastest spacecraft to return to Earth, breaking the previous record set in May of 1969 during the return of the Apollo X command module.	countries/ma/ar-ma/entries/jdid.yaml
flores	ar-ma	جد	none	0	0	1	0	0	0	grandpa			countries/ma/ar-ma/entries/jedd.yaml
flores	ar-ma	كبير	none	3	0	38	0.079	0.039	3	big; great; old	لهرم لكبير اللي فلجيزة هو اللي بقا بوحدو من عجائب الدنيا السبعة اليوم.	The Great Pyramid at Giza is the only one of the seven wonders that is still standing today.	countries/ma/ar-ma/entries/kbir.yaml
flores	ar-ma	خاص	none	12	0	51	0.235	0.168	7.4	need; must	باقي خاص المصادقة على التصويت من طرف اللجنة الأولمبية الدولية الكاملة في الإجتماع ديالها في أكتوبر في كوبنهاغن/ Copenhagen.	The vote must still be ratified by the full IOC at it's October meeting in Copenhagen.	countries/ma/ar-ma/entries/khass.yaml
flores	ar-ma	خدم	kept	2	0	3	0.667	0.321	26.8	work	قبل عائلة سمبسون، سيمون خدم في بزاف ديال العروض في مواقف مختلفة.	Before The Simpsons Simon had worked on several shows in various positions.	countries/ma/ar-ma/entries/khdem.yaml
flores	ar-ma	خدمة	kept	10	0	17	0.588	0.434	20.4	work; job	واخا عندي السخانة والتهاب الحلق، ولكن حاس باللي راني مزيان ونقدر نخدم الخدمة ديالي من بعيد.	"Apart from the fever and a sore throat, I feel well and in good shape to carry out my work by telecommuting.	countries/ma/ar-ma/entries/khedma.yaml
flores	ar-ma	كيف	none	0	0	1	0	0	0	how; as soon as; like; cannabis			countries/ma/ar-ma/entries/kif.yaml
flores	ar-ma	خرج	none	0	0	3	0	0	0	go out; exit; deviate from; stop to conform to; ruin			countries/ma/ar-ma/entries/kraj.yaml
flores	ar-ma	كتير	none	0	0	1	0	0	0	lot of; much; many; very			countries/ma/ar-ma/entries/ktir.yaml
flores	ar-ma	خبز	kept	2	0	2	1	0.549	1004.5	bread; bake	المطبخ المايوركي، بحال دوك اللي فمنطقة البحر الأبيض المتوسط، كيركز على الخبز، والخضر واللحم (خصوصا لحلوف)، وكيستعمل زيت الزيتون.	Majorcan cuisine, like that of similar zones in the Mediterranean, is based on bread, vegetables and meat (specially pork), and uses olive oil throughout.	countries/ma/ar-ma/entries/kubz.yaml
flores	ar-ma	كل	kept	36	0	49	0.735	0.647	10.7	each; every; whole; all	كل حلقة من البرنامج كتركز على موضوع في شي كتاب ومن بعد كيستكشفوه من خلال بزاف ديال ال قصص.	Each episode of the show would focus on a theme in a specific book and then explore that theme through multiple stories.	countries/ma/ar-ma/entries/kulla.yaml
flores	ar-ma	كم	none	0	0	6	0	0	0	sleeve			countries/ma/ar-ma/entries/kumm.yaml
flores	ar-ma	على	none	9	0	485	0.019	0.012	1.3	upon; onto; against; expresses obligation	تزادحات االطيارة جاس 39C غريبن مع واحد الطريق وتفركعات مع 9:30 دصباح فالتوقيت المحلي (0230 UTC) وتسد المطار على الطيارات الاقتصادية.	The JAS 39C Gripen crashed onto a runway at around 9:30 am local time (0230 UTC) and exploded, closing the airport to commercial flights.	countries/ma/ar-ma/entries/la.yaml
flores	ar-ma	علاش	kept	5	0	15	0.333	0.201	133.9	why; about what	قال جون غرانت، من محطة WNED Buffalo التلفزية (قناة Reading Rainbow)، "أن Reading Rainbow علمت الأطفال علاش تيقراو،... وحب لقراية — [العرض] شجع الأطفال على أنهم يهزو كتاب ويقراو."	John Grant, from WNED Buffalo (Reading Rainbow's home station) said "Reading Rainbow taught kids why to read,... the love of reading — [the show] encouraged kids to pick up a book and to read."	countries/ma/ar-ma/entries/las.yaml
flores	ar-ma	ليلة	kept	9	0	11	0.818	0.632	78.3	night	لباس الأول ديال أوفشكين عطى الماتش الليلة فاش سجل الصاعد نيكلاس باكستروم هدف الفوز.	Ovechkin's first assist of the night was on the game-winning goal by rookie Nicklas Backstrom;	countries/ma/ar-ma/entries/layla.yaml
flores	ar-ma	مع	none	81	0	126	0.643	0.587	2.4	with; together with; in the company of; pro; for; advocate of; supporting	باحثين كبار تيقولو أن هادشي ممكن يؤدي للكشف المبكر على السرطان وداء السل والسيدا والملاريا فالدول محدودة الدخل الي فيها نسب تجاوز الوفاة بسبب الأمراض بحال سرطان الثدي تقدر توصل للنصف مقارنة مع الدول الغنية.	Lead researchers say this may bring early detection of cancer, tuberculosis, HIV and malaria to patients in low-income countries, where the survival rates for illnesses such as breast cancer can be half those of richer countries.	countries/ma/ar-ma/entries/m-a.yaml
flores	ar-ma	ما	none	26	1	148	0.176	0.139	1.6	water; not; that which; what	حتى لدابا مازال ما تعمرت منطقة احتواء ثانويّة أخرى تحت الخزانات اللي قادرة تهز 104,500 برميلٍ.	Another secondary containment area below the tanks capable of holding 104,500 barrels was not yet filled to capacity.	countries/ma/ar-ma/entries/ma.yaml
flores	ar-ma	ماكلة	kept	9	0	12	0.75	0.567	71.8	food	كتبدا المستعمرة في مرحلة الترحال فاش تتقلال لماكلة اللي كاينة. فهاد المرحلة، تقوم المستعمرة بعمل أعشاش مؤقتة كتتبدل كل نهار.	The colony begins a nomadic phase when available food has decreased. During this phase, the colony makes temporary nests that are changed everyday.	countries/ma/ar-ma/entries/makla.yaml
flores	ar-ma	مازال	kept	10	0	15	0.667	0.501	35.2	still; yet	حتى لدابا مازال ما تعمرت منطقة احتواء ثانويّة أخرى تحت الخزانات اللي قادرة تهز 104,500 برميلٍ.	Another secondary containment area below the tanks capable of holding 104,500 barrels was not yet filled to capacity.	countries/ma/ar-ma/entries/mazal.yaml
flores	ar-ma	مزيان	none	8	0	32	0.25	0.166	12.6	good; nice; beautiful; properly; correctly	واخا عندي السخانة والتهاب الحلق، ولكن حاس باللي راني مزيان ونقدر نخدم الخدمة ديالي من بعيد.	"Apart from the fever and a sore throat, I feel well and in good shape to carry out my work by telecommuting.	countries/ma/ar-ma/entries/mizyan.yaml
flores	ar-ma	مكان	kept	4	0	11	0.364	0.207	14.6	place	أنتاركتيكا هي أبرد مكان على وجه الأرض، وهي دايرة على القطب الجنوبي.	Antarctica is the coldest place on Earth, and surrounds the South Pole.	countries/ma/ar-ma/entries/mkan.yaml
flores	ar-ma	مراة	none	1	0	2	0.5	0.164	251.1	woman; wife	وقال نائب المفتش العام د. ك. أريا: "راه احنا اعتاقلنا خمسة ديال الأشخاص اللي قاموا باغتصاب المرأة السويسرية ورجعنا البورطابل والبي سي بورطابل ديالها".	Deputy Inspector General D K Arya said, "We have arrested five persons who raped the Swiss woman and recovered her mobile and laptop".	countries/ma/ar-ma/entries/mra.yaml
flores	ar-ma	مشى	kept	5	0	11	0.455	0.281	35.1	walk; leave	كتتشابه اليد ديال الشمبانزي ورجليه في الحجم والطول، مما كيعكس استخدام اليد باش تهز الوزن في المشي المفصل.	The chimpanzee's hand and foot are similar in size and length, reflecting the hand's use for bearing weight in knuckle walking.	countries/ma/ar-ma/entries/msa.yaml
flores	ar-ma	نفس	none	0	0	35	0	0	0	vent; air; let out air; fart on; same used in the construct state; with a modifying noun; after the noun with an enclitic pronoun attached to it			countries/ma/ar-ma/entries/naffas.yaml
flores	ar-ma	قال	none	8	0	80	0.1	0.065	7.7	say	رفض روبرتس أنه يقول إمتى كتبدا الحياة، وهو سؤال مهم فاش كيتعلق الأمر بأخلاقيات الإجهاض، وقال أنه ماشي أخلاقي الواحد يعلق على حالات عندها هاد الخصوصية.	Roberts flatly refused to say about when he believes life begins, an important question when considering the ethics of abortion, saying that it would be unethical to comment on the specifics of likely cases.	countries/ma/ar-ma/entries/qal.yaml
flores	ar-ma	قبل	kept	35	0	70	0.5	0.424	22.8	before; prior to; accept; agree to something	تيقولو صحاب لأرصاد الجوية أن لعاصفة اللي بعيدة بشي 645 ميل (1040 كيلومت) من جيهت غرب جزر كاب فيردي تقد تلاشى قبل متوصل حتى شي أرض.	The storm, situated about 645 miles (1040 km) west of the Cape Verde islands, is likely to dissipate before threatening any land areas, forecasters say.	countries/ma/ar-ma/entries/qbal.yaml
flores	ar-ma	قدر	none	3	0	11	0.273	0.139	3.2	can; able to	من بعد النكسات العسكرية الاولى، قدر إثيلريد يتفق مع أولاف، اللي رجع للنرويج ياش يحاول يربح المملكة دياله بواحد نجاح مخلط.	After initial military setbacks, Ethelred was able to agree to terms with Olaf, who returned to Norway to try to gain his kingdom with mixed success.	countries/ma/ar-ma/entries/qder.yaml
flores	ar-ma	قديم	kept	3	0	5	0.6	0.33	54.8	old	لبلاصة تقدر تكون واحد لبني تاريخي قديم فيه فراش أثري ولارض مزوقة ولابيسين.	The setting might be an historic old building with antique furnishings, manicured grounds and a swimming pool.	countries/ma/ar-ma/entries/qdim.yaml
flores	ar-ma	قريب	kept	5	0	7	0.714	0.472	47.8	near; close; adjacent	طلقات المركبة المدارية القمرية اللي ما عندهاش طيار Chandrayaan-1 مسبار تأثير القمر (MIP) ، أو اللي انطلق عبر سطح القمر بسرعة 1.5واحد فاصلة خمسة كيلومتر في الثانية (تلتلاف/3000 ميل فالساعة) ، ونجح فالهبوط قريب من القطب الجنوبي للقمر.	The unmanned lunar orbiter Chandrayaan-1 ejected its Moon Impact Probe (MIP), which hurtled across the surface of the Moon at 1.5 kilometres per second (3000 miles per hour), and successfully crash landed near the Moon's south pole.	countries/ma/ar-ma/entries/qrib.yaml
flores	ar-ma	را	none	1	0	3	0.333	0.106	13.4	see; give; personal pronoun	ومع ذلك ، را هادي مشكلة صعيب الحل ديالها أو خاصها سنوات عديدة قبل ما نشوفو بناء مفاعلات اندماج مفيدة.	This, however, is a very hard problem to solve and will take many years before we see useful fusion reactors built.	countries/ma/ar-ma/entries/ra.yaml
flores	ar-ma	راجل	kept	4	0	7	0.571	0.342	104.4	man; husband	كيتقال أن الراجل ساق شي عربة عندها تلاتة دروايض وعامرة بقنابل ودخل بيها فوسط بزاف دالناس.	The man allegedly drove a three-wheeled vehicle armed with explosives into a crowd.	countries/ma/ar-ma/entries/rajil.yaml
flores	ar-ma	رخيص	kept	2	0	3	0.667	0.321	446.4	cheap	إذا بغيتي تشوف العالم بثمن رخيص، سواء كان للضرورة، أو كنمط حياة أو كتحدٍ، فكاين شي طرق باش تدير داكشي.	If you want to see the world on the cheap, for necessity, lifestyle or challenge, there are some ways to do that.	countries/ma/ar-ma/entries/rkis.yaml
flores	ar-ma	صعيب	kept	5	0	12	0.417	0.255	119.6	difficult	لحقاش العاصفة بعيدة على الأرض اليابسة، ما زال صعيب تقييم التأثير المحتمل على أمريكا أو منطقة البحر الكاريبي.	As the storm is far from landfall, it remains difficult to assess potential impact to the United States or Caribbean.	countries/ma/ar-ma/entries/s-ib.yaml
flores	ar-ma	شاف	none	0	0	5	0	0	0	see; boss; manager			countries/ma/ar-ma/entries/saf.yaml
flores	ar-ma	ساهل	kept	5	0	8	0.625	0.403	83.7	easy	وحتى واخا كنت واقف فوسط شس دمار لعمر ديالو ألف سنة، غيكون ساهل باش أنت ترجع للذهن ديالك لأصوات والروائح نتاع المعارك اللي دازت تما هادي شحال، وتسمع تقريباً نفس الصوت نتاع لحافر دلعود على لحجر وأن تشم ريحت لخوف اللي طالعة من لحفرة دلبنيقة.	Even standing amidst thousand year-old ruins it is easy to bring to mind the sounds and smells of battles long gone, to almost hear the clatter of hooves on the cobbles and to smell the fear rising from the dungeon pits.	countries/ma/ar-ma/entries/sahil.yaml
flores	ar-ma	سلام	none	0	0	8	0	0	0	hello			countries/ma/ar-ma/entries/salam.yaml
flores	ar-ma	صغير	kept	5	0	11	0.455	0.281	26.9	small; young	شنو كتعني كلْمتْ سيلول؟ الكلمات ديال "سيلول جات من الكلما اليونانية "سيلا"". و لّي كتعني ""بيت صغير"". و كان أول واحد لي استعمالها هو واحد الأخصائي ديال الميكروسكوب فاش كان كيلاحظ القَشره ديال الفلّين.	What is a cell? The word cell comes from the Latin word "cella", meaning "small room", and it was first coined by a microscopist observing the structure of cork.	countries/ma/ar-ma/entries/sgir.yaml
flores	ar-ma	شحال	none	0	0	11	0	0	0	how much			countries/ma/ar-ma/entries/shal.yaml
flores	ar-ma	صحيح	none	1	0	5	0.2	0.062	26.8	healthy; strong; correct	العامل الأهم فهاد لعقلية هو: كاين غير جواب واحد صحيح. ممكن تفكر فجوج أسئلة، يا صحيح ولا غلط.	The most important factor of this mindset is: there is only one correct answer. You only think of two answers, namely right or wrong.	countries/ma/ar-ma/entries/shih.yaml
flores	ar-ma	شكون	none	1	0	1	1	0.378	32.4	who	حتى واحد مامتأكد شكون اللي كتبها، كانت لوثيقة دلمخطوطات لكبيرة (لقياس ديالها 29¾ إنش على 24½ إنش) كتغلف باش تتخزن من بكري.	While no one knows for certain who wrote it, it is known that early in its life, the large parchment document (it measures 29¾ inches by 24½ inches) was rolled up for storage.	countries/ma/ar-ma/entries/skun-2.yaml
flores	ar-ma	سخون	kept	4	0	5	0.8	0.514	178.6	hot; horny	قال القائد ديال البومبية سكوت كونس: "كان نهار سخون بزاف في سانتا كلارا ودرجات الحرارة وصلات للتسعينيات".	Fire captain Scott Kouns said, "It was a hot day in the Santa Clara with temperatures in the 90s.	countries/ma/ar-ma/entries/skun.yaml
flores	ar-ma	شنو	kept	5	2	9	0.556	0.352	37.2	what	"فاش سولوها على شنو قال الأب جاوبات بلّي مقدر يقول حتا حاجه"، غير بقا واقف و كيرمّش.	When asked what the father said, she answered "He couldn't say a thing - he just stood there blinking."	countries/ma/ar-ma/entries/snu.yaml
flores	ar-ma	شرب	kept	3	0	5	0.6	0.33	133.9	drink; take medicine; cause to drink	واخا هكاك كاينين طرق متميزين لشرب القهوة فالعالم واللي يستاهلو يتجربو.	Nevertheless, there are many distinctive ways of drinking coffee around the world that are worth experiencing.	countries/ma/ar-ma/entries/srab.yaml
flores	ar-ma	شكرا	none	1	0	1	1	0.378	1004.5	thanks; thank you	"كيما قال سيبيورن فواحد المؤثمر صحفي": شكرا لهادوك لي وقفو معا واحد مسجون بحالي.	"Thanks for those who supported a convict like me," Siriporn was quoted as saying at a press conference.	countries/ma/ar-ma/entries/sukran.yaml
flores	ar-ma	شوية	kept	5	0	32	0.156	0.091	24.1	little	وما هضراتش السلطات رسمياً غير شوية باش تأكد الاعتقال اللي وقع هاذ النهار.	Authorities said little officially beyond confirming today's arrest.	countries/ma/ar-ma/entries/swiyya.yaml
flores	ar-ma	عطى	none	0	0	2	0	0	0	give			countries/ma/ar-ma/entries/ta.yaml
flores	ar-ma	تاني	none	0	0	1	0	0	0	second; again; also; too			countries/ma/ar-ma/entries/tani.yaml
flores	ar-ma	تيليفون	kept	2	0	4	0.5	0.23	77.3	phone	وفي جميع الظروف، خاصك تريزيرفي بالتيليفون مباشرة مع شركة الطيران.	In all cases, you must book by phone directly with the airline.	countries/ma/ar-ma/entries/tilifun.yaml
flores	ar-ma	طوبيس	kept	3	0	3	1	0.646	167.4	bus	ال "زيارة" النموذجية كتضمن السفر إلى مطار أورلاندو الدولي ، والانتقال بالطوبيس/الحافلة لْ أحد لوطيلات ديال ديزني فالموقع ،أو تدواز/قضاء حوالي سيمانة بلا مغادرة أراضي ديزني ، والرجوع ل الدار.	The "typical" visit involves flying into Orlando International Airport, busing to an on-site Disney hotel, spending about a week without leaving Disney property, and returning home.	countries/ma/ar-ma/entries/tobis.yaml
flores	ar-ma	واعر	none	0	0	2	0	0	0	difficult			countries/ma/ar-ma/entries/wa-ir.yaml
flores	ar-ma	واحد	none	1	0	223	0.004	0.001	4.5	single	تشمل رياضة المشي لمسافات طويلة في النهار مسافات اللي تقل عن ميلٍ واحدٍ وحتى المسافات أطول اللي يمكن تغطيتها في يوم واحد.	Day hiking involves distances of less than a mile up to longer distances that can be covered in a single day.	countries/ma/ar-ma/entries/wahid.yaml
flores	ar-ma	واخا	none	0	0	104	0	0	0	okay; alright			countries/ma/ar-ma/entries/wakha.yaml
flores	ar-ma	ولكن	kept	85	0	116	0.733	0.677	12	but	الشركة ديال الفرقه، HK Management Inc، ماعطات حتا سبب فاللول فاش لغاو العرض ف 20 شهر تسعود (9). ولكن فالنهار الثاني ردّات اللومة للأسباب اللوجيستيكية.	The band's management company, HK Management Inc., gave no initial reason when they canceled on September 20, but blamed logistical reasons by the next day.	countries/ma/ar-ma/entries/walakin.yaml
flores	ar-ma	ولا	none	0	0	27	0	0	0	nor; neither			countries/ma/ar-ma/entries/walla.yaml
flores	ar-ma	والو	none	1	0	1	1	0.378	401.8	nothing	دانيوس قالت "باللي ما غادي يديرو والو دابا. حيث حاولت تتصل بيه وصيفطت الايميلات للناس الي خدامة معاه وجات لها ردود ظريفة في الحقيقة ولكن هاذشي كافي دابا."	Danius said, "Right now we are doing nothing. I have called and sent emails to his closest collaborator and received very friendly replies. For now, that is certainly enough."	countries/ma/ar-ma/entries/walu.yaml
flores	ar-ma	يا	none	0	0	4	0	0	0	hey; already; either			countries/ma/ar-ma/entries/ya.yaml
flores	ar-ma	يمكن	none	1	0	73	0.014	0.004	6.9	maybe	وعلى حسب هاذشي، كيمكن الواحد يلقى أفخم أنواع الفراش في أفضل هاد المؤسسات، وممكن لحاف مصنوع يدويًا أو شي ناموسية عتيقة.	Accordingly, at the finest such establishments one is apt to find the most luxurious bedding, maybe a handmade quilt or an antique bed.	countries/ma/ar-ma/entries/yimkan.yaml
flores	ar-ma	يوم	none	6	0	33	0.182	0.112	2.5	day; time; era; age	اللاعب ديال هاد اليوم هو أليكس اوفيتشكين من واشنطن العاصمة.	Today's Player of the Day is Alex Ovechkin of the Washington Capitals.	countries/ma/ar-ma/entries/yum.yaml
flores	ar-tn	حد	none	2	1	23	0.087	0.037	17.5	no one; nobody; someone; somebody	ماكان فمّا حدّ في بالبرتمان.	No one was inside the apartment.	countries/tn/ar-tn/entries/add.yaml
flores	ar-tn	أكيد	none	0	0	2	0	0	0	of course; sure			countries/tn/ar-tn/entries/akid.yaml
flores	ar-tn	آمس	kept	2	0	2	1	0.549	334.8	yesterday	اتفجرت كرهبة ملغمة آمس الصباح في مركز شرطة في غازي عنتاب في تركيا، ما تسبب في قتل زوز ضباط من الشرطة وجرح أكثر من عشرين أخرين.	A car bomb detonated at police headquarters in Gaziantep, Turkey yesterday morning killed two police officers and injured more than twenty other people.	countries/tn/ar-tn/entries/amis.yaml
flores	ar-tn	عمر	none	1	0	3	0.333	0.106	31.9	load; reload; fill discretely; age; lifetime; never	يحتمل تكون الثقافات الفرعية مُمَيِّزة بسبب العمر والعِرق والطبقة والموقع و/أو جنس الأعضاء.	Subcultures can be distinctive because of the age, ethnicity, class, location, and/or gender of the members.	countries/tn/ar-tn/entries/ammer.yaml
flores	ar-tn	عرف	none	0	0	1	0	0	0	know			countries/tn/ar-tn/entries/araf.yaml
flores	ar-tn	بالضبط	none	2	0	7	0.286	0.125	114.8	exactly; precisely; o'clock	ومن الشيرة الأخرى، يصير هذا بالضبط على خاطر المستوى متاع الما طالع برشا بطريقة ما يخليكش تشوف الشلالات الرسمية لكثرة الما!	On the other hand, it is precisely because the volume of water is so high that your viewing of the actual Falls will be obscured—by all the water!	countries/tn/ar-tn/entries/b-ed-dabt.yaml
flores	ar-tn	بعد	kept	59	0	105	0.562	0.499	11.9	far; get further; go away from location in question; distance; make someone to move away; after; farness	بعد ال11:00 بشوية، المتظاهرين وقفوا السيركيلاسيون في الطريق اللي يطلّع للشمال في وايتهول.	Just after 11:00, protesters blocked traffic on the northbound carriage in Whitehall.	countries/tn/ar-tn/entries/b-ed.yaml
flores	ar-tn	بابا	none	0	0	2	0	0	0	dad			countries/tn/ar-tn/entries/baba.yaml
flores	ar-tn	بل	none	0	0	2	0	0	0	make wet			countries/tn/ar-tn/entries/ball.yaml
flores	ar-tn	بارد	none	1	0	3	0.333	0.106	111.6	cold	يمكن يكون الطقس البارد هو الخطر الحقيقي الوحيد الي باش يواجهوه الناس اللي موش مستعدينلو.	Cold weather is perhaps the only real danger the unprepared will face.	countries/tn/ar-tn/entries/bared.yaml
flores	ar-tn	بركة	kept	8	0	9	0.889	0.692	13.5	divine blessing; already; only; just; enough; idling; staying still doing nothing	ناقش الكونغرس الوطني للبرازيل مسألة التشريع لمدة عشر سنين، وها الزيجات المدنية قانونية في ريو غراندي دو سول  في الوقت الحالي بركة.	The National Congress of Brazil has debated legalization for 10 years, and such civil marriages are currently only legal in Rio Grande do Sul.	countries/tn/ar-tn/entries/bark.yaml
flores	ar-tn	برا	none	1	0	4	0.25	0.078	27.9	go ahead; outside; outdoors; abroad; overseas; expression used when losing it with someone; come on	يمكن تحتاج العائلة الي تهز معاها صغارها  استعدادات اكثر، لكن ما زالت تعدية النهار البرا ممكن بسهولة حتى مع البيبيّات والصغار اللي مازالوا دخلوش للمكتب.	Families with small children may need more preparations, but a day outdoors is easily possible even with babies and pre-school children.	countries/tn/ar-tn/entries/barra.yaml
flores	ar-tn	برشا	kept	93	0	175	0.531	0.483	4.9	very; too much; often; lot of; much; many	برشا من كُتّابهم أثَّرو تأثيرًا كبير على عروض المحاكاة الساخرة الإخبارية لجون ستيوارت وستيفن كولبرت.	Many of their writers have gone on to wield great influence on Jon Stewart and Stephen Colbert's news parody shows.	countries/tn/ar-tn/entries/barsa.yaml
flores	ar-tn	باي	none	0	0	8	0	0	0	share			countries/tn/ar-tn/entries/bay.yaml
flores	ar-tn	عبد	kept	2	0	4	0.5	0.23	7.4	one; person; slave; worship	ويقولوا خاصة أنو العبد ينجم يكتشف إذا كان الشخص يكذب كيف يفسروا التعبيرات الصغيرة بطريقة صحيحة.	In particular, it is claimed that one can detect whether a person is lying by interpreting micro-expressions correctly.	countries/tn/ar-tn/entries/bd.yaml
flores	ar-tn	بدا	none	4	0	17	0.235	0.131	8.8	start; begin; would be	الاحتجاج بدا مع ال11:00 بالتوقيت المحلي (UTC+1) في "وايتهول" قبلة شارع "داونينج" اللي تعس عليه الشرطة وهو المقر الرسمي لرئيس الوزراء.	The protest started around 11:00 local time (UTC+1) on Whitehall opposite the police-guarded entrance to Downing Street, the Prime Minister's official residence.	countries/tn/ar-tn/entries/bde.yaml
flores	ar-tn	بى	none	0	0	4	0	0	0	want; agree to an offer; proposal			countries/tn/ar-tn/entries/be.yaml
flores	ar-tn	باهي	kept	5	0	14	0.357	0.216	20.5	good; appropriately; accordingly	في الواقع، مفماش شيء واحد باهي تنجم تتعلمو، التعلّم يصير في التجربة بين اللي يتعلّم والمعرفة اللي ياخذها.	In fact, there is not one good thing to learn.Learning takes place in the experience between the learner and the knowledge presented.	countries/tn/ar-tn/entries/behi.yaml
flores	ar-tn	بحيرة	kept	5	0	5	1	0.753	182.6	lake; vegetable garden; truck garden	الأخبار انتشرت اليوم في مجتمع البحيرة الحمرا على اعتقال طالب آخر فيما يخص إطلاق النار في المدرسة في 21 مارس، وشيعو جنازات جيف وايز وثلاثة مالضحايا التسعة.	News spread in the Red Lake community today as funerals for Jeff Weise and three of the nine victims were held that another student was arrested in connection with the school shootings of March 21.	countries/tn/ar-tn/entries/bhira.yaml
flores	ar-tn	بعيد	none	1	0	10	0.1	0.03	12.6	far	القشرة عرضها تقريبا 70 كيلومتر من الجنب القريب و100 كيلومتر من الجنب البعيد.	The crust is about 70 km thick on the near side and 100 km thick on the far side.	countries/tn/ar-tn/entries/bid.yaml
flores	ar-tn	بلاد	kept	21	0	35	0.6	0.492	23.6	country; hometown; city center; downtown	حكى هسيه وقت الانتخابات على اللي ممكن يتهرّب من البلاد في وقت المصايب.	Hsieh implied during the election that Ma might flee the country during a time of crisis.	countries/tn/ar-tn/entries/bled.yaml
flores	ar-tn	بقى	kept	2	0	3	0.667	0.321	24.8	stay; remain; left; sit down	انضملهم عام 1945 وبقي لعام 1958.	He joined them in 1945 and stayed until 1958.	countries/tn/ar-tn/entries/bqa.yaml
flores	ar-tn	برى	none	0	0	2	0	0	0	heal; recover; sharpen; shapen pencils			countries/tn/ar-tn/entries/bra.yaml
flores	ar-tn	دار	kept	9	0	14	0.643	0.472	28.7	house; home	مافمّاش علاش بش تخافو، حالة الرئيس مستقرة، أما بش نعزلوه وحدو في الدار أيامات.	The president's condition is stable, though he will be isolated at home for several days.	countries/tn/ar-tn/entries/dar.yaml
flores	ar-tn	ديسمبر	none	1	0	1	1	0.378	2009	december	تتعمل أكبر مسابقات العام في ديسمبر، في تارانات البولو في لاس كانيتاس.	The largest tournament of the year takes place in December at the polo fields in Las Cañitas.	countries/tn/ar-tn/entries/desombr.yaml
flores	ar-tn	ديما	kept	8	0	23	0.348	0.235	69.9	always	حاولت لوكسمبورغ ديما أنها تكون دولة حيادية ولكن ألمانيا احتلتها في الحرب العالمية الأولى والثانية.	Luxembourg has always tried to remain a neutral country but it was occupied in both World War I and World War II by Germany.	countries/tn/ar-tn/entries/dima.yaml
flores	ar-tn	البارح	kept	3	0	3	1	0.646	334.8	yesterday	مكتب البريد خرّج البارح اعتذاره للمواطنين ولوسائل الإعلام بعدما اكتشاف أنو الطّفل خبّى أكثر من 600 وثيقة بريدية، من بينهم 429 بطاقة بريدية بمناسبة العام الجديد، ماوصلوش للناس المقصودين.	Yesterday, the post office released their apology to citizens and the media after discovering that the boy had hidden more than 600 postal documents, including 429 New Year postcards, which weren't delivered to their intended recipients.	countries/tn/ar-tn/entries/el-barih.yaml
flores	ar-tn	آما	none	5	2	79	0.063	0.036	1	which; اما خير كسكسي والا مقرونة; اما خير كسكسي والا مقرونة emə kir kosksi welə maqarunə which is better couscous; pasta; emə kir kosksi welə maqarunə; which is better couscous	السيخ يسمّوا دينهم جورمات، ومعناها بالبنجابي "طريق المعلم". والمعلم الرئيسي يعتبر من الجوانب الأساسية للأديان الهندية الكل، أما في السيخيةولا عندو أهمية هو أنو ولا يمثل جوهر الديانة السيخية.	Sikhs call their religion Gurmat, which is Punjabi for "way of the guru". The guru is a fundamental aspect of all Indian religions but in Sikhism has taken on an importance that forms the core of Sikh beliefs.	countries/tn/ar-tn/entries/em.yaml
flores	ar-tn	امن	none	2	0	7	0.286	0.125	26.1	trust; believe; security; safety	رينج عملت دعوى قضائية مع شركة الأمن المنافسة، شركة آي دي تي.	Ring also settled a lawsuit with competing security company, the ADT Corporation.	countries/tn/ar-tn/entries/emmen.yaml
flores	ar-tn	انا	none	0	0	4	0	0	0	alternative of انا			countries/tn/ar-tn/entries/en-2.yaml
flores	ar-tn	آنا	none	0	0	4	0	0	0	which; what goddamn; what do you mean			countries/tn/ar-tn/entries/en.yaml
flores	ar-tn	انت	none	2	0	103	0.019	0.008	0.3	you	لازمك اتبع وضعية الضحية وأنت تقرب منو، وأي مؤشرات خطر تلقائية.	You need to notice the victim's position as you approach him or her and any automatic red flags.	countries/tn/ar-tn/entries/enti.yaml
flores	ar-tn	هاك	none	0	0	5	0	0	0	here take			countries/tn/ar-tn/entries/entry-115.yaml
flores	ar-tn	تاي	kept	3	0	4	0.75	0.433	502.3	tea	عبّي دارك بقهوة غنية في الصباح وشوية تاي البابونج اللي يريّح في الليل.	Fill your home with a rich coffee in the morning and some relaxing chamomile tea at night.	countries/tn/ar-tn/entries/entry-120.yaml
flores	ar-tn	زاد	kept	3	0	9	0.333	0.172	41.9	زاد; add; increase	ستوفان زاد قال، "على حد علمنا، ثمة جسم كوكبي واحد كهو فيه ديناميكية أكثر من تيتان يتسمى الأرض".	As far as we know, there is only one planetary body that displays more dynamism than Titan, and its name is Earth," added Stofan.	countries/tn/ar-tn/entries/entry-144.yaml
flores	ar-tn	تو	none	0	0	1	0	0	0	added to an imperfect verb form to express near future tense will; now; immediately; just now; little earlier; for the first time; not yet; still			countries/tn/ar-tn/entries/entry-27.yaml
flores	ar-tn	اسم	kept	6	0	19	0.316	0.199	30.2	name; noun; title; first name	وحسب ما جا في الرواية، دافعو كان الوصول للشّهرة بأيّ ثمن. وأعلنوا سكان أفسس الي كانوا غاضبين على رفضهم تسجيل اسم هيروستراتس.	According to the story, his motivation was fame at any cost. The Ephesians, outraged, announced that Herostratus' name never be recorded.	countries/tn/ar-tn/entries/esm.yaml
flores	ar-tn	إي	none	0	0	49	0	0	0	yes; i know			countries/tn/ar-tn/entries/ey.yaml
flores	ar-tn	فار	none	0	0	1	0	0	0	boil over; mouse; lighthouse			countries/tn/ar-tn/entries/far.yaml
flores	ar-tn	فرد	none	0	0	1	0	0	0	gun; pistol			countries/tn/ar-tn/entries/fard.yaml
flores	ar-tn	فرحان	none	1	0	1	1	0.378	2009	happy	أنا فرحان على خاطر فما ناس مستعدين بش يعاونوني.	I am happy that there are people willing to support me.	countries/tn/ar-tn/entries/farhan.yaml
flores	ar-tn	فات	none	1	0	14	0.071	0.022	2.9	pass up; overshoot; pass; expire; end	بعد ما وفات الحرب بعامين، الحلفاء السابقين ولاوْ أعداء توا وبدات الحرب الباردة.	With two years of the end of the war, the former allies were now enemies and the Cold War began.	countries/tn/ar-tn/entries/fet.yaml
flores	ar-tn	فهم	kept	6	0	8	0.75	0.524	75.3	understand	الحفاظ على التوازن الصحي للطاقة، وممارسة عادات الترطيب الفعّالة، وفهم الجوانب المختلفة لممارسات المكملّات الغذائية من شأنه أن يساعد الرياضيين في تحسين أدائهم وزيادة مستوى تمتعهم بالرياضة.	Maintaining a healthy energy balance, practicing effective hydration habits, and understanding the various aspects of supplementation practices can help athletes improve their performance and increase their enjoyment of the sport.	countries/tn/ar-tn/entries/fhem.yaml
flores	ar-tn	في	none	0	0	1082	0	0	0	sits between a non past verb; non past second partite and the object of a sentence to indicated an ongoing action excepted are future tense partites			countries/tn/ar-tn/entries/fi.yaml
flores	ar-tn	فين	none	0	0	4	0	0	0	has to be asking for locative otherwize وين where			countries/tn/ar-tn/entries/fin.yaml
flores	ar-tn	فيسع	kept	5	0	14	0.357	0.216	89.7	hurry up; quickly	كي فتح المدّ المنخفض فجوة على طول النهر الغامض على طول الجانب الشمالي الشرقي من شبه الجزيرة، مدّو السياج فيسع بجدار حجري قصير إلى الشمال ينتهي عند حافة الما على شاطئ صغير.	When low tide opened a gap along the Mystic River along the northeast of the peninsula, they quickly extended the fence with a short stone wall to the north ending at the water's edge on a small beach.	countries/tn/ar-tn/entries/fissa.yaml
flores	ar-tn	فكر	none	1	0	2	0.5	0.164	59.1	just have a thought cross one's mind; remember seamlessly; spontaneously; think; actively examine a thought	فكر في مسار التزلج على الجليد باعتباره مساركيما مسار المشي لمسافات طويلة.	Think of the skiing route as of a similar hiking route.	countries/tn/ar-tn/entries/fker.yaml
flores	ar-tn	فلوس	kept	11	0	14	0.786	0.619	112.8	money; chick; young chicken	يمكن يفكر المسافر الي يملك برشا فلوس باش يعمل رحلة حول العالم مع إقامات متقطعة في عدد من هالوتلا.	A traveller with piles of money might consider a round the world flight, broken up with stays in many of these hotels.	countries/tn/ar-tn/entries/flus.yaml
flores	ar-tn	غادي	kept	8	0	9	0.889	0.692	17.9	there	يحلم برشا باليوم الي يمكن أن يسافرو فيه البشر إلى نجم آخر، واستكشاف عوالم أخرى، يتساءل البعض علي يحدث الغادي، يُعتقد أن الحياة الأخرى أو الكائنات الفضائية تعيش على كوكب آخر.	Many people dream of the day when humans can travel to another star and explore other worlds, some people wonder what's out there some belive that aliens or other life may live on another plant.	countries/tn/ar-tn/entries/gadi.yaml
flores	ar-tn	غالي	kept	2	0	2	1	0.549	334.8	expensive	بلدية ويسلر (البعيدة ساعة ونصف بالكرهية من فانكوفر) سومها غالي ولكن معروفة بسبب دورة الألعاب الأولمبية الشتوية لعام 2010.	Whistler (1.5 hour drive from Vancouver) is expensive but well-known because of the 2010 Winter Olympics.	countries/tn/ar-tn/entries/ghali.yaml
flores	ar-tn	غدوة	none	0	0	1	0	0	0	tomorrow			countries/tn/ar-tn/entries/godw.yaml
flores	ar-tn	حب	none	1	0	1	1	0.378	18.1	love; like; want; need; owed	Callejon del Beso (زقاق القبلة). زوز بلكونات يفصل بيناتهم 69 سم اكهو، عبارة على موطن لأسطورة حب قديمة.	Callejon del Beso (Alley of the Kiss). Two balconies separated by only 69 centimeters is home of an old love legend.	countries/tn/ar-tn/entries/h-bb.yaml
flores	ar-tn	ها	none	0	0	12	0	0	0	here			countries/tn/ar-tn/entries/ha.yaml
flores	ar-tn	حاجة	none	9	0	37	0.243	0.165	5.2	thing; something; need; require; senior woman	هذي حاجة يلزمك ديما تقرالها حسابها، باش تتجنّب خيبة الأمل وحتى ما تقبلش كيفاش العباد تعيش.	This is something you always need to keep in mind, to avoid disappointment or perhaps even distaste over local ways to do things.	countries/tn/ar-tn/entries/hajet.yaml
flores	ar-tn	حل	kept	2	0	4	0.5	0.23	41.9	open; switch on; untangle; unravel; losen; solution; way out	أنماط التفكير التجميعي هي أساليب لحلان المشاكل تلم أفكار والا مجالات مختلفة باش تلقى حل.	Convergent thinking patterns are problem solving techniques that unite different ideas or fields to find a solution.	countries/tn/ar-tn/entries/hall.yaml
flores	ar-tn	هم	none	0	0	2	0	0	0	misery; misfortune			countries/tn/ar-tn/entries/hamm.yaml
flores	ar-tn	هذا	kept	61	0	130	0.469	0.414	5.8	this	يقول الباحثون الرئيسيون أنو هذا يمكن يوصّل للكشف المبكر للسرطان والسل والسيدا والملاريا في البلدان اللي الدخل متاعها ضعيف، واللي معدلات النجاة فيها من الأمراض كيف سرطان الصدر هي نصف معدلات البلدان اللي أغنى منها. 	Lead researchers say this may bring early detection of cancer, tuberculosis, HIV and malaria to patients in low-income countries, where the survival rates for illnesses such as breast cancer can be half those of richer countries.	countries/tn/ar-tn/entries/hedha.yaml
flores	ar-tn	هذاكا	none	9	0	26	0.346	0.239	2	that	الباحث في خدمة أبحاث "ريفت فالي" في إثيوبيا والمؤلف الشريك في الدراسة، "برهان أسفاو" قال  :-"هاذاكا يعني أنو يلزم يرجع كل شيّ كيما كان".	That means everything has to be put back," said researcher at the Rift Valley Research Service in Ethiopia and a co-author of the study, Berhane Asfaw.	countries/tn/ar-tn/entries/hedhaka.yaml
flores	ar-tn	هي	none	3	0	116	0.026	0.013	2	she; her	بالرغم وينفري كانت متأثرة في توديعها، أما قالت لجمهورها إلّي هي بش ترجع.	Although Winfrey was tearful in her farewell, she made it clear to her fans she will be back.	countries/tn/ar-tn/entries/heyy.yaml
flores	ar-tn	حكى	none	0	0	3	0	0	0	talk; speak			countries/tn/ar-tn/entries/hke.yaml
flores	ar-tn	حلو	none	1	0	2	0.5	0.164	1004.5	sweet; nice; sweets; sweet food	قدّمو 108 نوع ماكلة من شابان بوغ (في الهندوسية، 56 حاجة مختلفة تِتّاكل، كيما الحلو والغلّة والفاكية والماكلة وبرشا حاجات أخرى يعطيوْها للإله) إلى بابا شيام.	108 plates of Chhappan Bhog (in Hinduism, 56 different edible items, like, sweets, fruits, nuts, dishes etc. which are offered to deity) were served to Baba Shyam.	countries/tn/ar-tn/entries/hlu.yaml
flores	ar-tn	هنا	kept	7	0	10	0.7	0.497	140.6	here	بعد الماتش، قال "ملك الملاعب الترابية": "أنا متحمس باش نرجع في الجولات الأخرة لأهم الأحداث، فأنا هنا باش نحاول نربح."	After the match, King of Clay said, "I am just excited about being back in the final rounds of the most important events. I am here to try to win this."	countries/tn/ar-tn/entries/hne.yaml
flores	ar-tn	هما	none	0	0	8	0	0	0	alternative of هوما			countries/tn/ar-tn/entries/homm.yaml
flores	ar-tn	هو	none	1	0	111	0.009	0.003	1.8	him	مقدم البرنامج، الّي شدّوه في بقعة الحادث، نْفى الهجوم وقال إلي هو استعمل العصا بش يحمي روحو مالدبابز البلار الّي رماوْها على وجهو تلاثين واحد.	The presenter, who was arrested at the scene, denied the attack and claimed he used the pole to protect himself from bottles being thrown at him by up to thirty people.	countries/tn/ar-tn/entries/huww.yaml
flores	ar-tn	عين	none	1	0	6	0.167	0.051	33.5	eye; envy; evil eye; desire; spring	تتراوح درجة تعقيد تركيب العين حسب احتياجات الكائن الحي، ما ينتج عدد كبير من تركيبات العيون المختلفة.	There are many different constructions of eyes, ranging in complexity depending on the requirements of the organism.	countries/tn/ar-tn/entries/in.yaml
flores	ar-tn	جو	none	0	0	1	0	0	0	fun			countries/tn/ar-tn/entries/jaww.yaml
flores	ar-tn	جديد	kept	14	0	18	0.778	0.632	22.3	new	ستاردست بش تحقق رقم قياسي جديد على خاطرها أسرع مركبة فضائية ترجع للأرض، وكسرت الرّقم القياسي السّابق الّي ْتسجل في شهر ماي عام 1969 في عودة وحدة قيادة أبولو إكس.	Stardust will set a new all-time record for being the fastest spacecraft to return to Earth, breaking the previous record set in May of 1969 during the return of the Apollo X command module.	countries/tn/ar-tn/entries/jdid.yaml
flores	ar-tn	جا	none	0	0	7	0	0	0	come; arrive; proceede; sets a condition that waits to be triggered precded by كان and often followed by a present participle; adjective were; look like; enjoy similar features			countries/tn/ar-tn/entries/je.yaml
flores	ar-tn	جملة	none	0	0	8	0	0	0	never; not at all			countries/tn/ar-tn/entries/jeml.yaml
flores	ar-tn	جوان	kept	4	0	4	1	0.709	401.8	june; joint	المدينة الأولى في جنوب شرق أوروبا الّي تستضيف CowParade، وبش يكون أكبر حدث فني عام في العالم، بين جوان و أوت العام هذا.	The city will be the first in southeastern Europe to host CowParade, the world's largest public art event, between June and August this year.	countries/tn/ar-tn/entries/jwan.yaml
flores	ar-tn	كار	kept	5	0	5	1	0.753	167.4	bus	الكار ماشية لسيكس فلاجز سانت لويس في ولاية ميزوري بش تعزف الفرقة أمام جمهور في عرض تباعت تيكياته الكل.	The bus was headed to Six Flags St. Louis in Missouri for the band to play to a sold-out crowd.	countries/tn/ar-tn/entries/kar.yaml
flores	ar-tn	خارج	none	0	0	12	0	0	0	off by one; two more minutes			countries/tn/ar-tn/entries/karej.yaml
flores	ar-tn	كرهبة	kept	13	0	18	0.722	0.573	44	car	اتضرب بيكيه جونيور في سباق جائزة سنغافورة الكبرى لعام 2008 بعد ما وقف فيرناندو ألونسو فيسع بسبب حفرة وقت اللي كان يحضّر في كرهبة الأمان.	Piquet Jr. crashed in the 2008 Singapore Grand Prix just after an early pit stop for Fernando Alonso, bringing out the safety car.	countries/tn/ar-tn/entries/karhba.yaml
flores	ar-tn	كبير	none	1	0	47	0.021	0.006	5.3	big	ما خلاش دوفال، المعرّس وعندو زوز ولاد بالغين، انطباع كبير في ميلر اللي كانت محور القصة.	Duvall, who is married with two adult children, did not leave a big impression on Miller, to whom the story was related.	countries/tn/ar-tn/entries/kbir.yaml
flores	ar-tn	خذا	none	0	0	2	0	0	0	take; hold; receive charged money for a service			countries/tn/ar-tn/entries/kde.yaml
flores	ar-tn	خدم	kept	4	0	6	0.667	0.409	26.8	work; do something for a living; function properly	وفي ستينيات القرن الماضي، خدم بريجنسكي مستشار لجون إف كينيدي ومبعد خدم في إدارة ليندون جونسون.	Throughout 1960s, Brzezinski worked for John F. Kennedy as his advisor and then the Lyndon B. Johnson administration.	countries/tn/ar-tn/entries/kdem.yaml
flores	ar-tn	كان	none	15	0	151	0.099	0.072	2.2	a relative; in case; when; whether	وكان البونتو الثاني في هاك الليلة هو البونتو 60 متاعو في ها الموسم، وقتها ولى أول لاعب يمركي 60 بونتو ;ولا أكثر في موسم واحد من 1995-96، وقت اللي حقق جارومير جاجر وماريو ليميكس هالإنجاز.	his second goal of the night was his 60th of the season, becoming the first player to score 60 or more goals in a season since 1995-96, when Jaromir Jagr and Mario Lemieux each reached that milestone.	countries/tn/ar-tn/entries/ken.yaml
flores	ar-tn	كاس	none	1	0	1	1	0.378	1004.5	cup; mug	المنتخب الوطني الإيطالي، ومعاه المنتخب الوطني الألماني، ثاني أنجح الفرق في العالم في كرة القدم وكانوا أبطال كأس العالم في كرة القدم عام 2006.	Italy's national football, along with German national football team is the second most successful team in the world and were the FIFA World Cup champions in 2006.	countries/tn/ar-tn/entries/kes.yaml
flores	ar-tn	كاين	none	0	0	4	0	0	0	seem; look like; kinda			countries/tn/ar-tn/entries/keyenn.yaml
flores	ar-tn	خايب	kept	3	0	4	0.75	0.433	301.4	bad; ugly	الطقس الخايب كان سبب في تعطيل عملية البحث، وفشلو بش يهبطو.	The search had been hampered by the same bad weather that had caused the aborted landing.	countries/tn/ar-tn/entries/khayeb.yaml
flores	ar-tn	خدمة	none	7	0	23	0.304	0.198	10.5	work; job	بعد مئات الساعات من الخدمة، يتحرق الفتيل الموجود في المصباح في الأخير، ويولي المصباح الكهربائي ما يخدمش.	After hundreds of hours of operation the filament in the bulb eventually burns out and the light bulb no longer works.	countries/tn/ar-tn/entries/khedma.yaml
flores	ar-tn	خبز	kept	2	0	2	1	0.549	1004.5	bread	الطبخ في مايوركا، كيما الطبخ في البلايص الي كيفها في البحر الأبيض المتوسط، يعتمد على الخبز والخضرة واللحومات (خاصة لحم الخنزير)، ويطيبو بزيت الزيتونة برشة.	Majorcan cuisine, like that of similar zones in the Mediterranean, is based on bread, vegetables and meat (specially pork), and uses olive oil throughout.	countries/tn/ar-tn/entries/khobz.yaml
flores	ar-tn	خرج	none	0	0	5	0	0	0	go out; leave			countries/tn/ar-tn/entries/khraj.yaml
flores	ar-tn	كيف	none	10	0	49	0.204	0.14	3.9	pleasure; ecstasy; how; like; however	بش تمشي كيما الماء. شفافة كيف الماء بالضبط.	"It's going to behave like water. It's transparent just the way water is.	countries/tn/ar-tn/entries/kif.yaml
flores	ar-tn	كيفاش	kept	6	0	9	0.667	0.454	67	how	كيفاش باش تسحبني جاذبية أيو؟ إذا وقفت على سطح أيو، وزنك يولّي أقل من وزنك عالأرض.	How would Io's gravity pull on me? If you stood on the surface of Io, you would weigh less than you do on Earth.	countries/tn/ar-tn/entries/kifes.yaml
flores	ar-tn	الكل	kept	26	0	42	0.619	0.52	13	all; everyone	ماكانوش الناس الكل يدعمو تضمين مراتب النساء.	Not all were supportive of the inclusion of the women’s ranks.	countries/tn/ar-tn/entries/kol.yaml
flores	ar-tn	كتاب	kept	5	0	8	0.625	0.403	41.9	book; letter; paper; collection of papers; book that will contain every good and bad deed a person did in their worldly life; inscriptions about a person to harm them	تركز كل حلقة من البرنامج على موضوع في كتاب معين ثم تستكشفو في برشة قصص.	Each episode of the show would focus on a theme in a specific book and then explore that theme through multiple stories.	countries/tn/ar-tn/entries/kteb.yaml
flores	ar-tn	الواحد	kept	5	0	7	0.714	0.472	11.7	one	في الوقت اللي فهم تاريخ الشخص مايفترضش بالضرورة فهم الثقافة متاعو، إلا أنو يعاون على الأقل في أنو الواحد يكتشف إحساس ببلاصتو في تاريخ المنظمة.	While understanding one’s history does not assume understanding of culture, it does at least help people gain a sense of where they fall within the history of the organization.	countries/tn/ar-tn/entries/l-wehed.yaml
flores	ar-tn	اليوم	kept	24	0	32	0.75	0.641	48.6	today	لاعبنا لليوم هو أليكس أوفيتشكين وهو واحد من ملاعبية فريق واشنطن كابيتالز.	Today's Player of the Day is Alex Ovechkin of the Washington Capitals.	countries/tn/ar-tn/entries/l-yum.yaml
flores	ar-tn	لاباس	kept	2	0	2	1	0.549	47.8	fine; well	بخلاف السخانة والتهاب القراجم، نحش في روحي لاباس ونجّم نخدم خدمتي عن بعد.	"Apart from the fever and a sore throat, I feel well and in good shape to carry out my work by telecommuting.	countries/tn/ar-tn/entries/labes.yaml
flores	ar-tn	لقب	none	0	0	5	0	0	0	surname; family name; last name			countries/tn/ar-tn/entries/laqabb.yaml
flores	ar-tn	لين	none	0	0	2	0	0	0	why; until; point that; soft; soften			countries/tn/ar-tn/entries/layn.yaml
flores	ar-tn	لا	none	0	0	8	0	0	0	neither nor			countries/tn/ar-tn/entries/le.yaml
flores	ar-tn	لاش	none	0	0	3	0	0	0	why; what about what on; for what what purpose; on which; about which; for which			countries/tn/ar-tn/entries/les-2.yaml
flores	ar-tn	علاش	kept	4	0	28	0.143	0.078	57.4	why; what about what on; on which; about which	قال جون جرانت، من دبليو إن إي دي بافالو (محطة ريدينج رينبو): "علمت ريدينج رينبو الصغار علاش يقراو، ... يحبوا القراية - وشجّع [البرنامج] الصغار على ماخذة الكتب وقرايتها."	John Grant, from WNED Buffalo (Reading Rainbow's home station) said "Reading Rainbow taught kids why to read,... the love of reading — [the show] encouraged kids to pick up a book and to read."	countries/tn/ar-tn/entries/les.yaml
flores	ar-tn	مع	kept	79	0	146	0.541	0.488	4.2	with; together with; in the company of	طلبت الشرطة مع ال11:20 من المحتجين باش يرجعو للتروتوار وقالت أنو لازمهم يوازنوا بين الحق في التظاهر مع زيادة السيركيلاسيون.	At 11:20, the police asked the protesters to move back on to the pavement, stating that they needed to balance the right to protest with the traffic building up.	countries/tn/ar-tn/entries/m-a.yaml
flores	ar-tn	ماكلة	kept	13	0	16	0.813	0.661	77.7	food	تبدأ المستعمرة في مرحلة الترحال كي تقل الماكلة الموجودة. في هالمرحلة، تعمل المستعمرة أعشاش مؤقتة تتبدّل كل يوم.	The colony begins a nomadic phase when available food has decreased. During this phase, the colony makes temporary nests that are changed everyday.	countries/tn/ar-tn/entries/makla.yaml
flores	ar-tn	مكتوب	none	0	0	2	0	0	0	destiny; letter; pocket			countries/tn/ar-tn/entries/maktub.yaml
flores	ar-tn	عمل	none	3	0	17	0.176	0.088	6.2	make; pretend; rely	للهياكل المختلفة قدرات مختلفة، وهي حساسة لأطوال موجات مختلفة وعندها درجات مختلفة من الحدة، كما أنها تتطلب معالجة مختلفة لفهم المدخلات والأرقام المختلفة للعمل على النحو الأمثل.	The different constructions have different capabilities, are sensitive to different wave-lengths and have differing degrees of acuity, also they require different processing to make sense of the input and different numbers to work optimally.	countries/tn/ar-tn/entries/mal.yaml
flores	ar-tn	منى	none	0	0	1	0	0	0	give someone high hopes about something especially when promizing to secure said hopes			countries/tn/ar-tn/entries/mann.yaml
flores	ar-tn	مارس	kept	8	0	8	1	0.83	182.6	march	بعد ما ولّى واضح إلي برشة عائلات كانت تلوج باش تلقى مساعدة قانونية لمكافحة عمليات الإخلاء، تنظّم اجتماع في 20 مارس في "مركز إيست باي القانوني المجتمعي" لضحايا عملية احتيال الإسكان.	After it became apparent that many families were seeking legal help to fight the evictions, a meeting was held on March 20 at the East Bay Community Law Center for the victims of the housing scam.	countries/tn/ar-tn/entries/mars.yaml
flores	ar-tn	مطعم	kept	2	0	2	1	0.549	334.8	restaurant	تخيّل، إذا نجّمو نقولو، راجل مانكوني وواحد بوستونيون وواحد جامايكي وواحد سيدنيسايدر قاعدين على الطاولة يتعشاوْ في مطعم في تورونتو.	Imagine, if you will, a Mancunian, Bostonian, Jamaican and Sydneysider sitting around a table having dinner at a restaurant in Toronto.	countries/tn/ar-tn/entries/mat-alem.yaml
flores	ar-tn	مازال	kept	9	0	14	0.643	0.472	34	still; yet	ومازال حتّى لتوا ماعبّاوش منطقة احتواء ثانويّة أخرى تحت الخزانات اللي تنجم تستوعب 104,500 برميل.	Another secondary containment area below the tanks capable of holding 104,500 barrels was not yet filled to capacity.	countries/tn/ar-tn/entries/mazal.yaml
flores	ar-tn	مبعد	kept	3	0	9	0.333	0.172	30.4	later; afterwards	هو حث البلاد النامية باش تتجنب تجنب الطريق القديم اللي يقوم على مبدأ مسّخ توة ونظف مبعد"	Hu encouraged developing countries "to avoid the old path of polluting first and cleaning up later."	countries/tn/ar-tn/entries/mbaad.yaml
flores	ar-tn	ما	none	25	3	263	0.095	0.074	1	water; very diluted; watered down beverage; somthing; which; what	يُحقق ستيرنز في ما إذا كانت الضرائب تُستخدم لتمويل عمليات الإجهاض من خلال تنظيم الأسرة في دوره كرئيس للجنة الفرعية للرقابة والتحقيقات، والتي تقع تحت مظلة لجنة الطاقة والتجارة في مجلس النواب.	Stearns is investigating whether taxes are used to fund abortions through Planned Parenthood in his role as chairman of the Oversight and Investigations Subcommittee, which is under the umbrella of the House Energy and Commerce Committee.	countries/tn/ar-tn/entries/me.yaml
flores	ar-tn	من	none	210	5	730	0.288	0.267	1.9	someone; somebody; from; than; since	يوم الاثنين، أعلن علماء من كلية الطب بجامعة ستانفورد على اختراع أداة تشخيصية جديدة تنجم تصنّف الخلايا حسب النوع: بيس صغيرة تتطبع ينجموايصنعوها كيف يستعملوا طابعات نفاثة للحبار قياسية  بتقريب سنت أمريكي واحد لكل واحد منها.	On Monday, scientists from the Stanford University School of Medicine announced the invention of a new diagnostic tool that can sort cells by type: a tiny printable chip that can be manufactured using standard inkjet printers for possibly about one U.S. cent each.	countries/tn/ar-tn/entries/men.yaml
flores	ar-tn	مش	kept	12	0	33	0.364	0.265	4.8	alternative of موش; not	مش معروف حتى لتوا التهم الي بش يوجهوها ولا شنوا الي وصّل السلطات للطْفُل لكن الإجراءات المتعلقة بالأحداث بدات في المحكمة الفيدرالية.	It is not known at this time what charges will be laid or what led authorities to the boy but juvenile proceedings have begun in federal court.	countries/tn/ar-tn/entries/mes.yaml
flores	ar-tn	ماي	kept	3	0	5	0.6	0.33	16.7	may	ستاردست بش تحقق رقم قياسي جديد على خاطرها أسرع مركبة فضائية ترجع للأرض، وكسرت الرّقم القياسي السّابق الّي ْتسجل في شهر ماي عام 1969 في عودة وحدة قيادة أبولو إكس.	Stardust will set a new all-time record for being the fastest spacecraft to return to Earth, breaking the previous record set in May of 1969 during the return of the Apollo X command module.	countries/tn/ar-tn/entries/mey.yaml
flores	ar-tn	مرا	kept	2	0	2	1	0.549	669.7	woman	نائب المفتش العام دي. كي. أريا،قال "اعتقلنا خمسة أشخاص اغتصبوا المرأة السويسرية واسترجعنا تلفونها المحمول والكمبيوتر المحمول".	Deputy Inspector General D K Arya said, "We have arrested five persons who raped the Swiss woman and recovered her mobile and laptop".	countries/tn/ar-tn/entries/mra.yaml
flores	ar-tn	مشى	kept	7	0	17	0.412	0.273	11.7	walk; function; work; fare	وفما شكون يعتقد إنو الطائر الجارح هذا  إلي عندو هالريش الكامل والدم السخون مشى في وضع عمودي على ساقين فيهم مخالب كيما الفيلوسيرابتور.	This fully feathered, warm blooded bird of prey was believed to have walked upright on two legs with claws like the Velociraptor.	countries/tn/ar-tn/entries/mse.yaml
flores	ar-tn	نهج	none	0	0	2	0	0	0	street			countries/tn/ar-tn/entries/nahj.yaml
flores	ar-tn	نار	kept	6	0	11	0.545	0.36	73.1	fire; sharp tongued person; extremely hot; sharp tongued	الشمس ما عندهاش قشرة تنجّم تاقف عليها كيما الأرض. تتكون الشمس بكلّها من الغازات، والنار، والبلازما.	The Sun doesn't have a crust like the Earth that you can stand on. The whole Sun is made out of gases, fire, and plasma.	countries/tn/ar-tn/entries/nar.yaml
flores	ar-tn	نجم	none	2	0	5	0.4	0.18	4.3	can; able to; could	يحلم برشا باليوم الي يمكن أن يسافرو فيه البشر إلى نجم آخر، واستكشاف عوالم أخرى، يتساءل البعض علي يحدث الغادي، يُعتقد أن الحياة الأخرى أو الكائنات الفضائية تعيش على كوكب آخر.	Many people dream of the day when humans can travel to another star and explore other worlds, some people wonder what's out there some belive that aliens or other life may live on another plant.	countries/tn/ar-tn/entries/nejjem.yaml
flores	ar-tn	نوفمبر	kept	5	0	7	0.714	0.472	287	november	يتمنى المحتجين باش يجمعوا 1.2 مليون توقيع على عريضة باش يرفعوها  للجمعية الوطنية في شهر نوفمبر.	Protesters hope to collect a petition of 1.2 million signatures to present to the National Congress in November.	countries/tn/ar-tn/entries/novombr.yaml
flores	ar-tn	نقص	none	0	0	8	0	0	0	become less; decrease			countries/tn/ar-tn/entries/nqos.yaml
flores	ar-tn	أكتوبر	kept	7	0	7	1	0.81	287	october	في 7 أكتوبر، اسياب الموتور وقت جاء طالع من غير إصابات، وقفت روسيا استعمال طيارات Il-76 مدة قصيرة بعد الأكسيدون.	On October 7 an engine separated on takeoff, without injuries. Russia briefly grounded Il-76s after that accident.	countries/tn/ar-tn/entries/oktobr.yaml
flores	ar-tn	قداش	none	0	0	1	0	0	0	how much; how many; how; ask for any numerically measured quality			countries/tn/ar-tn/entries/qaddes.yaml
flores	ar-tn	قال	none	8	0	65	0.123	0.08	8.8	say; tell; leave someone alone	روبرتس ما حبش جِملة يقول وقتاش حسب رايو تبدا الحياة، الي هوّ سؤالْ مهم في علاقة بأخلاقيات الإجهاض، وْقال الي موش باهي التعليق على تفاصيل الحالات المحتمْلة.	Roberts flatly refused to say about when he believes life begins, an important question when considering the ethics of abortion, saying that it would be unethical to comment on the specifics of likely cases.	countries/tn/ar-tn/entries/qal.yaml
flores	ar-tn	قام	none	0	0	3	0	0	0	stand up; wake up; resurrect; arrive; come back			countries/tn/ar-tn/entries/qam.yaml
flores	ar-tn	قطع	none	0	0	6	0	0	0	tear; shred			countries/tn/ar-tn/entries/qatta.yaml
flores	ar-tn	قبل	kept	29	0	73	0.397	0.327	10.9	accept; approve; reorient oneself; realign; before; then	ممكن ياسر، العاصفة توفى، الموجودة توة على حوالي 645 ميلاً (1040 كم) غرب جزر الرأس الأخضر، قبل ما تهدّد حتى منطقة، حسب كلام خبراء التنبؤ المناخي.	The storm, situated about 645 miles (1040 km) west of the Cape Verde islands, is likely to dissipate before threatening any land areas, forecasters say.	countries/tn/ar-tn/entries/qbel.yaml
flores	ar-tn	قديم	none	1	0	4	0.25	0.078	22.8	old	هو حث البلاد النامية باش تتجنب تجنب الطريق القديم اللي يقوم على مبدأ مسّخ توة ونظف مبعد"	Hu encouraged developing countries "to avoid the old path of polluting first and cleaning up later."	countries/tn/ar-tn/entries/qdim.yaml
flores	ar-tn	قريب	kept	9	0	15	0.6	0.436	41.6	near; close	بالرغم من هذا، تمركز عدد صغير من سفن البحرية الملكية قريب من طرق الغزو المحتملة بينما كان الأدميرالات يخافوان أ يغرقوا بسبب الهجوم الجوي الألماني.	However, very few Royal Navy ships were based near the likely invasion routes as the admirals were afraid they would be sunk by German air attack.	countries/tn/ar-tn/entries/qrib.yaml
flores	ar-tn	قرب	none	0	0	2	0	0	0	get close; become nigh; close to someone; interact with someone; get some closer; closeness			countries/tn/ar-tn/entries/qrob.yaml
flores	ar-tn	راجل	kept	5	0	6	0.833	0.575	167.4	man	يدعم بيتر كوستيلو، أمين الخزينة الأسترالي والراجل اللي باش يخلف رئيس الوزارة جون هاوارد كقائد الحزب الليبرالي، مجال الطاقة النووية في أستراليا.	Peter Costello, Australian treasurer and the man most likely to succeed Prime Minister John Howard as Liberal party leader has thrown his support behind a nuclear power industry in Australia.	countries/tn/ar-tn/entries/rajel.yaml
flores	ar-tn	ريق	none	0	0	10	0	0	0	vibe; pizzazz; cool; trendy			countries/tn/ar-tn/entries/riq.yaml
flores	ar-tn	رخيص	kept	2	0	2	1	0.549	669.7	cheap	إذا تحب تشوف العالم بسوم رخيص، سواء للضرورة، والا كستيل دوفي والا كتحدي، فما بعض الطرق تنجم تعملها.	If you want to see the world on the cheap, for necessity, lifestyle or challenge, there are some ways to do that.	countries/tn/ar-tn/entries/rkhis.yaml
flores	ar-tn	شبه	none	0	0	15	0	0	0	resemble; look like; confuse someone for someone else			countries/tn/ar-tn/entries/sabbah.yaml
flores	ar-tn	صدر	none	0	0	1	0	0	0	export; chest			countries/tn/ar-tn/entries/sadder.yaml
flores	ar-tn	صاحب	none	1	0	1	1	0.378	287	friend	إذا كنت وحدك والا معاك صاحب واحد، حاول  تقابل ناس أخرين وتشكّل مجموعة من أربعة إلى ستة من ناس  باش تتحصل على سوم ماخير للواحد، على خاطر الجولات السياحية أرخص للمجموعات اللي يكون عددها أكبر.	Tours are cheaper for larger groups, so if you're by yourself or with just one friend, try to meet other people and form a group of four to six for a better per-person rate.	countries/tn/ar-tn/entries/saheb.yaml
flores	ar-tn	ساهل	kept	6	0	9	0.667	0.454	89.3	easy	والوقوف على آثار حتى كيف يوصل عمرها ألف سنة، فساهل برشة أنك تذّكر أصوات وروايح المعارك القديمة، وأنك تسمع تقريب أصوات مشيهم على الحصى وأنك تشم ريحة الخوف الطالع من حفر الزنزانة.	Even standing amidst thousand year-old ruins it is easy to bring to mind the sounds and smells of battles long gone, to almost hear the clatter of hooves on the cobbles and to smell the fear rising from the dungeon pits.	countries/tn/ar-tn/entries/sahel.yaml
flores	ar-tn	صعيب	kept	5	0	8	0.625	0.403	78.5	difficult; hard	لكن الأمر هذا هو معضلة صعيب تتحل وباش نبقوا سنين طويلة قبل ما نشهدوا بناء مفاعلات اندماج عندها نفع.	This, however, is a very hard problem to solve and will take many years before we see useful fusion reactors built.	countries/tn/ar-tn/entries/saib.yaml
flores	ar-tn	شي	kept	3	0	11	0.273	0.139	36.5	nothing; something	لحسن الحظ ما جرالي شي، لكني شفت مشهد يخوّف، كانوا الناس يحاولوا تكسير الشبابك باش يخرجوا.	"Luckily nothing happened to me, but I saw a macabre scene, as people tried to break windows in order to get out.	countries/tn/ar-tn/entries/sayy.yaml
flores	ar-tn	شاف	none	0	0	3	0	0	0	see; look; look for; search; find			countries/tn/ar-tn/entries/sef.yaml
flores	ar-tn	سم	none	0	0	2	0	0	0	venom; poison			countries/tn/ar-tn/entries/semm.yaml
flores	ar-tn	سبتمبر	kept	7	0	7	1	0.81	251.1	september	في 24 سبتمبر 1759، وقع آرثر غينيس كونترا متاع كراء لمدة 9000 سنة لمصنع الشراب سانت جيمس جيت في دبلن، أيرلندا.	On September 24, 1759, Arthur Guinness signed a 9,000 year lease for the St James' Gate Brewery in Dublin, Ireland.	countries/tn/ar-tn/entries/septombr.yaml
flores	ar-tn	صغير	none	2	0	14	0.143	0.061	11	small	كي فتح المدّ المنخفض فجوة على طول النهر الغامض على طول الجانب الشمالي الشرقي من شبه الجزيرة، مدّو السياج فيسع بجدار حجري قصير إلى الشمال ينتهي عند حافة الما على شاطئ صغير.	When low tide opened a gap along the Mystic River along the northeast of the peninsula, they quickly extended the fence with a short stone wall to the north ending at the water's edge on a small beach.	countries/tn/ar-tn/entries/sghir.yaml
flores	ar-tn	شهر	kept	10	0	17	0.588	0.434	69.5	month	كانت الطيارة إي إل-76 مكون رئيسي للجيوش الزوز الروسي والسوفيتي مالسبعينيات، وعرفت بالحق أكسيدون خطير في روسيا الشهر الي فات.	The Il-76 has been a major component of both the Russian and Soviet military since the 1970s, and had already seen a serious accident in Russia last month.	countries/tn/ar-tn/entries/shar.yaml
flores	ar-tn	سيد	none	0	0	3	0	0	0	lion			countries/tn/ar-tn/entries/sid.yaml
flores	ar-tn	سكر	kept	3	0	5	0.6	0.33	92.7	stoned; get drunk; close; sugar; diabetes	وكيف بعض الخبراء الآخرين، عندو شك انو السكر يمكن يتداوى، مع الملاحظة أنو النتائج هذه ماعندهاش علاقة بالناس اللي عندهم السكر من النوع الأول.	Like some other experts, he is skeptical about whether diabetes can be cured, noting that these findings have no relevance to people who already have Type 1 diabetes.	countries/tn/ar-tn/entries/sker.yaml
flores	ar-tn	شكون	none	0	1	9	0	0	0	who; whose; someone; somebody			countries/tn/ar-tn/entries/skun.yaml
flores	ar-tn	سنة	kept	15	0	26	0.577	0.452	14.9	year; this year; tooth	في 24 سبتمبر 1759، وقع آرثر غينيس كونترا متاع كراء لمدة 9000 سنة لمصنع الشراب سانت جيمس جيت في دبلن، أيرلندا.	On September 24, 1759, Arthur Guinness signed a 9,000 year lease for the St James' Gate Brewery in Dublin, Ireland.	countries/tn/ar-tn/entries/sne.yaml
flores	ar-tn	شنوة	none	1	1	2	0.5	0.164	33.5	what	يعني هذا أننا قادرين باش نتنبؤوا بشكل ناجح بمنظور البشر الأخرين والا النية والا الإيمان والا المعرفة متاعهم والا شنوة اللي يحبوا.	That means we are able to successfully predict what other humans perceive, intend, believe, know or desire.	countries/tn/ar-tn/entries/snoww.yaml
flores	ar-tn	شراب	none	1	0	5	0.2	0.062	200.9	alcoholic beverage; any beverage	تُقدِم بعض البلايص الشراب بلوشي، اما  السُكْر يصعّب برشا الحُكم الصحيح على الأمور و كل القمارجية الصحاح يعرفوا أهمية أنو يقعد القمار واعي.	Some venues offer alcoholic beverages on the house. However, drunkenness impairs judgement, and all good gamblers know the importance of staying sober.	countries/tn/ar-tn/entries/srab-2.yaml
flores	ar-tn	شرب	kept	2	0	2	1	0.549	200.9	drink; consume alcohol; absorb	يمكن تسبب المشاكل الصحية على طوال المشاكل اللي تنتج على التكثير في شرب الألكول الضرر بالكبدة وحتى العمى والموت. تزداد امكانية الخطر كي تستهلك الكحول المصنوعة في النوار.	Possible long term health events from excessive drinking can include liver damage and even blindness and death. The potential danger is increased when consuming illegally produced alcohol.	countries/tn/ar-tn/entries/srab.yaml
flores	ar-tn	سريع	none	0	0	2	0	0	0	fast			countries/tn/ar-tn/entries/sriaa.yaml
flores	ar-tn	الساعة	none	1	0	7	0.143	0.044	57.4	setting a priority task for now; for the time being; currently; doomsday; judgement day	حاليًا سرعة ريح إعصار "فريد" هي 105 أميال في الساعة (165 كم/ساعة) وقاعد يمشي للشمال الغربي.	Fred currently has winds of 105 miles per hour (165 km/h) and is moving towards the northwest.	countries/tn/ar-tn/entries/sse.yaml
flores	ar-tn	شوي	none	0	0	1	0	0	0	little; low amount; few; kinda; lowkey; however; but surprize surprize; undesirably			countries/tn/ar-tn/entries/swayy.yaml
flores	ar-tn	ثلج	kept	7	0	10	0.7	0.497	127.8	snow; ice pack; freeze; extremely cold	هو ثلج متراكم فيه شقوق معبية أعلام. وما تنجمش تجتازو إلا بالتركاتورات المتخصصة، وسحب الزلاجات المحملة بالوقود والإمدادات.	It's compacted snow with crevasses filled in and marked by flags. It can only be traveled by specialized tractors, hauling sleds with fuel and supplies.	countries/tn/ar-tn/entries/telj.yaml
flores	ar-tn	طفل	none	0	0	2	0	0	0	child; kid			countries/tn/ar-tn/entries/tfol.yaml
flores	ar-tn	تي	none	0	0	3	0	0	0	heck; dammit			countries/tn/ar-tn/entries/ti.yaml
flores	ar-tn	وكل	none	0	0	4	0	0	0	feed			countries/tn/ar-tn/entries/wakkel.yaml
flores	ar-tn	وقتاش	none	1	0	1	1	0.378	24.5	when; what time; time that	روبرتس ما حبش جِملة يقول وقتاش حسب رايو تبدا الحياة، الي هوّ سؤالْ مهم في علاقة بأخلاقيات الإجهاض، وْقال الي موش باهي التعليق على تفاصيل الحالات المحتمْلة.	Roberts flatly refused to say about when he believes life begins, an important question when considering the ethics of abortion, saying that it would be unethical to comment on the specifics of likely cases.	countries/tn/ar-tn/entries/waqtes.yaml
flores	ar-tn	وفى	none	0	0	42	0	0	0	used up; depleted; exhausted; run dry; use up; complete			countries/tn/ar-tn/entries/wfe.yaml
flores	ar-tn	وين	kept	13	0	36	0.361	0.267	7.6	where; place that; while; very long period of time	تحرّكت المظاهرة من وايتهول مع ال11:29، تعدات بساحة ترافالغار، على طول الستراند، وتمادات بألدويتش وأعلى كينغسواي ناحية هولبورن وين كان حزب المحافظين منظّم منتدى الرّبيع في أوتيل غراند كونوت.	Around 11:29, the protest moved up Whitehall, past Trafalgar Square, along the Strand, passing by Aldwych and up Kingsway towards Holborn where the Conservative Party were holding their Spring Forum in the Grand Connaught Rooms hotel.	countries/tn/ar-tn/entries/win.yaml
flores	ar-tn	يمكن	none	3	0	142	0.021	0.01	10.6	maybe	يمكن يوماً ما، يقف أحفاد أحفادك على قمة عالم فضائي ويتساءلو عن أسلافهم القدامى؟	Maybe one day, your great grandchildren will be standing atop an alien world wondering about their ancient ancestors?	countries/tn/ar-tn/entries/yemkin.yaml
flores	ar-tn	زادة	kept	20	0	30	0.667	0.55	10.4	also; as well as; too	قال هسيه زادة أنو الباهي في التصاور أنو يتلهى بالشكل أكثر من الجوهر.	Hsieh also argued that the photogenic Ma was more style than substance.	countries/tn/ar-tn/entries/zed.yaml
flores	de-de	alles	none	4	0	14	0.286	0.16	6.4	all	Die Zeit ist etwas, das uns überall umgibt und alles beeinflusst, was wir tun, und dennoch schwer zu verstehen ist.	Time is something that is all around us, and affects everything we do, yet is difficult to understand.	countries/de/de-de/entries/alles.yaml
flores	de-de	clean	none	1	0	1	1	0.378	334.8	clean; drugfree	"Premierminister Stephen Harper hat nach einem 25-minütigen Treffen mit NDP-Leader Jack Layton am Dienstag im PMO zugestimmt, den ""Clean Air Act"" der Regierung an ein Komitee aller Parteien zur Prüfung vor der zweiten Anhörung zu schicken."	Prime Minister Stephen Harper has agreed to send the government's 'Clean Air Act' to an all-party committee for review, before its second reading, after Tuesday's 25 minute meeting with NDP leader Jack Layton at the PMO.	countries/de/de-de/entries/clean.yaml
flores	de-de	daten	none	0	0	3	0	0	0	date			countries/de/de-de/entries/daten.yaml
flores	de-de	dicke	none	0	0	1	0	0	0	amply; sufficiently; absolutely; for sure			countries/de/de-de/entries/dicke.yaml
flores	de-de	down	none	1	0	1	1	0.378	71.8	down; depressed	Mit der gleichen Zeitzone wie Hawaii werden die Inseln manchmal als „Hawaii Down Under“ bezeichnet.	With the same time zone as Hawaii, the islands are sometimes thought of as "Hawaii down under".	countries/de/de-de/entries/down.yaml
flores	de-de	extra	none	1	0	1	1	0.378	100.5	separate; special; specially made; on purpose; aside; apart; separately	Menschen, die etwas Spanisch sprechen, könnten jedoch vorschnell zu dem Schluss kommen, dass Portugiesisch so ähnlich ist, dass man es nicht extra lernen muss.	However, people who know a little Spanish may hastily conclude that Portuguese is close enough that it need not be studied separately.	countries/de/de-de/entries/extra.yaml
flores	de-de	feiern	none	0	0	3	0	0	0	love; adore			countries/de/de-de/entries/feiern.yaml
flores	de-de	ganz	none	2	0	6	0.333	0.148	6.8	all; whole; intact	Tatsächlich ist sie ganz und gar nicht einfach zu finden, auch wenn man weiß, dass sie existiert. Sobald man sich in der Höhle befindet, ist man vollkommen isoliert.	In fact, it is not easy to find at all even if one knew it existed. Once inside the cave, it is a total isolation.	countries/de/de-de/entries/ganz.yaml
flores	de-de	gehen	none	1	0	12	0.083	0.025	1.7	leave; take off; work; function; last; go for; go on; in progress; paid for	Diese Veranstaltungen gehen zumeist über drei bis sechs Monate und werden an Orten abgehalten, die mindestens 50 Hektar umfassen.	These events normally last anywhere between three and six months, and are held on sites no smaller than 50 hectares.	countries/de/de-de/entries/gehen.yaml
flores	de-de	genug	added	7	0	8	0.875	0.66	97.7	enough; sufficient; in an adequate way	Diplomaten sagten, sie hätten genug Unklarheit in der afghanischen Verfassung gefunden, um die Stichwahl für unnötig zu befinden.	Diplomats said that they had found enough ambiguity in the Afghan constitution to determine the runoff as unnecessary.	countries/de/de-de/entries/genug.yaml
flores	de-de	geschafft	none	0	0	1	0	0	0	exhausted			countries/de/de-de/entries/geschafft.yaml
flores	de-de	halt	none	0	0	1	0	0	0	indicating that something is generally known; cannot be changed; like; often untranslatable; just; simply; indeed; well			countries/de/de-de/entries/halt.yaml
flores	de-de	handeln	none	0	0	1	0	0	0	handle something; control; deal with in an organized fashion			countries/de/de-de/entries/handeln.yaml
flores	de-de	hier	none	0	0	11	0	0	0	listen; hey; used for emphasis; call for attention; often when broaching a new subject; but not as a greeting			countries/de/de-de/entries/hier.yaml
flores	de-de	hin	none	0	0	16	0	0	0	gone; left; situated; dead; out of order; kaput; exhausted; depleted; captivated; hooked			countries/de/de-de/entries/hin.yaml
flores	de-de	klar	none	0	0	6	0	0	0	obviously; surely			countries/de/de-de/entries/klar.yaml
flores	de-de	klasse	none	0	0	5	0	0	0	great; awesome			countries/de/de-de/entries/klasse.yaml
flores	de-de	langen	none	0	0	4	0	0	0	reach; grab; take; pass; hand something to someone; suffice; enough			countries/de/de-de/entries/langen.yaml
flores	de-de	logisch	none	0	0	1	0	0	0	of course; absolutely; certainly			countries/de/de-de/entries/logisch.yaml
flores	de-de	machen	none	6	0	22	0.273	0.17	6.9	perform; carry out; come to; total; cost; make; signify; mean with nichts; viel; etc matter	Stellen Sie sicher, dass Ihre Hand so entspannt wie möglich ist und Sie dennoch alle Töne korrekt treffen können. Versuchen Sie auch, mit den Fingern keine unnötig großen Bewegungen zu machen.	Make sure your hand is as relaxed as possible while still hitting all the notes correctly - also try not to make much extraneous motion with your fingers.	countries/de/de-de/entries/machen.yaml
flores	de-de	mal	none	0	0	7	0	0	0	well; by the way; softening a sentence; thus making a request; command more polite; making an assertion more casual by extension; indicating a command; request			countries/de/de-de/entries/mal.yaml
flores	de-de	nerven	none	0	0	1	0	0	0	annoy; irritate			countries/de/de-de/entries/nerven.yaml
flores	de-de	normal	none	0	0	3	0	0	0	sure; of course; obviously; usually implies that something is trivial			countries/de/de-de/entries/normal.yaml
flores	de-de	nu	none	0	0	1	0	0	0	yes; yeah; expresses agreement; understanding; well; fills pause			countries/de/de-de/entries/nu.yaml
flores	de-de	null	none	0	0	1	0	0	0	not at all			countries/de/de-de/entries/null.yaml
flores	de-de	original	none	0	0	2	0	0	0	really; actually			countries/de/de-de/entries/original.yaml
flores	de-de	schiffen	none	0	0	3	0	0	0	urinate; rain heavily			countries/de/de-de/entries/schiffen.yaml
flores	de-de	shoppen	none	1	0	1	1	0.378	334.8	shop	Casablanca ist einer der uninteressantesten Orte zum Shoppen in ganz Marokko.	Casablanca is one of the least interesting places to shop in all of Morocco.	countries/de/de-de/entries/shoppen.yaml
flores	de-de	spitze	none	0	0	4	0	0	0	great; awesome			countries/de/de-de/entries/spitze.yaml
flores	de-de	super	added	4	0	4	1	0.709	74.4	super; great; awesome	Dazu gehören die Niederlande, wo Anna Jochemsen gestern im Super-G den neunten Platz im Stand der Damen belegte, und Finnland mit Katja Saarinen, die im selben Wettbewerb den zehnten Platz belegte.	They include the Netherlands, with Anna Jochemsen finishing ninth in the women's standing class in the Super-G yesterday, and Finland with Katja Saarinen finishing tenth in the same event.	countries/de/de-de/entries/super.yaml
flores	de-de	top	added	2	0	3	0.667	0.321	78.8	top	Stewart, Gordon, Kenseth and Harvick vervollständigen die Top-Ten-Liste der Fahrerwertung bei vier noch ausstehenden Rennen der Saison.	Stewart, Gordon, Kenseth, and Harvick round out the top-ten positions for the Drivers' Championship with four races remaining in the season.	countries/de/de-de/entries/top.yaml
flores	de-de	voll	added	3	0	4	0.75	0.433	22.5	full; drunk; very; quite; really	Aber darüber sollten Sie sich keine Gedanken machen, weil Touristen oft zusammengefasst werden, damit die Fahrzeuge voll werden.	However, this shouldn't really be off your concern, because often tourists are shuffled around to fill the cars.	countries/de/de-de/entries/voll.yaml
flores	pt-br	assim	none	3	0	32	0.094	0.046	4.8	well	Aprender a criar mídias interativas exige habilidades convencionais e tradicionais, assim como o domínio de ferramentas em aulas interativas (esboço sequencial, edição de áudio e vídeo, narração de histórias, etc.)	Learning to create interactive media requires conventional and traditional skills, as well as tools mastered in interactive classes (storyboarding, audio and video editing, story telling, etc.)	countries/br/pt-br/entries/assim.yaml
flores	pt-br	barato	none	0	0	4	0	0	0	fun; high			countries/br/pt-br/entries/barato.yaml
flores	pt-br	beleza	none	0	0	3	0	0	0	what's up; all right; okay			countries/br/pt-br/entries/beleza.yaml
flores	pt-br	caô	none	0	0	1	0	0	0	lie; nonsense talk			countries/br/pt-br/entries/cao.yaml
flores	pt-br	cara	none	0	0	3	0	0	0	man; fellow; guy and any adult male; dude			countries/br/pt-br/entries/cara.yaml
flores	pt-br	comer	added	3	0	3	1	0.646	251.1	eat; eat some; miss a letter; other symbol in writing	Um tricerátops poderia ter usado seu forte bico para arrancar as folhas antes de comer o tronco.	A Triceratops could have used its strong beak to strip off the leaves before eating the trunk.	countries/br/pt-br/entries/comer.yaml
flores	pt-br	dã	none	0	0	499	0	0	0	duh			countries/br/pt-br/entries/da.yaml
flores	pt-br	demorou	none	0	0	1	0	0	0	confirmation			countries/br/pt-br/entries/demorou.yaml
flores	pt-br	dez	none	0	0	5	0	0	0	awesome; amazing; very cool; very nice			countries/br/pt-br/entries/dez.yaml
flores	pt-br	esquerda	none	0	0	1	0	0	0	leftist			countries/br/pt-br/entries/esquerda.yaml
flores	pt-br	esse	added	23	1	28	0.821	0.712	10.2	this	Os cientistas chamam esse processo de "emissão estimulada de radiação" pois os átomos são estimulados pela luz brilhante, provocando a emissão de um fóton de luz, e a luz é um tipo de radiação.	Scientists call this process "stimulated emission of radiation" because the atoms are stimulated by the bright light, causing the emission of a photon of light, and light is a type of radiation.	countries/br/pt-br/entries/esse.yaml
flores	pt-br	fala	none	0	0	4	0	0	0	sup			countries/br/pt-br/entries/fala.yaml
flores	pt-br	falou	none	0	0	7	0	0	0	see you; bye			countries/br/pt-br/entries/falou.yaml
flores	pt-br	foi	none	3	0	169	0.018	0.009	3.2	indicates that an action has been undertaken; done	O letreiro não foi danificado fisicamente; a alteração foi feita usando lonas pretas decoradas com símbolos de paz e coração para alterar o "O" para que se lesse um "e" minúsculo.	The sign was not physically damaged; the modification was done using black tarpaulins decorated with signs of peace and heart to alter the "O" to read lowercase "e".	countries/br/pt-br/entries/foi.yaml
flores	pt-br	gato	none	0	0	2	0	0	0	illegal connection to use electricity; watch pay tv for free; petty thief; truck driver who rents boias frias to work on farming; physically attractive			countries/br/pt-br/entries/gato.yaml
flores	pt-br	isso	added	42	1	70	0.6	0.523	7.4	this	Os principais pesquisadores dizem que isso pode levar ao diagnóstico precoce de câncer, tuberculose, HIV e malária em pacientes em países de baixa renda, onde expectativas de sobrevivência para doenças como o câncer de mama podem chegar à metade em comparação às expectativas de sobrevivência de países mais ricos.	Lead researchers say this may bring early detection of cancer, tuberculosis, HIV and malaria to patients in low-income countries, where the survival rates for illnesses such as breast cancer can be half those of richer countries.	countries/br/pt-br/entries/isso.yaml
flores	pt-br	maior	none	3	0	46	0.065	0.032	1.6	big; great; very; quite	O Platô de Gizé, ou a "Necrópole de Gizé", no Vale dos Mortos egípcio, conta com diversas pirâmides (dentre as quais a Grande Pirâmide é a de maior tamanho), diversas tumbas pequenas, diversos templos e a grande Esfinge.	The Giza Plateau, or "Giza Necropolis" in the Egyptian Valley of the Dead contains several pyramids (of which the great pyramid is the largest), several small tombs, several temples, and the great Sphinx.	countries/br/pt-br/entries/maior.yaml
flores	pt-br	massa	none	0	0	6	0	0	0	cool; great; amazing; awesome			countries/br/pt-br/entries/massa.yaml
flores	pt-br	nave	none	0	0	1	0	0	0	car			countries/br/pt-br/entries/nave.yaml
flores	pt-br	ônibus	added	12	0	15	0.8	0.641	133.9	bus	O ônibus da banda estava seguindo para o Six Flags St. Louis, em Missouri, para tocar para várias pessoas num evento onde todos os ingressos estavam esgotados.	The bus was headed to Six Flags St. Louis in Missouri for the band to play to a sold-out crowd.	countries/br/pt-br/entries/onibus.yaml
flores	pt-br	pagar	none	0	0	6	0	0	0	especially as punishment			countries/br/pt-br/entries/pagar.yaml
flores	pt-br	perdeu	none	0	0	5	0	0	0	used by thieves when stealing someone's valuables; stand and deliver			countries/br/pt-br/entries/perdeu.yaml
flores	pt-br	point	none	0	0	1	0	0	0	location where members of a group usually meet			countries/br/pt-br/entries/point.yaml
flores	pt-br	policial	none	1	0	2	0.5	0.164	334.8	police officer	Segundo o site de notícias de entretenimento TMZ, o fotógrafo parou seu veículo do outro lado do Boulevard Sepulveda e tentou tirar fotos da parada policial antes de cruzar a estrada e continuar, levando o policial da Patrulha Rodoviária da Califórnia que conduzia a parada do trânsito a ordenar que ele voltasse, duas vezes.	Entertainment news website TMZ understands the photographer stopped his vehicle on the other side of Sepulveda Boulevard and attempted to take pictures of the police stop before crossing the road and continuing, prompting the California Highway Patrol police officer conducting the traffic stop to order him back across, twice.	countries/br/pt-br/entries/policial.yaml
flores	pt-br	prata	none	0	0	3	0	0	0	one hundred cents of current currency unit an entire real; brazilian buck			countries/br/pt-br/entries/prata.yaml
flores	pt-br	real	none	0	0	13	0	0	0	truth			countries/br/pt-br/entries/real.yaml
flores	pt-br	sei	none	0	0	1	0	0	0	yeah; right			countries/br/pt-br/entries/sei.yaml
flores	pt-br	show	none	0	0	8	0	0	0	act; performance that demonstrates high skill; spectacle; display; feat; amazing; awesome			countries/br/pt-br/entries/show.yaml
flores	pt-br	social	none	0	0	1	0	0	0	small party between close people; friends			countries/br/pt-br/entries/social.yaml
flores	pt-br	suave	none	0	0	1	0	0	0	fine; okay			countries/br/pt-br/entries/suave.yaml
flores	pt-br	time	added	3	0	5	0.6	0.33	60.3	team	Durante a sua participação no time, ele fez 403 gols em 468 partidas.	During his time with the team, he scored 403 goals in 468 appearances.	countries/br/pt-br/entries/time.yaml
flores	pt-br	velho	none	0	0	1	0	0	0	informal form of address for males of any age; bro; man; dude			countries/br/pt-br/entries/velho.yaml
flores	pt-br	viu	none	0	0	4	0	0	0	used at the beginning; end of a sentence; especially imperative ones; as filler			countries/br/pt-br/entries/viu.yaml
flores	hi-in	अब	added	19	0	31	0.613	0.498	45.6	now; after all	मूल बिल को साओ पाउलो के पूर्व मेयर मार्ता सुपीली द्वारा तैयार किया गया था। संशोधित होने के बाद प्रस्तावित कानून बन गया और अब यह रॉबर्टो जेफरसन के हाथों में है।	The original bill was drafted by former mayor of São Paulo, Marta Suplicy. The proposed legislation, after being amended, is now in the hands of Roberto Jefferson.	countries/in/hi-in/entries/ab.yaml
flores	hi-in	अच्छा	added	13	1	22	0.591	0.455	16.3	good; nice; fine; delicious; tasty; well	वर्जिन ने केवल उत्तरी रॉक के 'अच्छा बैंक' को खरीदा है, न कि संपत्ति प्रबंधन करने वाली कंपनी को।	Virgin have only purchased the ‘good bank’ of Northern Rock, not the asset management company.	countries/in/hi-in/entries/accha.yaml
flores	hi-in	आज	added	24	0	28	0.857	0.753	55.5	today	आज के खिलाड़ी वॉशिगंटन कैपिटल्स के एलेक्स ओवेचकिन हैं.	Today's Player of the Day is Alex Ovechkin of the Washington Capitals.	countries/in/hi-in/entries/aj.yaml
flores	hi-in	आना	none	1	0	3	0.333	0.106	6.6	come; approach; draw near; arrive; reach; come back; return; appear; turn up; show up; come into view; published; feature; received; delivered; come in	विशिष्ट यात्रा में ऑरलैंडो अंतर्राष्ट्रीय हवाई अड्डे पर उड़ान भरना, एक ऑन-साइट डिज़्नी होटल में बस से ले जाना, डिज़्नी इलाके को छोड़े बिना करीब एक सप्ताह बिताना और घर वापस आना शामिल है.	The "typical" visit involves flying into Orlando International Airport, busing to an on-site Disney hotel, spending about a week without leaving Disney property, and returning home.	countries/in/hi-in/entries/ana.yaml
flores	hi-in	आसान	added	6	0	19	0.316	0.199	42.3	easy	हज़ार साल पुराने खंडहरों के बीच खड़े होकर भी लंबे समय से चली आ रही लड़ाइयों की आवाज़ और खुशबू को मन में लाना आसान है, लगभग कोयलों पर खुरों की खटपट सुनने और कालकोठरी के कब्रों से उठने वाले डर को सूँघने जैसा.	Even standing amidst thousand year-old ruins it is easy to bring to mind the sounds and smells of battles long gone, to almost hear the clatter of hooves on the cobbles and to smell the fear rising from the dungeon pits.	countries/in/hi-in/entries/asan.yaml
flores	hi-in	बाबा	none	0	0	2	0	0	0	dad; papa; paternal grandfather; male elder; small child			countries/in/hi-in/entries/baba.yaml
flores	hi-in	बच्चा	added	2	0	2	1	0.549	133.9	child; young	पूरी तरह से गैर-मानवीय जानवरों पर ढोकर लाए जाने के बाद, जंगली बच्चा करीब-करीब वैसा ही बर्ताव (शारीरिक सीमाओं के भीतर) करते हैं जैसा खास-देखभाल वाले जानवर करते हैं, जैसे कि इंसानों से डर या बेपरवाही.	When completely brought up by non-human animals, the feral child exhibits behaviors (within physical limits) almost entirely like those of the particular care-animal, such as its fear of or indifference to humans.	countries/in/hi-in/entries/bacca.yaml
flores	hi-in	बहुत	added	47	0	99	0.475	0.411	6.3	many; much; too much; very	कैप्सूल बहुत हद तक आसमान में एक उल्का की तरह दिखाई देगा.	The capsule will look much like a shooting star going across the sky.	countries/in/hi-in/entries/bahut.yaml
flores	hi-in	बनाना	none	2	0	7	0.286	0.125	6.4	make; create; produce; cause to be; turn into; form	जबकि प्रोजेक्ट आधारित लर्निंग को, लर्निंग को और आसान और अधिक दिलचस्प बनाना चाहिए, स्कैफोल्डिंग इससे भी एक कदम आगे जाती है.	While project based learning should make learning easier and more interesting, scaffolding goes a step beyond.	countries/in/hi-in/entries/banana.yaml
flores	hi-in	बड़ा	none	8	0	27	0.296	0.198	7.8	big; large; huge; massive; heavy; grown up; adult; important	पुरस्कार के समय, अटलांटा स्कूलों ने टेस्ट स्कोर में एक बड़ा सुधार देखा था.	At the time of the award, Atlanta schools had seen a large improvement on test scores.	countries/in/hi-in/entries/bara.yaml
flores	hi-in	बारीक	none	1	0	1	1	0.378	55.8	fine; soft; delicate; thin; small; subtle; obscured; abstruse	वर्चुअल टीमों को भी परंपरागत टीमों की तरह ही उत्कृष्टता के समान मानकों पर रखा जाता है, लेकिन उनमें बारीक अंतर होते हैं.	Virtual teams are held to the same standards of excellence as conventional teams, but there are subtle differences.	countries/in/hi-in/entries/barik.yaml
flores	hi-in	बस	none	1	0	12	0.083	0.025	1.4	merely; only; enough; ample; power; control; ability	डेनियस ने कहा, “फ़िलहाल हम कुछ नहीं कर रहे हैं. मैंने अपने साथ काम करने वाले लोगों को ईमेल भेजे हैं और उसने उनके फ्रेंडली जवाब भेजे हैं. अभी के लिए, बस इतना ही बताना चाहूँगा.” 	Danius said, "Right now we are doing nothing. I have called and sent emails to his closest collaborator and received very friendly replies. For now, that is certainly enough."	countries/in/hi-in/entries/bas.yaml
flores	hi-in	भाई	none	1	0	2	0.5	0.164	111.6	brother; dude; friend; bro	चलिए इटली की योजनाओं के बारे में बताते हैं. इटली मुख्य रूप से जर्मनी और जापान का छोटा भाई था.	Let's start with an explanation about Italy's plans. Italy was mainly the "little brother" of Germany and Japan.	countries/in/hi-in/entries/bhai.yaml
flores	hi-in	भर	none	2	0	13	0.154	0.066	2.7	all; every; whole; entire	हर कोने की दुकान प्री-पेड फ़ोन कार्ड के एक भ्रामक कतार से भर जाती है जिसका इस्तेमाल पेफ़ोन या साधारण टेलीफ़ोन से किया जा सकता है.	Every corner store is filled with a confusing array of pre-paid phone cards that can be used from pay phones or ordinary telephones.	countries/in/hi-in/entries/bhar.yaml
flores	hi-in	भी	added	88	1	264	0.333	0.297	5.8	also; too	शय ने यह भी तर्क दिया कि फ़ोटोजेनिक मा हक़ीक़त की तुलना में ज़्यादा बनावटी थे.	Hsieh also argued that the photogenic Ma was more style than substance.	countries/in/hi-in/entries/bhi.yaml
flores	hi-in	बोलना	none	1	0	1	1	0.378	54.3	speak; say; tell; say to	बार्सिलोना की आधिकारिक भाषाएँ कातलान और स्पेनिश हैं. लगभग आधे लोग कातलान बोलना पसंद करते हैं, एक बहुत बड़ी जनसंख्या में लोग इसे समझते हैं, और लगभग हर कोई स्पेनिश जानता है.	Barcelona's official languages are Catalan and Spanish. About a half prefer to speak Catalan, a vast majority understands it, and virtually everyone knows Spanish.	countries/in/hi-in/entries/bolna.yaml
flores	hi-in	चलना	added	4	0	6	0.667	0.409	17.9	move; walk; stroll; come; leave; depart; set out; moved; played	हाइकिंग घर के बाहर की गतिविधि है जिसमें अक्सर प्राकृतिक वातावरण में हाइकिंग ट्रेल्स पर पैदल चलना होता है।	Hiking is an outdoor activity which consists of walking in natural environments, often on hiking trails.	countries/in/hi-in/entries/calna.yaml
flores	hi-in	देखना	added	3	0	5	0.6	0.33	15.7	see; look; watch; perceive with eyes; observe; notice; look for; search for; seek; see to; attend to; guard; watch over; look after	एडीडी वाले बच्चों का मुशकिल समय होता है स्कूली पढ़ाई जैसी चीज़ों पर ध्यान केंद्रित करना, लेकिन वे उन चीज़ों पर ध्यान केंद्रित कर सकते हैं, जो उन्हें पसंद है जैसे कि गेम खेलना या अपने पसंदीदा कार्टून देखना या विराम चिह्न के बिना वाक्य लिखना.	Children with ADD have a hard time focusing on things like school work, but they can concentrate on things they enjoy doing like playing games or watching their favorite cartoons or writing sentences without punctuation.	countries/in/hi-in/entries/dekhna.yaml
flores	hi-in	देना	none	1	0	6	0.167	0.051	6.8	give; grant; award; lay; give birth to; orate; deliver; pay	वास्तविक उद्देश्य उन कंपनियों को अपने बाज़ारों पर अधिक नियंत्रण देना है; यह सब पैसे कताई है।	The actual purpose is to give those companies more control over their markets; it's all about money spinning.	countries/in/hi-in/entries/dena.yaml
flores	hi-in	धन	added	3	0	5	0.6	0.33	75.3	money; wealth; riches; natural resorces	मुख्य ईसाई सिद्धातों में से एक यह है कि धन का उपयोग दुख और गरीबी को कम करने के लिए किया जाना चाहिए और चर्च के मौद्रिक कोष विशेष रूप से इसीलिए हैं.	One of the main Christian tenets is that wealth should be used to alleviate suffering and poverty and that the monetary funds of the church are there specifically for that reason.	countries/in/hi-in/entries/dhan.yaml
flores	hi-in	फ़िलहाल	added	2	0	3	0.667	0.321	43.2	now; currently	ब्राज़ील की नेशनल कांग्रेस इस तरह के नागरिक विवाह को कानूनी मान्यता देने के लिए 10 सालों से चर्चा कर रही है जिसे फ़िलहाल सिर्फ़ रियो ग्रांडे डो सुल मान्यता प्राप्त है.	The National Congress of Brazil has debated legalization for 10 years, and such civil marriages are currently only legal in Rio Grande do Sul.	countries/in/hi-in/entries/filhal.yaml
flores	hi-in	फ़ोन	added	11	0	12	0.917	0.758	141.7	phone	अपने 2 घंटे के भाषण के दौरान, उन्होंने कहा कि “आज ऐपल अपने फ़ोन का फिर आविष्कार करने जा रहा है, आज हम इतिहास बनाने जा रहे हैं.	During his 2 hour speech he stated that "Today Apple is going to reinvent the phone, We are going to make history today".	countries/in/hi-in/entries/fon.yaml
flores	hi-in	गली	none	1	0	2	0.5	0.164	91.3	street; lane; alleyway	रिपोर्टों के अनुसार, मैकबेथ गली में एक अपार्टमेंट में गैस रिसाव के कारण विस्फोट हो गया।	According to reports, an apartment on Macbeth Street exploded due to a gas leak.	countries/in/hi-in/entries/gali.yaml
flores	hi-in	गाड़ी	added	3	0	7	0.429	0.226	13.7	car; truck; bus; carriage; cart; train	महाराजा और महारानी के ख़िलाफ़ चीखते-चिल्लाते लोगों की भीड़ से घिरी एक गाड़ी में सफर करते हुए वे लोग पेरिस वापस आए.	In a carriage, they traveled back to Paris surrounded by a mob of people screaming and shouting threats against the King and Queen.	countries/in/hi-in/entries/gari.yaml
flores	hi-in	घर	added	24	0	29	0.828	0.721	34.6	house; home; dwelling; den; nest	राष्ट्रपति की हालत स्थिर है, हालाँकि वह कई दिनों तक घर पर एकांत में रहेंगे।	The president's condition is stable, though he will be isolated at home for several days.	countries/in/hi-in/entries/ghar.yaml
flores	hi-in	हाँ	none	1	0	2	0.5	0.164	1004.5	yes	हाँ! राजा तूतनखामन जिसे कभी-कभी “राजा तूत” या “द ब्वॉय किंग” कहा जाता है, आधुनिक मिस्र के सबसे प्राचीन प्रसिद्ध राजाओं में से एक है.	Yes! King Tutankhamun, sometimes referred to as "King Tut" or "The Boy King", is one of the most well known ancient Egyptian kings in modern times.	countries/in/hi-in/entries/ha.yaml
flores	hi-in	हम	none	0	1	29	0	0	0	also; as well; likewize			countries/in/hi-in/entries/ham.yaml
flores	hi-in	जब	added	55	0	74	0.743	0.673	18.9	when	ब्लैक ब्यूटी के छोटे आकार की वजह से न्यूज़ीलैंड की पुलिस को स्पीड रडार गन का इस्तेमाल करके श्री रीड की रफ़्तार पता लगाने में कठिनाई हो रही थी. पुलिस उनकी रफ़्तार सिर्फ़ तभी माप सकी, जब वे रफ़्तार कम करके 160 किलोमीटर/घंटा पर आ गए थे.	The New Zealand police had trouble using their speed radar guns to see how fast Mr Reid was going because of how low Black Beauty is, and the only time the police managed to clock Mr Reid was when he slowed down to 160km/h.	countries/in/hi-in/entries/jab.yaml
flores	hi-in	जाना	none	4	0	36	0.111	0.06	1.8	move; travel; leave; depart; proceed from one place to another; lead to; extend to; reach with तक to; until; flow; issue; discharge; leak with स from; pass; elapse; spend; go by	विशिष्ट यात्रा में ऑरलैंडो अंतर्राष्ट्रीय हवाई अड्डे पर उड़ान भरना, एक ऑन-साइट डिज़्नी होटल में बस से ले जाना, डिज़्नी इलाके को छोड़े बिना करीब एक सप्ताह बिताना और घर वापस आना शामिल है.	The "typical" visit involves flying into Orlando International Airport, busing to an on-site Disney hotel, spending about a week without leaving Disney property, and returning home.	countries/in/hi-in/entries/jana.yaml
flores	hi-in	जानना	none	1	0	2	0.5	0.164	24.5	know; comprehend; understand; familiar with	यदि किसी व्यक्ति के किसी विशेष स्थान की यात्रा का उद्देश्य उसके इतिहास और संस्कृति को जानना है तो इस प्रकार के पर्यटन को सांस्कृतिक पर्यटन के रूप में जाना जाता है.	If the objective of one’s visit to a particular place is to get to know its history and culture then this type of tourism is known as cultural tourism.	countries/in/hi-in/entries/janna.yaml
flores	hi-in	कब	none	1	0	1	1	0.378	25.4	when	गर्भपात की नैतिकता पर विचार करते समय एक महत्वपूर्ण सवाल, जीवन कब शुरू होता है पर संभावित मामलों की बारीकियों पर टिप्पणी करने को अनैतिक बताते हुए रॉबर्ट्स ने इस पर अपने विचार प्रकट करने से साफ़-साफ़ मना कर दिया.	Roberts flatly refused to say about when he believes life begins, an important question when considering the ethics of abortion, saying that it would be unethical to comment on the specifics of likely cases.	countries/in/hi-in/entries/kab.yaml
flores	hi-in	काफ़ी	none	3	0	14	0.214	0.108	14.8	enough; sufficient; quite	बेल्जियम और स्विट्जरलैंड में बोली जाने वाली फ़्रेंच, फ़्रांस में बोली जाने वाली फ़्रेंच से थोड़ी अलग है. हालाँकि, ये काफ़ी हद तक समान हैं जिन्हें आपस में समझा जा सकता है.	The varieties of French which are spoken in Belgium and Switzerland differ slightly from the French spoken in France, though they are similar enough to be mutually intelligible.	countries/in/hi-in/entries/kafi.yaml
flores	hi-in	कहाँ	added	2	0	2	1	0.549	45.7	where; not the case; not even; not at all	जब कि किसी के इतिहास को समझना संस्कृति को समझना नहीं माना जाता है, यह लोगों को कम से कम यह समझने में मदद करता है कि वे संगठन के इतिहास में कहाँ हैं.	While understanding one’s history does not assume understanding of culture, it does at least help people gain a sense of where they fall within the history of the organization.	countries/in/hi-in/entries/kaha.yaml
flores	hi-in	कहना	added	8	0	9	0.889	0.692	47	say; speak; tell; utterance; remark	अमेरिका का कहना है कि उसे एक अज्ञात स्रोत से जानकारी मिली है जो विशेष रूप से कहता है कि आत्मघाती हमलावरों के उपयोग से इथियोपिया और केन्या में “प्रमुख स्थलों” को उड़ा दिया जायेगा।	The U.S. says it has received information from an undisclosed source that specifically mentions the use of suicide bombers to will blow up "prominent landmarks" in Ethiopia and Kenya.	countries/in/hi-in/entries/kahna.yaml
flores	hi-in	कैसे	added	6	0	7	0.857	0.622	86.1	how	कोमेन की नीति ने योजनाबद्ध पितृत्व को एक लंबित जाँच के कारण अयोग्य ठहराया कि कैसे योजनाबद्ध पितृत्व इसके पैसे बताता है और खर्च करता है जो प्रतिनिधि क्लिफ़ स्टर्न्स द्वारा संचालित किए जा रहे हैं.	Komen's policy disqualified Planned Parenthood due to a pending investigation on how Planned Parenthood spends and reports its money that is being conducted by Representative Cliff Stearns.	countries/in/hi-in/entries/kaise.yaml
flores	hi-in	कल	added	6	0	6	1	0.785	69.3	yesterday; tomorrow; any indefinite time in the past; future; soft; low; sweet	ट्विन ऑटर कल कोकोडा में एयरलाइंस पीएनजी फ्लाइट CG4684 के रूप में उतरने का प्रयास कर रहा था, लेकिन एक बार पहले ही यह विचार रद्द कर चुका था।	The Twin Otter had been trying to land at Kokoda yesterday as Airlines PNG Flight CG4684, but had aborted once already.	countries/in/hi-in/entries/kal.yaml
flores	hi-in	करना	none	6	0	79	0.076	0.046	1.3	perform; execute; work; engage in a profession; render; convert from one state to another; move; shift; place	एडीडी वाले बच्चों का मुशकिल समय होता है स्कूली पढ़ाई जैसी चीज़ों पर ध्यान केंद्रित करना, लेकिन वे उन चीज़ों पर ध्यान केंद्रित कर सकते हैं, जो उन्हें पसंद है जैसे कि गेम खेलना या अपने पसंदीदा कार्टून देखना या विराम चिह्न के बिना वाक्य लिखना.	Children with ADD have a hard time focusing on things like school work, but they can concentrate on things they enjoy doing like playing games or watching their favorite cartoons or writing sentences without punctuation.	countries/in/hi-in/entries/karna.yaml
flores	hi-in	कौन	none	0	0	2	0	0	0	who			countries/in/hi-in/entries/kaun.yaml
flores	hi-in	खाना	added	4	0	7	0.571	0.342	33.8	food; meal; eat; consume; use up; waste; devor; ruin; eat away	जब खाना कम हो जाता है तो बस्ती बंजारा चरण शुरू करती है। इस चरण में बस्ती अस्थायी घोंसले बनाती है जिन्हें प्रतिदिन बदला जाता है।	The colony begins a nomadic phase when available food has decreased. During this phase, the colony makes temporary nests that are changed everyday.	countries/in/hi-in/entries/khana.yaml
flores	hi-in	कुछ	none	15	0	162	0.093	0.067	5.2	something; nothing; not anything; little; bit; somewhat	“सौभाग्य से मुझे कुछ नहीं हुआ, लेकिन मैंने एक भयावह दृश्य देखा, जब लोग बाहर निकलने के लिए खिड़कियों को तोड़ने का प्रयास कर रह थे।	"Luckily nothing happened to me, but I saw a macabre scene, as people tried to break windows in order to get out.	countries/in/hi-in/entries/kuch.yaml
flores	hi-in	क्या	added	11	0	18	0.611	0.461	40.9	what	जब किरायेदारों ने साझा करना शुरू किया कि उनके साथ क्या हुआ था, तो इसमें शामिल ज़्यादातर परिवारों को अचानक पता चला कि ओएचए के कैरोलिन विल्सन ने उनकी सुरक्षा जमा राशि चुरा ली थी और शहर से भाग गया था.	When the tenants started sharing what had occurred to them, most of the families involved suddenly realized that Carolyn Wilson of the OHA had stolen their security deposits, and skipped out of town.	countries/in/hi-in/entries/kya.yaml
flores	hi-in	क्यों	added	5	0	7	0.714	0.472	287	why	डब्ल्यूएनईडी बफेलो से (Rainbow's home station पढ़ते हुए) जॉन ग्रांट ने कहा “रेनबो ने बच्चों को सिखाया कि पढ़ना क्यों चाहिए,.... पढने के प्रति लगाव --- (द शो) ने बच्चों को किताब उठा के पढने के लिए प्रेरित किया.	John Grant, from WNED Buffalo (Reading Rainbow's home station) said "Reading Rainbow taught kids why to read,... the love of reading — [the show] encouraged kids to pick up a book and to read."	countries/in/hi-in/entries/kyo.yaml
flores	hi-in	लाना	added	4	0	4	1	0.709	125.6	bring	कुछ जर्मन भिक्षु भगवान को लोगों के करीब लाना चाहते हैं, इसलिए उन्होंने एस्टोनियाई शाब्दिक भाषा का आविष्कार किया.	Some German monks wanted to bring God closer to the native people, so they invented the Estonian literal language.	countries/in/hi-in/entries/lana.yaml
flores	hi-in	लेना	none	1	0	2	0.5	0.164	12.3	take; buy; get; take on; element of compound verbs; indicates completion	वाइल्ड कार्ड खरीद लेना फ़ायदेमंद भी हो सकता है क्योंकि इससे आप दक्षिण अफ़्रीका के चुनिंदा पार्क या सभी दक्षिण अफ़्रीकी नेशनल पार्क देख सकते हैं.	It may also be beneficial for one to buy a Wild Card, which provides entry to either selections of parks in South Africa or all of the South African National Parks.	countries/in/hi-in/entries/lena.yaml
flores	hi-in	महंगा	added	4	0	5	0.8	0.514	160.7	expensive; costly; dear; precious	मेट्रोप्लस ज़्यादा आरामदायक और कम भीड़ वाला होता है, लेकिन यह थोड़ा ज़्यादा महंगा होता है. हालाँकि, फिर भी यह यूरोप के सामान्य मेट्रो टिकिट से सस्ता है.	MetroPlus is more comfortable and less crowded but slightly more expensive, though still cheaper than normal metro tickets in Europe.	countries/in/hi-in/entries/mahanga.yaml
flores	hi-in	नहीं	added	120	0	252	0.476	0.436	6.3	not	इस साल अप्रैल में, जज ग्लिन ने जेल प्रशासन के खिलाफ अस्थाई बचाव आदेश दिया था. इसमें ऐसे लोगों को ज़बरदस्ती 24 घंटों से ज़्यादा रखने पर पाबंदी है जो जेल में आने के बाद न्यायलय कमिश्नर के सामने पेश नहीं किए गए.	In April this year, a temporary restaining order was issued by Judge Glynn against the facility to enforce the release of those held more than 24 hours after their intake who did not receive a hearing by a court commissioner.	countries/in/hi-in/entries/nahi.yaml
flores	hi-in	नया	added	3	0	4	0.75	0.433	21.5	new	अर्मेनियाई सहारे के साथ, एक नया गणराज्य बनाया गया था. हालाँकि, कोई भी स्थापित राष्ट्र - यहाँ तक ​​कि आर्मेनिया भी - इसे सरकारी तौर पर मान्यता नहीं देता है.	With Armenian backing, a new republic was created. However, no established nation - not even Armenia - officially recognizes it.	countries/in/hi-in/entries/naya.yaml
flores	hi-in	पानी	added	30	0	33	0.909	0.824	41.5	water; rain; monsoon; lustre; brightness	मछली अक्सर पानी में विष के उच्च सांद्रता के कारण मर जाती है.	Fish often die because of the high concentrations of the toxin in the waters.	countries/in/hi-in/entries/pani.yaml
flores	hi-in	पास	none	16	0	71	0.225	0.168	18.9	near; nearby	एक नियमित फायर-कमांड सिस्टम परीक्षण के चलते बिजली चले जाने से रिलीफ वाल्व खुल गए और फोर्ट ग्रीली पंप स्टेशन 9 के पास कच्चा तेल बह गया।	A power failure following a routine fire-command system test caused relief valves to open and crude oil overflowed near the Fort Greely pump station 9.	countries/in/hi-in/entries/pas.yaml
flores	hi-in	पीना	none	1	0	1	1	0.378	125.6	drink; consume; smoke; suppress emotion; drain time; resorces	अन्य बायोरैड-आधारित विकल्पों में सोने से पहले बहुत सारे तरल पदार्थ पीना (विशेष रूप से पानी या चाय, एक प्रचलित मूत्रवर्धक) शामिल है, जिससे व्यक्ति को मूत्र करने के लिए मजबूर होना पड़ता है”.	Other biorhythm-based options involve drinking lots of fluid (particularly water or tea, a known diuretic) prior to sleep, forcing one to get up to urinate.	countries/in/hi-in/entries/pina.yaml
flores	hi-in	पुराना	none	1	0	3	0.333	0.106	18.6	old; ancient; long standing	स्कीइंग का विचार बहुत पुराना है - गुफा चित्र स्कीयर्स को 5000 ईसा पूर्व तक की तारीखों में दर्शाते हैं|	The idea of skiing is very old — cave paintings depicting skiers date back as far as 5000 BC!	countries/in/hi-in/entries/purana.yaml
flores	hi-in	सब	added	5	0	10	0.5	0.312	10.4	all; everyone; everybody; of all	“हम सब बस सदमे में थे,” माँ ने कहा। 	"We were all simply in shock," the mother stated.	countries/in/hi-in/entries/sab.yaml
flores	hi-in	समझना	added	7	0	7	1	0.81	30.9	understand; comprehend; perceive; think; consider	एक स्वस्थ ऊर्जा संतुलन बनाए रखना, प्रभावी जलयोजन आदतें बनाना, और सप्लीमेंटेशन के विभिन्न पहलुओं को समझना एथलीटों को अपने प्रदर्शन को बेहतर बनाने और खेल का आनंद बढ़ाने में मदद कर सकता है.	Maintaining a healthy energy balance, practicing effective hydration habits, and understanding the various aspects of supplementation practices can help athletes improve their performance and increase their enjoyment of the sport.	countries/in/hi-in/entries/samajhna.yaml
flores	hi-in	सारा	none	0	0	3	0	0	0	all			countries/in/hi-in/entries/sara.yaml
flores	hi-in	सरल	added	4	0	7	0.571	0.342	49.9	easy; simple; straightforward; straight	सरल प्रभाव के साथ एक दिन की वृद्धि के लिए थोड़ी तैयारी कर लेनी चाहिए, और कोई भी सामान्य रूप से फिट व्यक्ति उनका आनंद ले सकता है।	For a day hike along an easy trail little preparations are needed, and any moderately fit person can enjoy them.	countries/in/hi-in/entries/saral.yaml
flores	hi-in	सस्ता	added	2	0	4	0.5	0.23	200.9	cheap; inexpensive	मध्यदूरी की दौड़ अपेक्षाकृत एक सस्ता खेल है; हालाँकि, इसमें हिस्सा लेने के लिए ज़रूरी उपकरणों के कुछ भागों के बारे में कई गलतफ़हमियाँ हैं.	Middle distance running is a relatively inexpensive sport; however, there are many misconceptions regarding the few pieces of equipment required to participate.	countries/in/hi-in/entries/sasta.yaml
flores	hi-in	शायद	added	6	0	26	0.231	0.143	46.4	maybe; perhaps	शायद सबसे सामान्य पर्यटन वह हो सकता जिसमें ज़्यादातर लोग मनोरंजन वाली पर्यटन की जगहों पर यात्रा करने में दिलचस्पी लेते हैं.	Perhaps the most common type of tourism is what most people associate with traveling: Recreation tourism.	countries/in/hi-in/entries/sayad.yaml
flores	hi-in	सोना	none	1	0	1	1	0.378	125.6	gold; sleep; repose; die	सोना हर तरह के आकार में काम कर सकता है. इसे छोटे आकार में मोड़ा जा सकता है.	Gold may be worked into all sorts of shapes. It can be rolled into tiny shapes.	countries/in/hi-in/entries/sona.yaml
flores	hi-in	सुंदर	added	3	0	4	0.75	0.433	251.1	beautiful; pretty; good looking; handsome	ताइवान की खोज 15वीं शताब्दी में यूरोपीय नाविकों ने की थी. उन्होंने इस आइलैंड को इल्हा फ़ॉर्मोसा या सुंदर आइलैंड कहा था.	Taiwan beginning start way back in 15th century where European sailors passing by record the island’s name as Ilha Formosa, or beautiful island.	countries/in/hi-in/entries/sundar.yaml
flores	hi-in	थका	none	0	0	2	0	0	0	tired; exhausted; weary; forworn			countries/in/hi-in/entries/thaka.yaml
flores	hi-in	ठंडा	added	2	0	2	1	0.549	287	cold; chilly; extinguished; cold drink; soft drink; soda	जंगली जानवर शर्मीले या आक्रामक हो सकते हैं। पर्यावरण ठंडा, गर्म होना चाहिए या अन्यथा प्रतिकूल हो सकता है।	Wild animals might either be shy or aggressive. The environment might be cold, hot, or otherwise hostile.	countries/in/hi-in/entries/thanda.yaml
flores	hi-in	तो	none	5	1	107	0.047	0.027	0.9	well; really; actually; just; at least	बड़े समूहों के लिए यात्राएँ सस्ती हो जाती हैं, इसलिए अगर आप अकेले या सिर्फ़ किसी एक दोस्त के साथ यात्रा करते हैं, तो उस यात्रा में चार से छह लोगों को जोड़ने की कोशिश करें, ताकि आपको प्रति व्यक्ति के हिसाब से पड़ने वाला खर्च कम हो जाए.	Tours are cheaper for larger groups, so if you're by yourself or with just one friend, try to meet other people and form a group of four to six for a better per-person rate.	countries/in/hi-in/entries/to.yaml
flores	hi-in	वह	none	23	0	73	0.315	0.25	1.8	that	रात का उनका दूसरा गोल सीज़न का उनका 60वाँ गोल था, जिससे 1995-96 से लेकरजब जोरोमिर जागर और मारियो लेमिएक्स ने इतने गोल किए थे उसके बाद वह एक सीज़न में 60 या इससे अधिक गोल करने वाले पहले खिलाड़ी बन गए हैं.	his second goal of the night was his 60th of the season, becoming the first player to score 60 or more goals in a season since 1995-96, when Jaromir Jagr and Mario Lemieux each reached that milestone.	countries/in/hi-in/entries/vah.yaml
flores	hi-in	वहाँ	added	10	0	19	0.526	0.383	10.6	there	पनडुब्बी पानी के भीतर यात्रा करने के लिए डिज़ाइन किए गए जहाज़ हैं और लंबे समय तक वहाँ रहते हैं.	Submarines are ships designed to travel underwater, and remain there for an extended amount of time.	countries/in/hi-in/entries/vaha.yaml
flores	hi-in	वही	none	1	0	3	0.333	0.106	1.8	that; that very one; same; identical	ये सिद्धांत देखते हैं कि कुछ लोगों के बारे में ऐसी कौन-सी बातें हैं जो उन्हें वही चीज़ें करने के लिए कहती हैं जो वे चाहते हैं और उनके माहौल की कौनसी सी बाते हैं जो वे उन्हें कुछ चीज़ें करने या नहीं करने के लिए कहती हैं.	These theories look at what it is about certain people that make them want the things that they do and what things in their environment will make them do or not do certain things.	countries/in/hi-in/entries/vahi.yaml
flores	hi-in	वाटर	added	2	0	2	1	0.549	50.2	water	यह प्रामाणिक समुदाय वैंकूवर के ठीक बाहर हॉवे साउंड में स्थित है, और वैंकूवर शहर में ग्रानविले द्वीप जाने वाले निर्धारित वाटर टैक्सियों के माध्यम से आसानी से पहुँचा जा सकता है.	This authentic community is located in Howe Sound just off Vancouver, and is easily accessed via scheduled water taxis departing Granville Island in downtown Vancouver.	countries/in/hi-in/entries/vatar.yaml
flores	hi-in	वो	none	2	0	5	0.4	0.18	2.3	that	हम अपने घरों को पौधों से बनाते हैं और कपड़े पौधों से बनाते हैं। अधिकतर खाद्य पदार्थ जो हम खाते हैं वो पौधे होते हैं। पौधों के बिना, जानवर जीवित नहीं रह सकते हैं।	We make our houses from plants and make clothes from plants. Most foods that we eat are plants. Without plants, animals could not survive.	countries/in/hi-in/entries/vo.yaml
flores	hi-in	यह	none	68	0	283	0.24	0.209	3	this	शोधकर्ताओं ने कहा है कि यह अल्प आय वाले देशों में कैंसर, टीवी, एचआईवी और मलेरिया के रोगियों की आसानी से पहचान करेगा, जहाँ अमीर देशों की तुलना में स्तन कैंसर जैसी बीमारी में जीवित रहने की दर आधी हो सकती है.	Lead researchers say this may bring early detection of cancer, tuberculosis, HIV and malaria to patients in low-income countries, where the survival rates for illnesses such as breast cancer can be half those of richer countries.	countries/in/hi-in/entries/yah.yaml
flores	hi-in	यहां	none	1	0	12	0.083	0.025	16.7	here	दिलचस्प बात यह है कि पेंसिलवेनिया वाइल्ड्स जैसे रास्ते के दूसरे कई हिस्सों के मुकाबले यहां मोबाइल फ़ोन सेवा ज़्यादा बेहतर है.	Curiously, though, mobile phone service is much stronger here than along many other stretches of the route, e.g. the Pennsylvania Wilds.	countries/in/hi-in/entries/yaha-2.yaml
flores	hi-in	यहाँ	added	7	0	23	0.304	0.198	61.1	here	मैच के बाद, क्ले के राजा ने कहा, “मैं सबसे महत्वपूर्ण इवेंट के अंतिम दौर में वापस आने को लेकर उत्साहित हूँं। मैं यहाँ इसे जीतने का प्रयास कर रहा हूँं।” 	After the match, King of Clay said, "I am just excited about being back in the final rounds of the most important events. I am here to try to win this."	countries/in/hi-in/entries/yaha.yaml
tatoeba	ar-eg	قريب	none	0	0	3	0	0	0	near; close			countries/eg/ar-eg/entries/2orayyeb.yaml
tatoeba	ar-eg	عربية	kept	5	0	5	1	0.753	231	car	العربية المستعملة دي للبيع.	This used car is for sale.	countries/eg/ar-eg/entries/3arabiyya.yaml
tatoeba	ar-eg	عايز	kept	33	0	42	0.786	0.695	20.2	want	عايز أشوفك قبل ما تمشي.	I want to see you before you go.	countries/eg/ar-eg/entries/3ayez.yaml
tatoeba	ar-eg	أكل	kept	5	0	5	1	0.753	86.6	eat; irritate the skin of; vex; annoy; food	ايه نوع الأكل ال بتحب تاكله؟	What kind of food do you like to eat?	countries/eg/ar-eg/entries/akal.yaml
tatoeba	ar-eg	قال	none	0	0	7	0	0	0	say			countries/eg/ar-eg/entries/al.yaml
tatoeba	ar-eg	على	none	0	0	34	0	0	0	upon; raise			countries/eg/ar-eg/entries/ala.yaml
tatoeba	ar-eg	الله	none	0	0	2	0	0	0	signals amazement; approval; admiration wow; amazing			countries/eg/ar-eg/entries/alla.yaml
tatoeba	ar-eg	ألو	none	1	0	1	1	0.378	1386	hello	ألو، سمْعنّي؟	Hello, do you hear me?	countries/eg/ar-eg/entries/alo.yaml
tatoeba	ar-eg	عمل	none	2	0	5	0.4	0.18	50.4	make; pretend to be; spell; act of witchcraft; black magic	بعمل 100 يورو فاليوم.	I make €100 a day.	countries/eg/ar-eg/entries/amal.yaml
tatoeba	ar-eg	عند	none	0	0	2	0	0	0	at the house of; expresses possession; have			countries/eg/ar-eg/entries/and.yaml
tatoeba	ar-eg	آسف	none	2	0	6	0.333	0.148	77	sorry	آسف لإني أزعجتك.	Sorry to trouble you.	countries/eg/ar-eg/entries/asif.yaml
tatoeba	ar-eg	قتل	none	1	0	2	0.5	0.164	173.3	kill; commit murder	ده قتل الراجل ده.	He killed that man.	countries/eg/ar-eg/entries/atal.yaml
tatoeba	ar-eg	أوي	none	2	0	18	0.111	0.047	22	strong; really	طعمها حلو أوي.	It tastes really good.	countries/eg/ar-eg/entries/awi.yaml
tatoeba	ar-eg	أول	none	1	0	5	0.2	0.062	138.6	interpret; first	دي أول مرّه أمضي عقد في حياتي.	This is the first time I've ever signed a contract.	countries/eg/ar-eg/entries/awwil.yaml
tatoeba	ar-eg	ايوه	none	0	0	1	0	0	0	yes; yeah			countries/eg/ar-eg/entries/aywa.yaml
tatoeba	ar-eg	بعد	kept	7	0	10	0.7	0.497	121.3	after; distance; remoteness; dimension	احنا اتولدنا بعد الحرب.	We were born after the war.	countries/eg/ar-eg/entries/ba-d.yaml
tatoeba	ar-eg	بعدين	none	0	0	1	0	0	0	later			countries/eg/ar-eg/entries/ba3deen.yaml
tatoeba	ar-eg	بابا	kept	2	0	2	1	0.549	277.2	dad	بس بابا مش هيعجبه.	But Dad won't like it.	countries/eg/ar-eg/entries/baba.yaml
tatoeba	ar-eg	باى	none	1	0	3	0.333	0.106	231	bye	باي!	Bye!	countries/eg/ar-eg/entries/bay.yaml
tatoeba	ar-eg	بعيد	none	1	0	1	1	0.378	1386	far	هي ساكنه بعيد عني.	She lives far from me.	countries/eg/ar-eg/entries/be3id.yaml
tatoeba	ar-eg	بيت	kept	11	0	11	1	0.87	92.4	house; home	أنا بفضّل القعاد في البيت عن الخروج.	I would rather stay at home than go out.	countries/eg/ar-eg/entries/bet.yaml
tatoeba	ar-eg	بسرعة	kept	2	0	4	0.5	0.23	173.3	hurry up; quickly	يلّا بسرعه!	Hurry up.	countries/eg/ar-eg/entries/bi-sor3a.yaml
tatoeba	ar-eg	بكرة	kept	3	0	4	0.75	0.433	346.5	tomorrow	ممكن آجي بكرة.	I can come tomorrow.	countries/eg/ar-eg/entries/bukra.yaml
tatoeba	ar-eg	ده	kept	49	10	75	0.653	0.58	5	this; that	بحب الكتاب ده أكتر من البقايا.	I love this book above all.	countries/eg/ar-eg/entries/da.yaml
tatoeba	ar-eg	دلوقتي	kept	10	0	14	0.714	0.544	82.5	now	ماقدرش أقول لها دلوقتي. الموضوع مبقاش بالبساطة دي.	I can't tell her now. It's not that simple anymore.	countries/eg/ar-eg/entries/dilwa-ti.yaml
tatoeba	ar-eg	دكتور	kept	2	0	2	1	0.549	693	doctor; physician; medical doctor; professor	أنا محتاج أتصل بدكتور.	I should call a doctor.	countries/eg/ar-eg/entries/duktor.yaml
tatoeba	ar-eg	ايه	kept	48	8	64	0.75	0.675	12.5	what	ايه؟	What?	countries/eg/ar-eg/entries/e.yaml
tatoeba	ar-eg	امتى	kept	2	0	2	1	0.549	81.5	when	إمتى هتعمل العمليّة؟	When are you going to have surgery?	countries/eg/ar-eg/entries/emta.yaml
tatoeba	ar-eg	اسم	kept	3	0	4	0.75	0.433	104	name; noun	اسم حضرتك ايه؟	What is your name?	countries/eg/ar-eg/entries/esm.yaml
tatoeba	ar-eg	فين	kept	18	0	18	1	0.916	72.9	where	ساكن فين؟	Where do you live?	countries/eg/ar-eg/entries/fen.yaml
tatoeba	ar-eg	فلوس	kept	5	0	5	1	0.753	231	money	اديتلو كل الفلوس اللي كت عندي.	I gave him what money I had.	countries/eg/ar-eg/entries/filus.yaml
tatoeba	ar-eg	فوق	none	0	0	1	0	0	0	above; on top of; restore to consciousness			countries/eg/ar-eg/entries/fo.yaml
tatoeba	ar-eg	جعان	kept	4	0	4	1	0.709	231	hungry	أنا جعان أوي.	I am terribly hungry.	countries/eg/ar-eg/entries/ga-an.yaml
tatoeba	ar-eg	جاب	none	0	0	2	0	0	0	bring			countries/eg/ar-eg/entries/gab.yaml
tatoeba	ar-eg	غالي	none	1	0	1	1	0.378	693	expensive; dear	غالي جدًّا.	Very expensive.	countries/eg/ar-eg/entries/gali.yaml
tatoeba	ar-eg	جامد	none	0	0	2	0	0	0	cool; awesome			countries/eg/ar-eg/entries/gamid.yaml
tatoeba	ar-eg	جديد	none	1	0	1	1	0.378	231	new	بالنسبة لبيتي الجديد أنا محتاج أرض في حدود 15 في 35 متر. لو لقيت أرض للبيع هنا, أعمل حسابي على كام لو في الحدود دي؟ متوسط المتر هنا عامل كام؟	For my new house I'll need a building lot roughly 15 meters by 35. If I found land for sale here, what should I expect to pay for a lot like that? What's the average price per square meter?	countries/eg/ar-eg/entries/gedid.yaml
tatoeba	ar-eg	جه	none	1	0	2	0.5	0.164	38.5	come	الربيع خلص و الصيف جه.	Spring is over and summer has come.	countries/eg/ar-eg/entries/gih.yaml
tatoeba	ar-eg	جون	none	0	0	3	0	0	0	goal			countries/eg/ar-eg/entries/gon.yaml
tatoeba	ar-eg	حاجة	kept	16	0	44	0.364	0.277	24	thing; something	خايف أكون أكلت حاجة خربانة.	I am afraid I ate something bad.	countries/eg/ar-eg/entries/haga.yaml
tatoeba	ar-eg	حلو	kept	3	0	3	1	0.646	49.5	sweet; nice; good; pretty; handsome; good looking	طعمها حلو أوي.	It tastes really good.	countries/eg/ar-eg/entries/helw.yaml
tatoeba	ar-eg	هنا	kept	20	0	22	0.909	0.8	54.8	here; congratulate	هو كان لسه هنا لما انت جيت؟	Was he still here when you arrived?	countries/eg/ar-eg/entries/hina.yaml
tatoeba	ar-eg	هناك	kept	14	0	14	1	0.895	46.2	there	ماعرفش أروح هناك إزاي.	I don't know how to go there.	countries/eg/ar-eg/entries/hinak.yaml
tatoeba	ar-eg	إدى	none	1	0	1	1	0.378	69.3	give; hand; pass; produce; yield	ادي الكتاب للي عايزه.	Give the book to the guy who wants it.	countries/eg/ar-eg/entries/idda.yaml
tatoeba	ar-eg	النهارده	kept	7	0	10	0.7	0.497	97	today	السمك رخيص النهارده.	Fish is cheap today.	countries/eg/ar-eg/entries/ilnaharda.yaml
tatoeba	ar-eg	امبارح	kept	12	0	13	0.923	0.775	106.6	yesterday	البضاعة وصلت امبارح.	The goods arrived yesterday.	countries/eg/ar-eg/entries/imbarih.yaml
tatoeba	ar-eg	عرف	none	0	0	3	0	0	0	know; recognize; distinguish; discover; find out; show consideration for			countries/eg/ar-eg/entries/irif.yaml
tatoeba	ar-eg	استنى	kept	4	0	5	0.8	0.514	158.4	wait	يا استاذ! استنى لحظة.	Hey you! Please wait.	countries/eg/ar-eg/entries/istanna.yaml
tatoeba	ar-eg	اتعلم	kept	3	0	3	1	0.646	173.3	learn; get marked; get dominated; take advantage with على passive of علم with على	هو اتعلم اللغة الأمازيغية فين؟	Where did he learn Berber?	countries/eg/ar-eg/entries/it-allim.yaml
tatoeba	ar-eg	اتكلم	kept	2	0	2	1	0.549	60.3	speak	اتكلم كويس.	Speak clearly.	countries/eg/ar-eg/entries/itkallim.yaml
tatoeba	ar-eg	اتمنى	kept	3	0	3	1	0.646	198	hope; wish	اتمني إن توم ينضم لفريقنا.	I hope Tom joins our team.	countries/eg/ar-eg/entries/itmanna.yaml
tatoeba	ar-eg	ازاي	kept	4	0	6	0.667	0.409	40.2	how	ماعرفش أروح هناك إزاي.	I don't know how to go there.	countries/eg/ar-eg/entries/izzay.yaml
tatoeba	ar-eg	ازيك	kept	2	0	3	0.667	0.321	308	how are you	إزيك يا مايك؟	How are you, Mike?	countries/eg/ar-eg/entries/izzayyak.yaml
tatoeba	ar-eg	خد	none	0	0	1	0	0	0	take; learn; cheek			countries/eg/ar-eg/entries/kad.yaml
tatoeba	ar-eg	كام	kept	10	0	13	0.769	0.595	106.6	how much; how many	البيت ده بيتأجر بكام؟	How much would it be to rent this house?	countries/eg/ar-eg/entries/kam.yaml
tatoeba	ar-eg	كمان	none	3	0	18	0.167	0.083	15.4	too; in addition; even	جين بتحب تلعب تنس كمان.	Jane plays tennis too.	countries/eg/ar-eg/entries/kaman.yaml
tatoeba	ar-eg	كم	none	0	0	1	0	0	0	quantity; multitude; quantum; sleeve			countries/eg/ar-eg/entries/kamm.yaml
tatoeba	ar-eg	خرج	none	0	0	1	0	0	0	go out; exit			countries/eg/ar-eg/entries/karag.yaml
tatoeba	ar-eg	خالص	none	0	0	4	0	0	0	lot; at all			countries/eg/ar-eg/entries/khalis.yaml
tatoeba	ar-eg	كبير	kept	3	0	4	0.75	0.433	148.5	big; large; old; adult; grown up	مكنش بيقبض مرتب كبير لما خرج ع المعاش.	He wasn't earning a large salary when he retired.	countries/eg/ar-eg/entries/kibir.yaml
tatoeba	ar-eg	كفاية	kept	3	0	3	1	0.646	231	enough	تُلتوميت جنيه كفايه؟	Is three hundred dollars enough?	countries/eg/ar-eg/entries/kifaya.yaml
tatoeba	ar-eg	كلمة	kept	5	0	5	1	0.753	173.3	word	يعني ايه كلمة؟	What is a word?	countries/eg/ar-eg/entries/kilma.yaml
tatoeba	ar-eg	كلة	none	0	0	4	0	0	0	glue			countries/eg/ar-eg/entries/kolla.yaml
tatoeba	ar-eg	كل	kept	7	0	22	0.318	0.207	27.6	all	كل اللعب كانت مملة.	The games were all boring.	countries/eg/ar-eg/entries/kull.yaml
tatoeba	ar-eg	كويس	kept	10	0	14	0.714	0.544	34.1	good; well	كان شكلها كويس لما شفتها امبارح.	She looked well when I last saw her.	countries/eg/ar-eg/entries/kuwayyis.yaml
tatoeba	ar-eg	لم	none	0	0	2	0	0	0	collect; gather			countries/eg/ar-eg/entries/lamm.yaml
tatoeba	ar-eg	ليه	kept	11	0	11	1	0.87	106.6	why	مش عارف ليه ما وصلش لحد دلوقتي.	I cannot make out why he isn't here yet.	countries/eg/ar-eg/entries/le.yaml
tatoeba	ar-eg	لسه	kept	8	0	12	0.667	0.482	92.4	still; yet	هو كان لسه هنا لما انت جيت؟	Was he still here when you arrived?	countries/eg/ar-eg/entries/lissa-2.yaml
tatoeba	ar-eg	اللي	kept	28	17	57	0.491	0.408	3.2	who; whom; which; that; what	اديتلو كل الفلوس اللي كت عندي.	I gave him what money I had.	countries/eg/ar-eg/entries/lli.yaml
tatoeba	ar-eg	ما	none	5	1	48	0.104	0.06	1.3	what's the matter with; what's with; what has it to do with; that	الحفلة دي حاجة ما حصلتش، والله!	That party was off the hook, dude!	countries/eg/ar-eg/entries/ma.yaml
tatoeba	ar-eg	معلش	none	1	0	2	0.5	0.164	115.5	never mind; sorry	معلش تعبناك معانا.	Sorry to trouble you.	countries/eg/ar-eg/entries/ma3lesh.yaml
tatoeba	ar-eg	معرفش	none	2	0	6	0.333	0.148	57.8	i don't know	معرفش.	I don't know.	countries/eg/ar-eg/entries/ma3rafsh.yaml
tatoeba	ar-eg	مبسوط	none	0	0	1	0	0	0	happy; pleased; content; rich			countries/eg/ar-eg/entries/mabsut.yaml
tatoeba	ar-eg	مكتب	kept	3	0	3	1	0.646	154	desk; office; bureau; study	فين أقرب مكتب أميريكان اكسبرس؟	Where is nearest American Express office?	countries/eg/ar-eg/entries/maktab.yaml
tatoeba	ar-eg	ماما	kept	2	0	3	0.667	0.321	462	mom	!ماما مش عايز اروح	Mom, I don't want to go!	countries/eg/ar-eg/entries/mama.yaml
tatoeba	ar-eg	مرة	kept	6	0	10	0.6	0.401	52	time; once	مرة تانية.	Once again.	countries/eg/ar-eg/entries/marra.yaml
tatoeba	ar-eg	مات	none	0	0	4	0	0	0	die			countries/eg/ar-eg/entries/mat.yaml
tatoeba	ar-eg	مية	none	1	0	1	1	0.378	1386	water	النور مهم للزرع أدّ ما المية مهمة.	Light is no less necessary to plants than water.	countries/eg/ar-eg/entries/mayya.yaml
tatoeba	ar-eg	من	kept	22	0	56	0.393	0.313	17	than; from; ago; since	عمو مات من خمس سنين.	His uncle died five years ago.	countries/eg/ar-eg/entries/min-2.yaml
tatoeba	ar-eg	مين	kept	19	2	24	0.792	0.669	35.4	who	إنت مين؟	Who are you?	countries/eg/ar-eg/entries/min.yaml
tatoeba	ar-eg	مشكلة	kept	9	0	10	0.9	0.718	124.7	problem	مش مشكلة.	No problem.	countries/eg/ar-eg/entries/muskila.yaml
tatoeba	ar-eg	نوع	none	1	0	1	1	0.378	693	type; kind; variety	ايه نوع الأكل ال بتحب تاكله؟	What kind of food do you like to eat?	countries/eg/ar-eg/entries/nu.yaml
tatoeba	ar-eg	قوي	kept	3	0	5	0.6	0.33	37.8	strong; very	هو بيحبك قوي.	He loves you very much.	countries/eg/ar-eg/entries/qawi.yaml
tatoeba	ar-eg	راجل	kept	5	0	8	0.625	0.403	96.3	man; guy; woman's husband; woman's man; king	ده قتل الراجل ده.	He killed that man.	countries/eg/ar-eg/entries/ragil.yaml
tatoeba	ar-eg	راح	none	0	0	9	0	0	0	leave			countries/eg/ar-eg/entries/rah.yaml
tatoeba	ar-eg	رقم	none	1	0	1	1	0.378	693	digit; number; phone number	ضيعت رقم تليفونك.	I lost your phone number.	countries/eg/ar-eg/entries/raqam.yaml
tatoeba	ar-eg	رجل	none	0	0	1	0	0	0	foot; leg			countries/eg/ar-eg/entries/rigl.yaml
tatoeba	ar-eg	رخيص	none	1	0	1	1	0.378	1386	cheap	السمك رخيص النهارده.	Fish is cheap today.	countries/eg/ar-eg/entries/rixis.yaml
tatoeba	ar-eg	ساعة	kept	10	1	16	0.625	0.465	33.3	hour; clock; watch; time	الساعة تلاتة كويس؟	Would three o'clock be all right?	countries/eg/ar-eg/entries/sa-a.yaml
tatoeba	ar-eg	ساعات	none	0	0	1	0	0	0	sometimes			countries/eg/ar-eg/entries/sa-at.yaml
tatoeba	ar-eg	صعب	kept	3	0	4	0.75	0.433	259.9	difficult; hard	صعب نسيان اللي حصل.	It's hard to forget what happened.	countries/eg/ar-eg/entries/sa3b.yaml
tatoeba	ar-eg	صاحب	none	1	0	1	1	0.378	277.2	friend	صاحب في الإيد و لا اتنين عالشجرة!	A friend in hand is worth two in the bush!	countries/eg/ar-eg/entries/sa7b.yaml
tatoeba	ar-eg	شاف	none	0	0	4	0	0	0	see			countries/eg/ar-eg/entries/saf.yaml
tatoeba	ar-eg	سنة	kept	3	0	5	0.6	0.33	118.8	year; tooth; sunna; bit; little	تفتكر انت قريت كام كتاب السنه اللي فاتت؟	How many books do you think you read last year?	countries/eg/ar-eg/entries/sana.yaml
tatoeba	ar-eg	شارع	kept	2	0	3	0.667	0.321	462	street	النزول للشارع كابوس.	Going out on the street is a nightmare.	countries/eg/ar-eg/entries/share3.yaml
tatoeba	ar-eg	شرب	none	0	0	1	0	0	0	drink; gross clods of earth on the field after ploughing			countries/eg/ar-eg/entries/sirib.yaml
tatoeba	ar-eg	ست	none	1	0	1	1	0.378	346.5	woman; mrs; miss; lady	إنت ست طويلة.	You're a tall woman.	countries/eg/ar-eg/entries/sitt.yaml
tatoeba	ar-eg	صغير	kept	3	0	3	1	0.646	231	small; young	البيت صغير.	The house is small.	countries/eg/ar-eg/entries/sugayyar.yaml
tatoeba	ar-eg	شكرا	kept	2	0	4	0.5	0.23	173.3	thanks	شكراً	Thanks!	countries/eg/ar-eg/entries/sukran.yaml
tatoeba	ar-eg	شوية	kept	3	0	19	0.158	0.079	72.9	little	متعرفش تستنى شويه؟	Can't you wait a little bit?	countries/eg/ar-eg/entries/suwayya.yaml
tatoeba	ar-eg	تعبان	kept	2	0	2	1	0.549	173.3	tired; sick; snake	انت تعبان أوي كده ليه النهرضه؟	Why are you so tired today?	countries/eg/ar-eg/entries/ta-ban.yaml
tatoeba	ar-eg	طبعا	none	1	0	1	1	0.378	693	of course	طبعا بحبها.	Of course I love her.	countries/eg/ar-eg/entries/tab3an.yaml
tatoeba	ar-eg	تحت	none	1	0	1	1	0.378	231	down; downstairs; below; under	الكلب نايم تحت الترابيزة.	The dog is sleeping under the table.	countries/eg/ar-eg/entries/taht.yaml
tatoeba	ar-eg	طريق	none	1	0	1	1	0.378	154	way; road	هو عارف الطريق.	He knows the way.	countries/eg/ar-eg/entries/tari.yaml
tatoeba	ar-eg	طفل	none	0	0	2	0	0	0	child			countries/eg/ar-eg/entries/tifl.yaml
tatoeba	ar-eg	أم	none	1	0	1	1	0.378	173.3	mother; mom	الكسل هو أمّ الاختراع.	Laziness is the mother of invention.	countries/eg/ar-eg/entries/umm.yaml
tatoeba	ar-eg	وقت	kept	5	0	8	0.625	0.403	72.2	time	ما فيش وقت نضيعو.	There is no time to be lost.	countries/eg/ar-eg/entries/wa-t.yaml
tatoeba	ar-eg	واحد	kept	6	0	8	0.75	0.524	26	one; someone; person; guy; man	بقى عمرها واحد و تمنين.	She turned eighty-one.	countries/eg/ar-eg/entries/wahid.yaml
tatoeba	ar-eg	ولا	none	0	0	10	0	0	0	nor; neither			countries/eg/ar-eg/entries/walla.yaml
tatoeba	ar-eg	والله	none	0	0	1	0	0	0	by god; on god; i swear; really			countries/eg/ar-eg/entries/wallahi.yaml
tatoeba	ar-eg	وحش	none	1	0	3	0.333	0.106	115.5	bad; monster; miss; cause longing	مروحتش عشان الجو وحش.	Because of the bad weather, I didn't go.	countries/eg/ar-eg/entries/wihis.yaml
tatoeba	ar-eg	يا	none	0	0	17	0	0	0	vocative particle; rarely omitted; either			countries/eg/ar-eg/entries/ya.yaml
tatoeba	ar-eg	يلا	none	1	0	3	0.333	0.106	462	let's go; come on	يالّا بينا عالبحر!	Let's go to the beach!	countries/eg/ar-eg/entries/yalla.yaml
tatoeba	ar-eg	يوم	kept	13	0	17	0.765	0.613	75.7	day	محتاج تتمرن على لعب الكمان كل يوم.	You should practice playing the violin every day.	countries/eg/ar-eg/entries/yum.yaml
tatoeba	ar-levantine	قديش	kept	2	0	2	1	0.549	140.3	how much; how many	قديش أنواع الحشرات فيه؟	How many kinds of insect are there?	languages/ar-levantine/entries/addeish.yaml
tatoeba	ar-levantine	أكل	none	0	0	1	0	0	0	eat			languages/ar-levantine/entries/akal.yaml
tatoeba	ar-levantine	قال	none	0	0	2	0	0	0	say; tell; say to oneself; say in one's head; figure; intend			languages/ar-levantine/entries/al.yaml
tatoeba	ar-levantine	على	none	0	0	3	0	0	0	upon; onto; with a hint of; about			languages/ar-levantine/entries/ala.yaml
tatoeba	ar-levantine	عم	none	0	0	1	0	0	0	paternal uncle; term of address to an older person; stranger			languages/ar-levantine/entries/amm.yaml
tatoeba	ar-levantine	عن	none	0	0	3	0	0	0	away from; out of; on behalf of			languages/ar-levantine/entries/an.yaml
tatoeba	ar-levantine	آسف	none	1	0	1	1	0.378	52.6	sorry; i'm sorry	آسِف	Sorry...	languages/ar-levantine/entries/asif.yaml
tatoeba	ar-levantine	بعد	none	0	0	2	0	0	0	after; still			languages/ar-levantine/entries/ba-d.yaml
tatoeba	ar-levantine	بابا	none	1	0	1	1	0.378	421	dad	بابا بشرب قهوته كل يوم الصبح.	Dad drinks coffee every morning.	languages/ar-levantine/entries/baba.yaml
tatoeba	ar-levantine	بحر	none	0	0	1	0	0	0	ocean; sea; lot			languages/ar-levantine/entries/bahr.yaml
tatoeba	ar-levantine	بيت	none	1	0	2	0.5	0.164	210.5	house; home	بدي أشتري بيت.	I want to buy a house.	languages/ar-levantine/entries/bet.yaml
tatoeba	ar-levantine	بنت	none	1	0	1	1	0.378	421	daughter; girl; female teenager; young woman; chiefly unmarried; virgin	وينِ الْبِنْتْ لِجْديدِه؟	Where's the new girl?	languages/ar-levantine/entries/bint.yaml
tatoeba	ar-levantine	بكرة	none	0	0	1	0	0	0	tomorrow; one day soon; someday soon; one of these days; large spool of thread; only used in حكرة بكرة and related phrases			languages/ar-levantine/entries/bukra.yaml
tatoeba	ar-levantine	دايما	kept	5	0	6	0.833	0.575	58.5	always	خليك دايمًا صريح.	Always be frank.	languages/ar-levantine/entries/dayman.yaml
tatoeba	ar-levantine	غير	none	0	0	1	0	0	0	other than; other; change			languages/ar-levantine/entries/gayr.yaml
tatoeba	ar-levantine	هاد	none	2	0	6	0.333	0.148	17.5	this	كيف نشرح هاد؟	How do we explain this?	languages/ar-levantine/entries/had.yaml
tatoeba	ar-levantine	هادا	none	1	0	3	0.333	0.106	17.5	this	هادا سيارته.	This is his car.	languages/ar-levantine/entries/hada.yaml
tatoeba	ar-levantine	هيك	kept	5	2	9	0.556	0.352	6.7	thus; like so; this way; that way; this; that; used as a pronominal object of قال; فكر; and similar transitive verbs of expression; عمل and synonyms; and comparative من; such; such kind; this kind of	ماري قالت انو مالا مخططا تعمل هيك	Mary said she's not planning on doing that.	languages/ar-levantine/entries/hayk.yaml
tatoeba	ar-levantine	حكي	kept	3	0	4	0.75	0.433	39.5	speak; talk; speak to; talk to; say; speak ill of; trash talk	بحكي.	Speaking.	languages/ar-levantine/entries/hiki.yaml
tatoeba	ar-levantine	هي	kept	3	0	6	0.5	0.268	12.4	she	هي بتحكي عربي شويه.	She speaks a little Arabic.	languages/ar-levantine/entries/hiyye.yaml
tatoeba	ar-levantine	قدر	none	1	0	1	1	0.378	42.1	able to; can	توم قدر يصلح الراديو المكسور.	Tom was able to repair the broken radio.	languages/ar-levantine/entries/idir.yaml
tatoeba	ar-levantine	اليوم	none	1	0	2	0.5	0.164	210.5	today	كيفه اليوم؟	How is he today?	languages/ar-levantine/entries/il-yom.yaml
tatoeba	ar-levantine	عمل	none	0	0	1	0	0	0	make; make oneself; pretend to be; give oneself the appearance of			languages/ar-levantine/entries/imil.yaml
tatoeba	ar-levantine	إم	none	1	0	1	1	0.378	140.3	mother	الكسل هو أمّ الاختراع.	Laziness is the mother of invention.	languages/ar-levantine/entries/imm.yaml
tatoeba	ar-levantine	انت	kept	8	0	9	0.889	0.692	6.8	you	توم بيفهم اللي انت ما بتفهمه.	Tom understands what you don't.	languages/ar-levantine/entries/inta.yaml
tatoeba	ar-levantine	جوعان	kept	2	0	2	1	0.549	140.3	hungry	جوعان؟	Hungry?	languages/ar-levantine/entries/ju-an.yaml
tatoeba	ar-levantine	كبير	none	0	0	1	0	0	0	big			languages/ar-levantine/entries/kbir.yaml
tatoeba	ar-levantine	كفاية	kept	2	0	2	1	0.549	105.3	enough	كفاية!	Enough!	languages/ar-levantine/entries/kfaye.yaml
tatoeba	ar-levantine	كيف	none	1	0	1	1	0.378	18.3	how; come again; like how; you know how; get excited	كيف نشرح هاد؟	How do we explain this?	languages/ar-levantine/entries/kif.yaml
tatoeba	ar-levantine	كيفك	kept	9	0	12	0.75	0.567	28.7	how are you	كيفك؟	How are you doing?	languages/ar-levantine/entries/kifak.yaml
tatoeba	ar-levantine	كل	kept	2	0	3	0.667	0.321	93.6	all; every	ليش لازم كل الرجال يقعوا بحبّي؟ أنا ما بدي هيك.	Why must all men fall in love with me? I don't want that.	languages/ar-levantine/entries/kill.yaml
tatoeba	ar-levantine	كلمة	kept	2	0	2	1	0.549	140.3	word	شو كلمه؟	What is a word?	languages/ar-levantine/entries/kilme.yaml
tatoeba	ar-levantine	كرسي	none	1	0	1	1	0.378	421	chair	بتقعد على كرسي.	She sits on a chair.	languages/ar-levantine/entries/kirsi.yaml
tatoeba	ar-levantine	كنيسة	none	1	0	1	1	0.378	421	church	دفنوه في المقبرة عند الكنيسة.	They buried him in the graveyard by the church.	languages/ar-levantine/entries/knise.yaml
tatoeba	ar-levantine	كتير	kept	6	0	8	0.75	0.524	28.7	lot of; much; many; very	بحبك كتير.	I love you very much.	languages/ar-levantine/entries/ktir.yaml
tatoeba	ar-levantine	ليش	kept	5	0	5	1	0.753	52.6	why	السؤال الحقيقي هو "ليش؟"	The real question is why.	languages/ar-levantine/entries/les.yaml
tatoeba	ar-levantine	لسا	none	1	0	2	0.5	0.164	70.2	still; so far; date	إسبانيا لسا عندها مستعمرات بأفريقيا.	Spain still has colonies in Africa.	languages/ar-levantine/entries/lissa.yaml
tatoeba	ar-levantine	اللي	kept	6	1	7	0.857	0.622	8	who; whom; which; that; what	توم بيفهم اللي هي ما بتفهم.	Tom understands what you don't.	languages/ar-levantine/entries/lli.yaml
tatoeba	ar-levantine	مدينة	kept	3	0	3	1	0.646	105.3	city; town	بدي أسكن بالمدينة.	I want to live in the city.	languages/ar-levantine/entries/madine.yaml
tatoeba	ar-levantine	مرة	kept	2	0	4	0.5	0.23	52.6	woman; wife	إنت مرة طويلة.	You're a tall woman.	languages/ar-levantine/entries/mara.yaml
tatoeba	ar-levantine	مصاري	none	1	0	1	1	0.378	421	money	بدي أسحب مصاري من الصرّاف الآلي.	I need to withdraw money from the ATM.	languages/ar-levantine/entries/masari.yaml
tatoeba	ar-levantine	مات	none	0	0	1	0	0	0	die; do something extremely; death; math; mathematics			languages/ar-levantine/entries/mat.yaml
tatoeba	ar-levantine	مبارح	none	1	0	1	1	0.378	210.5	yesterday	أنا بتذكره كأنه مبارح، بس بالحقيقة كان من خمستعش سنة.	I remember it as if it were yesterday, but in reality it was fifteen years ago.	languages/ar-levantine/entries/mbarih.yaml
tatoeba	ar-levantine	محتاج	none	0	0	2	0	0	0	needing; in need of			languages/ar-levantine/entries/mihtaj.yaml
tatoeba	ar-levantine	من	kept	3	0	6	0.5	0.268	42.1	than; from; ago; since	أنا بتذكره كأنه مبارح، بس بالحقيقة كان من خمستعش سنة.	I remember it as if it were yesterday, but in reality it was fifteen years ago.	languages/ar-levantine/entries/min-2.yaml
tatoeba	ar-levantine	مين	none	0	1	1	0	0	0	who			languages/ar-levantine/entries/min.yaml
tatoeba	ar-levantine	منيح	kept	2	0	2	1	0.549	52.6	fine; good	عندي قاموس منيح.	I have a good dictionary.	languages/ar-levantine/entries/mnih.yaml
tatoeba	ar-levantine	شاف	none	0	0	2	0	0	0	see			languages/ar-levantine/entries/saf.yaml
tatoeba	ar-levantine	شكل	none	0	0	2	0	0	0	kind; shape; way something is; looks; seems; expresses english to seem			languages/ar-levantine/entries/sakl.yaml
tatoeba	ar-levantine	سلام	kept	3	0	3	1	0.646	140.3	peace	السَّلام من غير عدالة هو بس وقف إطلاق نار.	Peace without justice is a ceasefire.	languages/ar-levantine/entries/salam.yaml
tatoeba	ar-levantine	شارع	none	1	0	1	1	0.378	210.5	street	انقتل بالرصاص بالشارع.	He was shot dead in the street.	languages/ar-levantine/entries/sheri.yaml
tatoeba	ar-levantine	شرب	none	1	0	1	1	0.378	421	drink	بابا بشرب قهوته كل يوم الصبح.	Dad drinks coffee every morning.	languages/ar-levantine/entries/shirib.yaml
tatoeba	ar-levantine	سؤال	none	1	0	1	1	0.378	421	question	السؤال الحقيقي هو "ليش؟"	The real question is why.	languages/ar-levantine/entries/su-al.yaml
tatoeba	ar-levantine	شو	kept	7	0	7	1	0.81	10	what; what a; how; whoa; wait; what gives	شو بدّك¿	What do you want?	languages/ar-levantine/entries/su.yaml
tatoeba	ar-levantine	طبعاً	none	1	0	2	0.5	0.164	210.5	of course	طبعا.	Of course.	languages/ar-levantine/entries/tab-an.yaml
tatoeba	ar-levantine	وين	none	1	0	1	1	0.378	210.5	where; reaction to a quantity vastly larger; smaller than perceived	وينِ الْبِنْتْ لِجْديدِه؟	Where's the new girl?	languages/ar-levantine/entries/wen.yaml
tatoeba	ar-levantine	يا	none	0	0	11	0	0	0	vocative particle; accusative particle; used with pronominal suffixes to express english object pronouns; like me; him; etc; takes the place of a subject pronoun after و when coordinating multiple pronouns			languages/ar-levantine/entries/ya.yaml
tatoeba	ar-levantine	يوم	none	1	0	4	0.25	0.078	105.3	day	السبت هو اليوم السابع بالأسبوع.	Saturday is the seventh day of the week.	languages/ar-levantine/entries/yom.yaml
tatoeba	ar-levantine	زغير	none	1	0	2	0.5	0.164	105.3	small	عندي كلب صغير.	I have a small dog.	languages/ar-levantine/entries/zghir.yaml
tatoeba	ar-jo	قديش	none	0	0	2	0	0	0	how much			countries/jo/ar-jo/entries/addeish.yaml
tatoeba	ar-jo	آه	none	1	0	1	1	0.378	87.3	yes	آه.	Yes.	countries/jo/ar-jo/entries/ah.yaml
tatoeba	ar-jo	قال	none	0	0	2	0	0	0	say			countries/jo/ar-jo/entries/al.yaml
tatoeba	ar-jo	عمل	none	0	0	1	0	0	0	make			countries/jo/ar-jo/entries/amal.yaml
tatoeba	ar-jo	آسف	none	1	0	1	1	0.378	37.4	sorry	آسِف	Sorry...	countries/jo/ar-jo/entries/asif.yaml
tatoeba	ar-jo	بيت	none	0	0	1	0	0	0	house			countries/jo/ar-jo/entries/beit.yaml
tatoeba	ar-jo	بدي	none	1	0	4	0.25	0.078	65.5	i want	بدّي اشتري تفاح.	I want to buy apples.	countries/jo/ar-jo/entries/biddi.yaml
tatoeba	ar-jo	بكرة	none	0	0	1	0	0	0	tomorrow			countries/jo/ar-jo/entries/bukra.yaml
tatoeba	ar-jo	دايماً	kept	5	0	6	0.833	0.575	36.4	always	خليك دايمًا صريح.	Always be frank.	countries/jo/ar-jo/entries/dayman.yaml
tatoeba	ar-jo	هاد	none	3	0	9	0.333	0.172	14.6	this	هادا سيارته.	This is his car.	countries/jo/ar-jo/entries/had.yaml
tatoeba	ar-jo	هداك	none	1	0	1	1	0.378	13.1	that	ليش هداك موجود؟	Why does that exist?	countries/jo/ar-jo/entries/hadak.yaml
tatoeba	ar-jo	حكى	kept	3	0	3	1	0.646	52.4	talk; speak; say	بحكي.	Speaking.	countries/jo/ar-jo/entries/haka.yaml
tatoeba	ar-jo	هناك	kept	3	0	3	1	0.646	43.7	there	ياني كان خجول جدا لروح هناك.	Yanni was too shy to go there.	countries/jo/ar-jo/entries/hnak.yaml
tatoeba	ar-jo	قدر	none	1	0	1	1	0.378	87.3	able; can	توم قدر يصلح الراديو المكسور.	Tom was able to repair the broken radio.	countries/jo/ar-jo/entries/idir.yaml
tatoeba	ar-jo	اليوم	none	1	0	2	0.5	0.164	131	today	كيفه اليوم؟	How is he today?	countries/jo/ar-jo/entries/il-yom.yaml
tatoeba	ar-jo	إشي	none	1	0	4	0.25	0.078	32.8	something; thing	الموت إشي طبيعي.	Death is a natural thing.	countries/jo/ar-jo/entries/ishi.yaml
tatoeba	ar-jo	جوعان	none	1	0	1	1	0.378	131	hungry	جوعان؟	Hungry?	countries/jo/ar-jo/entries/juaan.yaml
tatoeba	ar-jo	كبير	none	0	0	1	0	0	0	big			countries/jo/ar-jo/entries/kbir.yaml
tatoeba	ar-jo	كيف	none	1	0	1	1	0.378	52.4	how	كيف نشرح هاد؟	How do we explain this?	countries/jo/ar-jo/entries/keef.yaml
tatoeba	ar-jo	كيفك	none	1	0	1	1	0.378	262	how are you	كيفك؟	How are you?	countries/jo/ar-jo/entries/keefak.yaml
tatoeba	ar-jo	كثير	kept	3	0	4	0.75	0.433	65.5	lot; very	قال اِنُّه كْتير بَرْدان	He said that he was very cold.	countries/jo/ar-jo/entries/ktir.yaml
tatoeba	ar-jo	كل	none	1	0	3	0.333	0.106	43.7	all	ليش لازم كل الرجال يقعوا بحبّي؟ أنا ما بدي هيك.	Why must all men fall in love with me? I don't want that.	countries/jo/ar-jo/entries/kull.yaml
tatoeba	ar-jo	ليش	kept	5	0	5	1	0.753	52.4	why	السؤال الحقيقي هو "ليش؟"	The real question is why.	countries/jo/ar-jo/entries/leish.yaml
tatoeba	ar-jo	لسا	none	1	0	1	1	0.378	87.3	still; yet	إسبانيا لسا عندها مستعمرات بأفريقيا.	Spain still has colonies in Africa.	countries/jo/ar-jo/entries/lissa.yaml
tatoeba	ar-jo	مرة	kept	2	0	3	0.667	0.321	87.3	woman	إنت مرة طويلة.	You're a tall woman.	countries/jo/ar-jo/entries/mara.yaml
tatoeba	ar-jo	مرحبا	kept	2	0	2	1	0.549	37.4	hello	مرحباً	Hello!	countries/jo/ar-jo/entries/marhaba.yaml
tatoeba	ar-jo	مصاري	none	1	0	1	1	0.378	262	money	بدي أسحب مصاري من الصرّاف الآلي.	I need to withdraw money from the ATM.	countries/jo/ar-jo/entries/masari.yaml
tatoeba	ar-jo	مبارح	none	1	0	1	1	0.378	262	yesterday	أنا بتذكره كأنه مبارح، بس بالحقيقة كان من خمستعش سنة.	I remember it as if it were yesterday, but in reality it was fifteen years ago.	countries/jo/ar-jo/entries/mbarih.yaml
tatoeba	ar-jo	مين	none	1	0	1	1	0.378	131	who	مين الأهبل اللي عمل هيك؟	Who's the idiot who did that?	countries/jo/ar-jo/entries/mein.yaml
tatoeba	ar-jo	محتاج	none	0	0	1	0	0	0	in need of; needing			countries/jo/ar-jo/entries/mihtaj.yaml
tatoeba	ar-jo	منيح	kept	2	0	2	1	0.549	43.7	fine; well; good	منيح إلنا نفهم ثقافات تانية.	It is good for us to understand other cultures.	countries/jo/ar-jo/entries/mnih.yaml
tatoeba	ar-jo	سيارة	none	1	0	1	1	0.378	131	car	السيّارة صغيرة.	The car is small.	countries/jo/ar-jo/entries/sayyara.yaml
tatoeba	ar-jo	شاف	none	0	0	2	0	0	0	see; look			countries/jo/ar-jo/entries/shaf.yaml
tatoeba	ar-jo	شارع	none	1	0	1	1	0.378	131	street	انقتل بالرصاص بالشارع.	He was shot dead in the street.	countries/jo/ar-jo/entries/sharia.yaml
tatoeba	ar-jo	شرب	none	1	0	1	1	0.378	262	drink	بابا بشرب قهوته كل يوم الصبح.	Dad drinks coffee every morning.	countries/jo/ar-jo/entries/shirib.yaml
tatoeba	ar-jo	شو	none	1	0	1	1	0.378	43.7	what	شو؟	What?	countries/jo/ar-jo/entries/shu.yaml
tatoeba	ar-jo	شغل	none	1	0	1	1	0.378	262	work; job	توم قال إنه ممكن رح يمشي على الشغل بكرا.	Tom said he may walk to work tomorrow.	countries/jo/ar-jo/entries/shughul.yaml
tatoeba	ar-jo	شكراً	none	0	0	1	0	0	0	thank you			countries/jo/ar-jo/entries/shukran.yaml
tatoeba	ar-jo	شوي	none	0	0	1	0	0	0	little			countries/jo/ar-jo/entries/shway.yaml
tatoeba	ar-jo	طبعاً	none	1	0	2	0.5	0.164	131	of course	طبعا.	Of course.	countries/jo/ar-jo/entries/tabaan.yaml
tatoeba	ar-jo	أمي	none	0	0	1	0	0	0	mom			countries/jo/ar-jo/entries/ummi.yaml
tatoeba	ar-jo	وين	none	1	0	1	1	0.378	262	where	وينِ الْبِنْتْ لِجْديدِه؟	Where's the new girl?	countries/jo/ar-jo/entries/wein.yaml
tatoeba	ar-jo	صغير	none	1	0	2	0.5	0.164	65.5	small	عندي كلب صغير.	I have a small dog.	countries/jo/ar-jo/entries/zghir.yaml
tatoeba	ar-sa	اعتقد	none	1	0	1	1	0.378	80	think; consider; believe	اعتقد أنك تعرف لماذا استدعيتك .	I think you know why I summoned you.	countries/sa/ar-sa/entries/a-tagad.yaml
tatoeba	ar-sa	أبد	none	1	0	1	1	0.378	80	never; not at all	لا تفترض ذلك أبداً .	Never assume that.	countries/sa/ar-sa/entries/abad.yaml
tatoeba	ar-sa	أكثر	none	1	0	1	1	0.378	80	elative degree of كثير; more; most	لا رعب جديد سيكون أكثر فظاعة من التعذيب اليومي الشائع .	No new horror can be more terrible than the daily torture of the commonplace.	countries/sa/ar-sa/entries/aktar.yaml
tatoeba	ar-sa	الله	none	0	0	1	0	0	0	oh my god			countries/sa/ar-sa/entries/alla.yaml
tatoeba	ar-sa	في	none	0	0	5	0	0	0	within; about; in regards to; pertaining to; in the subject; topic of; times; multiplied by; have a measure of this by this; feel like			countries/sa/ar-sa/entries/fi.yaml
tatoeba	ar-sa	هذا	kept	2	0	3	0.667	0.321	26.7	this	شو هذا؟	What's this?	countries/sa/ar-sa/entries/hada.yaml
tatoeba	ar-sa	هنا	none	1	0	1	1	0.378	80	here; congratulate	سوف تبقى هنا حتى يتم استدعاؤك .	You will remain here until you are summoned.	countries/sa/ar-sa/entries/hina.yaml
tatoeba	ar-sa	هناك	none	1	0	1	1	0.378	80	there	ابقى هناك	Stay there.	countries/sa/ar-sa/entries/hinak.yaml
tatoeba	ar-sa	انت	kept	2	0	2	1	0.549	5.3	you	انت تعيش في عالم الخيال .	You live in a fantasy world.	countries/sa/ar-sa/entries/inta.yaml
tatoeba	ar-sa	جديد	none	1	0	1	1	0.378	40	new	لا رعب جديد سيكون أكثر فظاعة من التعذيب اليومي الشائع .	No new horror can be more terrible than the daily torture of the commonplace.	countries/sa/ar-sa/entries/jadid.yaml
tatoeba	ar-sa	كبير	none	0	0	1	0	0	0	big			countries/sa/ar-sa/entries/kbir.yaml
tatoeba	ar-sa	كل	none	1	0	1	1	0.378	80	all; every	إنه يمارس رياضة النزحلق في هوكايدو كل شتاء .	He skis in Hokkaido every winter.	countries/sa/ar-sa/entries/kil.yaml
tatoeba	ar-sa	ليش	kept	2	0	2	1	0.549	26.7	why	ليش؟	Why?	countries/sa/ar-sa/entries/les.yaml
tatoeba	ar-sa	أوكي	none	1	0	1	1	0.378	40	okay	اوكي.	Okay.	countries/sa/ar-sa/entries/oke.yaml
tatoeba	ar-sa	راح	none	0	0	1	0	0	0	leave			countries/sa/ar-sa/entries/rah.yaml
tatoeba	ar-sa	ساعة	none	0	0	1	0	0	0	hour; clock; watch			countries/sa/ar-sa/entries/sa-a.yaml
tatoeba	ar-sa	صعب	none	1	0	1	1	0.378	40	difficult; hard	من الصعب التمييز بين الواقع و الخيال .	Reality and fantasy are hard to distinguish.	countries/sa/ar-sa/entries/sa3b.yaml
tatoeba	ar-sa	شي	none	0	0	1	0	0	0	thing; object; something; anything			countries/sa/ar-sa/entries/sayy.yaml
tatoeba	ar-sa	تحت	none	1	0	1	1	0.378	80	down; under; below; downstairs	سافر توم تحت اسم مستعار .	Tom traveled under an assumed name.	countries/sa/ar-sa/entries/tahat.yaml
tatoeba	ar-iq	فلوس	none	1	0	1	1	0.378	12	money	اذا الواحد يستخدم الفلوس بحمكة يكدر يسوي كومة اشياء.	If wisely used, money can do much.	countries/iq/ar-iq/entries/flus.yaml
tatoeba	ar-iq	هذا	none	1	0	1	1	0.378	12	this	هذا القرار نهائي.	This decision is final.	countries/iq/ar-iq/entries/hatha.yaml
tatoeba	ar-iq	شي	none	0	0	1	0	0	0	something; thing			countries/iq/ar-iq/entries/shi.yaml
tatoeba	ar-ma	أبدا	none	1	0	1	1	0.378	77	never	أنا لن ادخن ابدا.	I will never smoke.	countries/ma/ar-ma/entries/abadan.yaml
tatoeba	ar-ma	أنا	none	0	0	3	0	0	0	which			countries/ma/ar-ma/entries/ana-2.yaml
tatoeba	ar-ma	أشنو	kept	3	0	3	1	0.646	8.6	what	أشنو بان ليك؟	What do you think?	countries/ma/ar-ma/entries/asnu.yaml
tatoeba	ar-ma	دابا	none	1	0	1	1	0.378	77	now; right now; at present	راه باين بزاف دابا.	It's so obvious now.	countries/ma/ar-ma/entries/daba.yaml
tatoeba	ar-ma	دار	none	0	0	1	0	0	0	turn; go around; rotate			countries/ma/ar-ma/entries/dar.yaml
tatoeba	ar-ma	فين	none	1	0	1	1	0.378	19.3	where	فين كان البيت الماء؟	Where's the toilet?	countries/ma/ar-ma/entries/fin.yaml
tatoeba	ar-ma	فلوس	none	1	0	1	1	0.378	77	money; chick; young chicken; rooster	ما عنديش الفلوس	I don't have any money.	countries/ma/ar-ma/entries/flus.yaml
tatoeba	ar-ma	على	none	0	0	2	0	0	0	upon; onto; against; expresses obligation			countries/ma/ar-ma/entries/la.yaml
tatoeba	ar-ma	علاش	none	1	0	1	1	0.378	77	why; about what	علاش؟	Why?	countries/ma/ar-ma/entries/las.yaml
tatoeba	ar-ma	ما	none	1	0	7	0.143	0.044	1.1	water; not; that which; what	ما هذا؟	What is this?	countries/ma/ar-ma/entries/ma.yaml
tatoeba	ar-ma	شحال	kept	2	0	4	0.5	0.23	19.3	how much	بشحال	How much is this?	countries/ma/ar-ma/entries/shal.yaml
tatoeba	ar-ma	سمح ليا	none	1	0	1	1	0.378	19.3	sorry; excuse me	سمحلي ليا	Excuse me.	countries/ma/ar-ma/entries/smeh-liya.yaml
tatoeba	ar-ma	شنو	none	1	0	1	1	0.378	8.6	what	شنو اسميتك؟	What's your name?	countries/ma/ar-ma/entries/snu.yaml
tatoeba	ar-ma	شوية	none	0	0	2	0	0	0	little			countries/ma/ar-ma/entries/swiyya.yaml
tatoeba	ar-ma	واخا	none	2	0	6	0.333	0.148	8.6	okay; alright	واخا.	Okay.	countries/ma/ar-ma/entries/wakha.yaml
tatoeba	ar-ma	يمكن	none	0	0	1	0	0	0	maybe			countries/ma/ar-ma/entries/yimkan.yaml
tatoeba	ar-dz	علاش	kept	26	0	27	0.963	0.884	55.4	why	وعلاش ما حبستهومش؟	Why didn't you stop them?	countries/dz/ar-dz/entries/3lach.yaml
tatoeba	ar-dz	عرف	none	0	0	1	0	0	0	know			countries/dz/ar-dz/entries/3ref.yaml
tatoeba	ar-dz	عيان	none	1	0	2	0.5	0.164	178.5	tired	راني عيّان.	I am tired!	countries/dz/ar-dz/entries/3yan.yaml
tatoeba	ar-dz	حب	none	1	0	1	1	0.378	22.9	like; love	بنتي تحبّ الفاكية تاع الصيف: حبّ الملوك، الدلاّع، الخوخ.	My daughter likes summer fruits, such as cherries, watermelons and peaches.	countries/dz/ar-dz/entries/7ab-2.yaml
tatoeba	ar-dz	حاب	none	0	0	4	0	0	0	wanting			countries/dz/ar-dz/entries/7ab.yaml
tatoeba	ar-dz	حاجة	none	4	0	21	0.19	0.105	10.6	something; thing	اسّنّى، بغيت نقوللك حاجة.	Wait. I want to tell you something.	countries/dz/ar-dz/entries/7aja.yaml
tatoeba	ar-dz	قريب	none	1	0	13	0.077	0.023	45.8	near	كاين ۆتال تاع ليژان قريب علا هنا⸮	Is there a youth hostel near here?	countries/dz/ar-dz/entries/9rib.yaml
tatoeba	ar-dz	أيا	kept	2	0	3	0.667	0.321	595	let's go; come on	أيا، جيرو.	Come on, Jiro.	countries/dz/ar-dz/entries/aya.yaml
tatoeba	ar-dz	بعيد	none	1	0	3	0.333	0.106	297.5	far	حبّيت بابور يدّيني بعيد علا هنا.	I want a boat that will take me far away from here.	countries/dz/ar-dz/entries/b3id.yaml
tatoeba	ar-dz	بابا	kept	5	0	9	0.556	0.352	198.3	dad	واش راك تدير بابا؟	Dad, what are you doing?	countries/dz/ar-dz/entries/baba.yaml
tatoeba	ar-dz	بالاك	none	2	0	6	0.333	0.148	297.5	maybe	بالاك رايحا تكون اڨزاكتمان كيف كيف ليه.	Maybe it will be exactly the same for him.	countries/dz/ar-dz/entries/balak.yaml
tatoeba	ar-dz	بارد	kept	2	0	2	1	0.549	446.3	cold	بارد الحال في لالمان؟	Is it cold in Germany?	countries/dz/ar-dz/entries/bared.yaml
tatoeba	ar-dz	بصح	none	0	0	18	0	0	0	really			countries/dz/ar-dz/entries/bessa7.yaml
tatoeba	ar-dz	بزاف	kept	31	0	66	0.47	0.393	22.1	lot; very	صح، كانت طفلة تحشم بزَّاف.	Yes. She used to be a very shy girl.	countries/dz/ar-dz/entries/bezzaf.yaml
tatoeba	ar-dz	شحال	kept	7	0	12	0.583	0.402	148.8	how much; how many	شحال عندك من صاحابك في الفايسبوك؟	How many friends do you have on Facebook?	countries/dz/ar-dz/entries/ch7al.yaml
tatoeba	ar-dz	شاف	none	0	0	3	0	0	0	see; look			countries/dz/ar-dz/entries/chaf.yaml
tatoeba	ar-dz	شباب	kept	3	0	8	0.375	0.195	51.5	beautiful; nice	لحال راو شباب اودافي ليوم.	It is nice and warm today.	countries/dz/ar-dz/entries/chbab.yaml
tatoeba	ar-dz	شكون	kept	29	0	30	0.967	0.895	32.6	who	"شكون⸮" "يمّاك.".	"Who is it?" "It's your mother."	countries/dz/ar-dz/entries/chkoun.yaml
tatoeba	ar-dz	شوية	none	2	0	10	0.2	0.086	44.6	little	طوم صغير بشويّة برك على ماري.	Tom is only a little older than Mary.	countries/dz/ar-dz/entries/chwiya.yaml
tatoeba	ar-dz	دار	kept	17	0	21	0.81	0.679	60.2	house; home	هربت لدّار.	I ran home.	countries/dz/ar-dz/entries/dar.yaml
tatoeba	ar-dz	دّى	none	1	0	4	0.25	0.078	40.6	take	دِّي الوردة لي عجباتك.	Take whichever flower you like.	countries/dz/ar-dz/entries/dda.yaml
tatoeba	ar-dz	ديما	kept	3	0	3	1	0.646	99.2	always	طوم ديما يتفكّر يقول صحّا.	Tom always remembers to say thank you.	countries/dz/ar-dz/entries/dima.yaml
tatoeba	ar-dz	دراهم	kept	5	0	6	0.833	0.575	247.9	money	لماريكان پلاصا شابّا باش تعيش، ادا راك هنا باش تدير دراهم.	America is a lovely place to be, if you are here to earn money.	countries/dz/ar-dz/entries/drahem.yaml
tatoeba	ar-dz	ذري	none	0	0	71	0	0	0	child; kid			countries/dz/ar-dz/entries/dri.yaml
tatoeba	ar-dz	درك	kept	9	0	9	1	0.846	89.3	now	اسمح لي، راني مشغول درك.	I'm sorry, I'm busy right now.	countries/dz/ar-dz/entries/drk.yaml
tatoeba	ar-dz	فرحان	kept	3	0	4	0.75	0.433	191.3	happy	لْعَبْتْهَا فَرْحَانْ.	I pretended to be happy.	countries/dz/ar-dz/entries/fer7an.yaml
tatoeba	ar-dz	قاع	none	1	0	4	0.25	0.078	16.5	all; completely	قاع التواقي راهُم مغلوقين.	All of the windows are closed.	countries/dz/ar-dz/entries/ga3.yaml
tatoeba	ar-dz	غدوة	kept	3	0	3	1	0.646	178.5	tomorrow	الحفلة اللي عرضونا ليها راهي غدوة، ماشي لْيوما.	The party that we've been invited to is tomorrow, not today.	countries/dz/ar-dz/entries/ghodwa.yaml
tatoeba	ar-dz	هادا	kept	14	0	28	0.5	0.382	12.6	this	زيادا على هادا، يقدر يقرا العبريا.	Above and beyond this, he can read Hebrew.	countries/dz/ar-dz/entries/hada.yaml
tatoeba	ar-dz	هداك	none	1	0	6	0.167	0.051	2.9	that	ما خلاّوناش ندّخلو لهاداك الكاف.	We weren't allowed to go into that cave.	countries/dz/ar-dz/entries/hadak.yaml
tatoeba	ar-dz	هايل	none	0	0	2	0	0	0	cool; awesome			countries/dz/ar-dz/entries/hayel.yaml
tatoeba	ar-dz	هدر	none	1	0	1	1	0.378	49.6	talk; speak	علابالي معامن هدر توم.	I knew who Tom had talked to.	countries/dz/ar-dz/entries/hdar.yaml
tatoeba	ar-dz	هنا	kept	16	0	18	0.889	0.76	72.1	here	نضن علابالي وش كان ايدير هنا طوم.	I think I know what Tom is doing here.	countries/dz/ar-dz/entries/hna.yaml
tatoeba	ar-dz	إيه	kept	52	0	52	1	0.969	29.8	yes	إيه.	Yes.	countries/dz/ar-dz/entries/ih.yaml
tatoeba	ar-dz	جا	none	1	0	4	0.25	0.078	21.3	come	يا دْرَى شْكون جا.	I wonder who has come.	countries/dz/ar-dz/entries/ja.yaml
tatoeba	ar-dz	جاب	none	0	0	1	0	0	0	bring			countries/dz/ar-dz/entries/jab.yaml
tatoeba	ar-dz	جديد	kept	5	0	7	0.714	0.472	79.7	new	راني رايح نشري بارابلي جديد.	I am buying a new umbrella.	countries/dz/ar-dz/entries/jdid.yaml
tatoeba	ar-dz	جيعان	none	1	0	1	1	0.378	595	hungry	سامي ثاني راه جيعان.	Sami is hungry, too.	countries/dz/ar-dz/entries/ji3an.yaml
tatoeba	ar-dz	كار	kept	6	0	6	1	0.785	255	bus; coach	تروح فلكار ولا فطونوبيل.	Are you going by bus or car?	countries/dz/ar-dz/entries/kar.yaml
tatoeba	ar-dz	كبير	none	0	0	2	0	0	0	big			countries/dz/ar-dz/entries/kbir.yaml
tatoeba	ar-dz	خدم	none	1	0	1	1	0.378	93.9	work	ما كُنتش فالخدم اليُوم.	I wasn't at work today.	countries/dz/ar-dz/entries/khdem.yaml
tatoeba	ar-dz	خدمة	kept	2	0	2	1	0.549	81.1	work; job	طلب هاديك الخدمة و عطاوها لو.	He applied for the job and got it.	countries/dz/ar-dz/entries/khedma.yaml
tatoeba	ar-dz	خو	none	0	0	1	0	0	0	brother			countries/dz/ar-dz/entries/kho.yaml
tatoeba	ar-dz	خبز	kept	2	0	2	1	0.549	595	bread	الرّاجل كان ياكل لخبز.	The man was eating bread.	countries/dz/ar-dz/entries/khobz.yaml
tatoeba	ar-dz	خويا	none	0	0	4	0	0	0	buddy; bro			countries/dz/ar-dz/entries/khouya.yaml
tatoeba	ar-dz	خرج	none	0	0	4	0	0	0	go out; leave			countries/dz/ar-dz/entries/khrej.yaml
tatoeba	ar-dz	كيفاش	kept	37	0	42	0.881	0.802	28.1	how	كيفاش لقانا؟	How did he find us?	countries/dz/ar-dz/entries/kifach.yaml
tatoeba	ar-dz	كلا	none	1	0	1	1	0.378	81.1	eat	ماكلاش لنجاصة واحدة برْك، كلا ثلاثة.	He didn't just eat 1 pear, but 3.	countries/dz/ar-dz/entries/kla.yaml
tatoeba	ar-dz	البارح	kept	4	0	4	1	0.709	446.3	yesterday	البارَح كانْ نْهارْ شْبَابْ.	It was a beautiful day yesterday.	countries/dz/ar-dz/entries/lbare7.yaml
tatoeba	ar-dz	الما	kept	4	0	5	0.8	0.514	238	water	لوكان ماكانش كاين الما، حتى حاجا ما تقدر تعيش.	If it were not for water, no living things could live.	countries/dz/ar-dz/entries/lma.yaml
tatoeba	ar-dz	اليوم	kept	3	0	3	1	0.646	162.3	today	الحال شوية سخون اليوم.	It's fairly warm today.	countries/dz/ar-dz/entries/lyoum.yaml
tatoeba	ar-dz	ماكلة	kept	7	0	8	0.875	0.66	195.2	food	نحبّ الماكلة تاع دزاير.	I love Algerian food.	countries/dz/ar-dz/entries/makla.yaml
tatoeba	ar-dz	مازال	none	1	0	4	0.25	0.078	49.6	still; not yet	جيم مازال ما ولاّ لدّار.	Jim has not yet returned home.	countries/dz/ar-dz/entries/mazal.yaml
tatoeba	ar-dz	مليح	none	2	0	15	0.133	0.057	18.3	good	ماشي طبيب مليح.	He is no good as a doctor.	countries/dz/ar-dz/entries/mli7.yaml
tatoeba	ar-dz	مرا	none	2	0	6	0.333	0.148	198.3	woman	راها مرا دزيرية.	She's an Algerian woman.	countries/dz/ar-dz/entries/mra.yaml
tatoeba	ar-dz	قال	none	1	0	14	0.071	0.022	4.3	say	"اه، ژّيدۆرانژ تاع ڜّينا مادامبيك، " قال مارك.	"Yes, orange juice please," says Mike.	countries/dz/ar-dz/entries/qal.yaml
tatoeba	ar-dz	راجل	kept	3	0	5	0.6	0.33	214.2	man	الرّاجل كان ياكل لخبز.	The man was eating bread.	countries/dz/ar-dz/entries/rajel.yaml
tatoeba	ar-dz	صحيت	none	0	0	1	0	0	0	thank you			countries/dz/ar-dz/entries/sahit.yaml
tatoeba	ar-dz	سلام	none	0	0	1	0	0	0	hello			countries/dz/ar-dz/entries/salam.yaml
tatoeba	ar-dz	صغير	none	0	0	6	0	0	0	small			countries/dz/ar-dz/entries/sghir.yaml
tatoeba	ar-dz	سخون	none	0	0	1	0	0	0	hot			countries/dz/ar-dz/entries/skhoun.yaml
tatoeba	ar-dz	ثاني	kept	4	0	7	0.571	0.342	51	also; too	ماتاكُلش الحوت برْك. كول شوية لحم ثاني.	Don't just eat fish. Eat some meat, too.	countries/dz/ar-dz/entries/tani.yaml
tatoeba	ar-dz	طوموبيل	kept	26	0	26	1	0.941	41.5	car	تروح فلكار ولا فطونوبيل.	Are you going by bus or car?	countries/dz/ar-dz/entries/tomobil.yaml
tatoeba	ar-dz	وقتاش	kept	15	0	15	1	0.901	47	when	وقتاش رحت؟	When did you go?	countries/dz/ar-dz/entries/wa9tach.yaml
tatoeba	ar-dz	واش	kept	76	0	92	0.826	0.77	12.7	what	علابالو واش راو حايب.	He knows what he wants.	countries/dz/ar-dz/entries/wach.yaml
tatoeba	ar-dz	والو	kept	49	0	53	0.925	0.864	21.7	nothing	ما راك تسالّي والو.	I owe you nothing!	countries/dz/ar-dz/entries/walou.yaml
tatoeba	ar-dz	وين	kept	118	0	123	0.959	0.93	13.3	where	وين راك رايح تروح.	Where are you going to go?	countries/dz/ar-dz/entries/win.yaml
tatoeba	ar-dz	يدير	none	0	0	4	0	0	0	make			countries/dz/ar-dz/entries/ydir.yaml
tatoeba	ar-dz	يما	none	2	0	33	0.061	0.025	54.1	mom	يمّا، راني ف دّار.	Mom, I'm home.	countries/dz/ar-dz/entries/yemma.yaml
tatoeba	ar-dz	زعفان	kept	2	0	4	0.5	0.23	297.5	angry	طوم كان زعفان بزاف.	Tom was so angry.	countries/dz/ar-dz/entries/za3fan.yaml
tatoeba	de-de	abliefern	none	0	0	2	0	0	0	bring; hand over; return someone somewhere; deliver; live up to expectations			countries/de/de-de/entries/abliefern.yaml
tatoeba	de-de	alles	added	1252	21	5460	0.229	0.222	12	all	Du kannst nicht von mir erwarten, dass ich immer an alles denke!	You can't expect me to think of everything all the time!	countries/de/de-de/entries/alles.yaml
tatoeba	de-de	andauernd	none	0	0	37	0	0	0	constant; incessant			countries/de/de-de/entries/andauernd.yaml
tatoeba	de-de	anmachen	added	11	0	29	0.379	0.273	1017.7	switch on; turn on; start something with; provoke; accost; flame	Könntest du bitte das Licht anmachen?	Could you turn on the light, please?	countries/de/de-de/entries/anmachen.yaml
tatoeba	de-de	ausklinken	none	0	0	1	0	0	0	leave; withdraw; drop out			countries/de/de-de/entries/ausklinken.yaml
tatoeba	de-de	bescheuert	none	1	0	27	0.037	0.011	36	idiotic; crazy; foolish	Tom ist bescheuert.	Tom's crazy.	countries/de/de-de/entries/bescheuert.yaml
tatoeba	de-de	besoffen	added	38	0	53	0.717	0.632	703.7	drunk	Er ist zu besoffen, um bis zu sich nach Hause zu fahren.	He is too drunk to drive home.	countries/de/de-de/entries/besoffen.yaml
tatoeba	de-de	boah	none	1	0	3	0.333	0.106	1133.6	wow; ugh; expression of annoyance; exasperation; disgust	Boah, Daniel hat ziemlich viel zugenommen, seit ich ihn das letzte Mal gesehen habe.	Wow, Daniel has put on a lot of weight since the last time I saw him.	countries/de/de-de/entries/boah.yaml
tatoeba	de-de	clean	none	1	0	1	1	0.378	683.3	clean; drugfree	Dieselfahrzeuge von Volkswagen haben einen um bis zu vierzigmal höheren Schadstoffausstoß, als nach den Bestimmungen des „Gesetzes zur Reinhaltung der Luft“ („Clean Air Act“) erlaubt wäre.	Volkswagen's diesel cars emit as much as 40 times more pollutants as they are allowed under the Clean Air Act rules.	countries/de/de-de/entries/clean.yaml
tatoeba	de-de	cool	added	65	0	70	0.929	0.879	985.7	cool; calm; easy going	Ich will nicht erbärmlich sein, ich will cool sein!!	I don't want to be lame; I want to be cool!!	countries/de/de-de/entries/cool.yaml
tatoeba	de-de	daten	added	7	0	76	0.092	0.058	140.7	date	Du wirst alle diese Daten auswendig lernen müssen.	You'll have to learn all these dates by rote.	countries/de/de-de/entries/daten.yaml
tatoeba	de-de	dicke	none	0	0	74	0	0	0	amply; sufficiently; absolutely; for sure			countries/de/de-de/entries/dicke.yaml
tatoeba	de-de	doll	none	2	0	9	0.222	0.096	10.6	firm; hard; forceful; strong; good; great; satisfactory; extraordinary; remarkable; firmly; forcefully; vehemently	Das Essen war nicht so doll.	The food wasn't that great.	countries/de/de-de/entries/doll.yaml
tatoeba	de-de	doof	added	20	0	30	0.667	0.55	303.9	stupid; dumb; boring; annoying	Er ist nicht doof.	He's not stupid.	countries/de/de-de/entries/doof.yaml
tatoeba	de-de	down	none	1	0	1	1	0.378	181.3	down; depressed	Alle ihre Kinder wurden mit dem Down-Syndrom geboren.	All of her children were born with Down syndrome.	countries/de/de-de/entries/down.yaml
tatoeba	de-de	dufte	none	0	0	1	0	0	0	good; great; sweet			countries/de/de-de/entries/dufte.yaml
tatoeba	de-de	durchgeknallt	none	1	0	6	0.167	0.051	203.9	crazy; freaked out	Er ist völlig durchgeknallt.	He's completely crazy.	countries/de/de-de/entries/durchgeknallt.yaml
tatoeba	de-de	echt	added	314	0	421	0.746	0.718	58.5	real; factual; really; indeed	Es war echt nett, dich wiederzusehen.	It was really nice to see you again.	countries/de/de-de/entries/echt.yaml
tatoeba	de-de	eiern	none	0	0	14	0	0	0	wobble			countries/de/de-de/entries/eiern.yaml
tatoeba	de-de	erstmal	added	6	0	16	0.375	0.238	67.1	first	Sollten wir nicht erstmal Tom fragen?	Shouldn't we ask Tom first?	countries/de/de-de/entries/erstmal.yaml
tatoeba	de-de	ewig	none	3	0	167	0.018	0.009	2.3	always	Es gibt immer Dinge, die ich nie lernen werde, ich habe nicht ewig Zeit.	There will always be things I will never learn, I don't have eternity before me!	countries/de/de-de/entries/ewig.yaml
tatoeba	de-de	extra	added	5	0	22	0.227	0.134	153.2	separate; special; specially made; on purpose; aside; apart; separately	Sie hat mir extra eine falsche Adresse gesagt.	She told me a wrong address on purpose.	countries/de/de-de/entries/extra.yaml
tatoeba	de-de	feiern	none	0	0	137	0	0	0	love; adore			countries/de/de-de/entries/feiern.yaml
tatoeba	de-de	fertigmachen	none	1	0	8	0.125	0.038	118.1	complete; get ready; dress up; beat up; defeat; destroy	Tom muss sich für die Arbeit fertigmachen.	Tom has to dress up for work.	countries/de/de-de/entries/fertigmachen.yaml
tatoeba	de-de	fett	none	0	0	64	0	0	0	awesome; phat			countries/de/de-de/entries/fett.yaml
tatoeba	de-de	ganz	none	322	21	2401	0.134	0.125	6.5	all; whole; intact	„Wann wirst du zurückkommen?“ – „Das hängt ganz vom Wetter ab.“	"When will you be back?" "It all depends on the weather."	countries/de/de-de/entries/ganz.yaml
tatoeba	de-de	gehen	none	841	0	6280	0.134	0.129	4.9	leave; take off; work; function; last; go for; go on; in progress; paid for	Jetzt muss ich gehen, sie rufen gerade meinen Flug auf.	Now I have to leave, they're calling for my flight.	countries/de/de-de/entries/gehen.yaml
tatoeba	de-de	gemein	added	98	0	149	0.658	0.606	191.9	mean; nasty; wicked; beastly; awfully; awful	Sein Bruder war gemein zu mir.	His brother was nasty to me.	countries/de/de-de/entries/gemein.yaml
tatoeba	de-de	genug	added	1441	1	1575	0.915	0.905	244	enough; sufficient; in an adequate way	Ich spreche nicht gut genug Französisch!	I don't speak French well enough!	countries/de/de-de/entries/genug.yaml
tatoeba	de-de	geschafft	none	0	0	537	0	0	0	exhausted			countries/de/de-de/entries/geschafft.yaml
tatoeba	de-de	gucken	added	74	0	125	0.592	0.535	29.8	look; direct one's gaze at something; watch; direct one's gaze at something for some time; have a certain facial expression	Gucken Sie nicht zurück.	Don't look back.	countries/de/de-de/entries/gucken.yaml
tatoeba	de-de	halt	none	36	3	235	0.153	0.125	2.9	indicating that something is generally known; cannot be changed; like; often untranslatable; just; simply; indeed; well	Das sind alles Kannibalen hier, außer mir, ich werde halt gegessen.	They are all cannibals here, except me, I'm just being eaten.	countries/de/de-de/entries/halt.yaml
tatoeba	de-de	handeln	none	0	0	144	0	0	0	handle something; control; deal with in an organized fashion			countries/de/de-de/entries/handeln.yaml
tatoeba	de-de	happy	none	0	0	12	0	0	0	glad; satisfied; momentarily happy			countries/de/de-de/entries/happy.yaml
tatoeba	de-de	he	added	68	8	91	0.747	0.685	2005	exclamation to get attention; hey; expresses protest; reprimand; reinforces a question; huh	He, ich habe vielleicht kein Geld, aber ich habe immer noch meinen Stolz.	Hey, I may have no money, but I still have my pride.	countries/de/de-de/entries/he.yaml
tatoeba	de-de	hier	none	23	8	10577	0.002	0.002	0.7	listen; hey; used for emphasis; call for attention; often when broaching a new subject; but not as a greeting	Hör zu, ich denke, du bist hier an der falschen Adresse.	Listen, I think that you are barking up the wrong tree here.	countries/de/de-de/entries/hier.yaml
tatoeba	de-de	high	added	14	0	19	0.737	0.592	503.5	high	Sie hat sich seit der High School sehr verändert.	She has changed a lot since high school.	countries/de/de-de/entries/high.yaml
tatoeba	de-de	hin	none	14	0	1109	0.013	0.009	1.3	gone; left; situated; dead; out of order; kaput; exhausted; depleted; captivated; hooked	Sie war gerade hinausgegangen, die beiden Türflügel schwangen noch immer hin und her.	She had just gone out, the double door still swinging in her wake.	countries/de/de-de/entries/hin.yaml
tatoeba	de-de	hinkriegen	none	1	0	13	0.077	0.023	190.7	manage; succeed with	Werden Sie es hinkriegen, mein Auto zu reparieren?	Will you manage to repair my car?	countries/de/de-de/entries/hinkriegen.yaml
tatoeba	de-de	jo	none	0	0	6	0	0	0	yes; expresses firm agreement			countries/de/de-de/entries/jo.yaml
tatoeba	de-de	kaputt	none	7	0	297	0.024	0.015	9.2	tired; exhausted	Ich bin kaputt.	I'm exhausted.	countries/de/de-de/entries/kaputt.yaml
tatoeba	de-de	klar	none	4	0	581	0.007	0.004	16.5	obviously; surely	Tom war ganz klar betrunken.	Tom was obviously drunk.	countries/de/de-de/entries/klar.yaml
tatoeba	de-de	klarkommen	added	7	0	23	0.304	0.198	209.2	cope; come to terms; deal with; manage; get along; get on; get by	Ich werde schon allein klarkommen.	I'll manage on my own.	countries/de/de-de/entries/klarkommen.yaml
tatoeba	de-de	klasse	none	9	0	441	0.02	0.013	7	great; awesome	Klasse Wetter, oder?	Great weather, isn't it?	countries/de/de-de/entries/klasse.yaml
tatoeba	de-de	klauen	added	12	0	17	0.706	0.551	1612.8	steal	Wenn man keine eigenen Ideen hat, muss man halt welche klauen.	If you don't have any ideas of your own then you just have to steal some.	countries/de/de-de/entries/klauen.yaml
tatoeba	de-de	knacken	none	0	0	16	0	0	0	sleep			countries/de/de-de/entries/knacken.yaml
tatoeba	de-de	kotzen	added	7	0	15	0.467	0.313	4135.8	vomit; puke	Ich muss kotzen.	I feel like vomiting.	countries/de/de-de/entries/kotzen.yaml
tatoeba	de-de	kriegen	added	80	0	132	0.606	0.551	33.8	get; catch; come down with	Mehr Leute kriegen Schwierigkeiten wegen dem, was sie sagen, als wegen dem, was sie tun.	More people get into trouble for things they say rather than for what they do.	countries/de/de-de/entries/kriegen.yaml
tatoeba	de-de	langen	none	13	1	229	0.057	0.04	3.4	reach; grab; take; pass; hand something to someone; suffice; enough	Der Arzt riet mir, einen langen Urlaub zu nehmen.	The doctor advised me to take a long holiday.	countries/de/de-de/entries/langen.yaml
tatoeba	de-de	lila	added	11	0	11	1	0.87	11698.5	lilac; purple; violet	Diese Farbe ist eher lila als rosa.	The color is purple rather than pink.	countries/de/de-de/entries/lila.yaml
tatoeba	de-de	logisch	none	0	0	22	0	0	0	of course; absolutely; certainly			countries/de/de-de/entries/logisch.yaml
tatoeba	de-de	logo	none	0	0	3	0	0	0	of course; absolutely; certainly			countries/de/de-de/entries/logo.yaml
tatoeba	de-de	loslegen	added	7	0	13	0.538	0.367	3620.2	get going; get started	Wann können wir loslegen?	When can we get started?	countries/de/de-de/entries/loslegen.yaml
tatoeba	de-de	machen	none	914	0	5836	0.157	0.151	12.3	perform; carry out; come to; total; cost; make; signify; mean with nichts; viel; etc matter	Ausländer machen mich neugierig.	Foreigners make me curious.	countries/de/de-de/entries/machen.yaml
tatoeba	de-de	mal	none	41	2	5290	0.008	0.006	1.1	well; by the way; softening a sentence; thus making a request; command more polite; making an assertion more casual by extension; indicating a command; request	Sie beruhigte ihren Mann und sagte: "Reg dich nicht auf, wir waren auch mal jung."	She tried to calm her husband down. "Don't get worked up," she said. "We were young once as well."	countries/de/de-de/entries/mal.yaml
tatoeba	de-de	mies	none	0	0	2	0	0	0	very; severely; extremely; insanely			countries/de/de-de/entries/mies.yaml
tatoeba	de-de	nerven	added	25	0	133	0.188	0.148	326.3	annoy; irritate	Deine Geduld geht mir auf die Nerven.	Your patience irritates me.	countries/de/de-de/entries/nerven.yaml
tatoeba	de-de	nochmal	added	125	0	143	0.874	0.834	139.3	once again; again; one more time	Ich werde es nochmal versuchen, danke.	I'll try again, thank you.	countries/de/de-de/entries/nochmal.yaml
tatoeba	de-de	normal	none	0	0	161	0	0	0	sure; of course; obviously; usually implies that something is trivial			countries/de/de-de/entries/normal.yaml
tatoeba	de-de	nu	none	0	0	12	0	0	0	yes; yeah; expresses agreement; understanding; well; fills pause			countries/de/de-de/entries/nu.yaml
tatoeba	de-de	null	none	0	0	98	0	0	0	not at all			countries/de/de-de/entries/null.yaml
tatoeba	de-de	original	none	1	0	57	0.018	0.005	1.4	really; actually	„Hast du schon einmal original ungarisches Gulasch gegessen?“ – „Nein, aber ich würde wirklich gerne mal.“	"Have you ever had genuine Hungarian goulash?" "No, but I'd really like to."	countries/de/de-de/entries/original.yaml
tatoeba	de-de	out	none	0	0	8	0	0	0	out of fashion			countries/de/de-de/entries/out.yaml
tatoeba	de-de	pennen	none	1	0	7	0.143	0.044	41.3	sleep; inattentive	Ich will pennen, also haltet die Klappe!	I'm trying to sleep, so shut up!	countries/de/de-de/entries/pennen.yaml
tatoeba	de-de	pleite	added	84	0	127	0.661	0.606	431.8	broke	Ich bin pleite.	I'm broke.	countries/de/de-de/entries/pleite.yaml
tatoeba	de-de	porno	none	0	0	1	0	0	0	awesome			countries/de/de-de/entries/porno.yaml
tatoeba	de-de	prima	added	12	0	20	0.6	0.457	206	great; super	Das klingt prima!	It sounds great!	countries/de/de-de/entries/prima.yaml
tatoeba	de-de	quatschen	none	1	0	14	0.071	0.022	2785.4	chatter; babble	Übersetze, statt zu quatschen!	Translate instead of chattering!	countries/de/de-de/entries/quatschen.yaml
tatoeba	de-de	ran	none	2	0	34	0.059	0.025	33.4	near; close to; over to	Geh da nicht nah ran.	Don't go near that.	countries/de/de-de/entries/ran.yaml
tatoeba	de-de	rauf	none	0	0	5	0	0	0	up here; upstairs; up there			countries/de/de-de/entries/rauf.yaml
tatoeba	de-de	raus	added	273	0	385	0.709	0.679	48.7	out; out of there; outta there; out of here; outta here; get out	Ich schlage vor, du hältst dich da raus.	I suggest you keep out of this.	countries/de/de-de/entries/raus.yaml
tatoeba	de-de	rausgehen	added	40	0	56	0.714	0.632	852.7	go out	Ich würde lieber rausgehen statt drinnen zu bleiben.	I'd rather go out than stay indoors.	countries/de/de-de/entries/rausgehen.yaml
tatoeba	de-de	rauskommen	none	1	0	2	0.5	0.164	2867.3	come out	Du musst da rauskommen.	You have to come out of there.	countries/de/de-de/entries/rauskommen.yaml
tatoeba	de-de	rein	added	37	0	244	0.152	0.125	91.3	inside; in here; in there	Ohne Krawatte kommen Sie hier nicht rein!	Without wearing a tie, you won't get in here!	countries/de/de-de/entries/rein.yaml
tatoeba	de-de	reingehen	added	19	0	20	0.95	0.847	3562	go in; get inside; go inside	Ich warne Sie! Der Chef frisst Sie auf, wenn Sie da jetzt reingehen! Tom hat er eben schon zusammengestaucht und entlassen.	I'm telling you, the boss'll eat you whole if you go in there now. He's just sacked Tom after giving him a rollicking.	countries/de/de-de/entries/reingehen.yaml
tatoeba	de-de	reinkommen	added	23	0	31	0.742	0.631	1735.9	come in	Kann ich reinkommen?	Can I come in?	countries/de/de-de/entries/reinkommen.yaml
tatoeba	de-de	rosa	none	0	0	90	0	0	0	colored in a pale shade of pink			countries/de/de-de/entries/rosa.yaml
tatoeba	de-de	rüber	added	5	0	50	0.1	0.058	131.7	over here; over there	Komm hier rüber, aber ein bisschen plötzlich!	Get over here and be quick about it!	countries/de/de-de/entries/ruber.yaml
tatoeba	de-de	runter	added	85	0	130	0.654	0.599	118	down; down here; downstairs; down there	Hände runter!	Put your hands down!	countries/de/de-de/entries/runter.yaml
tatoeba	de-de	saufen	added	14	0	19	0.737	0.592	163.9	drink; especially in large quantities; quaff; swig; booze; consume alcohol excessively	Saufen schadet der Gesundheit.	Drinking is harmful for your health.	countries/de/de-de/entries/saufen.yaml
tatoeba	de-de	schiffen	none	0	0	6	0	0	0	urinate; rain heavily			countries/de/de-de/entries/schiffen.yaml
tatoeba	de-de	schmeißen	added	9	0	13	0.692	0.515	226.5	throw; fling; hurl; drop accidentally; manage; organize; run; flub; corpse	Tom sagte, dass er Lust hätte, seinen Job zu schmeißen und rund um Australien zu trampen.	Tom said he had half a mind to throw in his job and hitchhike around Australia.	countries/de/de-de/entries/schmei-en.yaml
tatoeba	de-de	schwätzen	none	0	0	2	0	0	0	speak; talk			countries/de/de-de/entries/schwatzen.yaml
tatoeba	de-de	schwul	added	88	0	88	1	0.982	4269.5	gay	Meine Eltern würden meinen Bruder verstoßen, wenn sie herausfänden, dass er schwul ist.	My parents would repudiate my brother if they ever found out he was gay.	countries/de/de-de/entries/schwul.yaml
tatoeba	de-de	shoppen	added	3	0	25	0.12	0.059	108.8	shop	Warst du den ganzen Tag shoppen?	Did you shop all day?	countries/de/de-de/entries/shoppen.yaml
tatoeba	de-de	sorry	added	6	0	6	1	0.785	367.6	sorry	Sorry, dass ich deine Party verpasst habe.	I'm sorry I missed your party.	countries/de/de-de/entries/sorry.yaml
tatoeba	de-de	spitze	none	1	0	83	0.012	0.004	4.1	great; awesome	Mein Team ist spitze.	My team is great.	countries/de/de-de/entries/spitze.yaml
tatoeba	de-de	stemmen	none	0	0	3	0	0	0	drink; tipple			countries/de/de-de/entries/stemmen.yaml
tatoeba	de-de	stinkig	none	0	0	4	0	0	0	angry			countries/de/de-de/entries/stinkig.yaml
tatoeba	de-de	super	added	26	0	35	0.743	0.639	248.3	super; great; awesome	Das ist super, ich schaue mir das nachher an.	That's great! I'll look at it later.	countries/de/de-de/entries/super.yaml
tatoeba	de-de	toll	added	106	0	188	0.564	0.517	100.3	great; nice; wonderful	Das Konzert war toll, aber es war kalt im Saal.	The concert was great, but it was cold in the hall.	countries/de/de-de/entries/toll.yaml
tatoeba	de-de	top	added	2	0	2	1	0.549	1274.3	top	Mary trägt ein tief ausgeschnittenes Top.	Mary is wearing a low-cut top.	countries/de/de-de/entries/top.yaml
tatoeba	de-de	tschüss	added	8	0	24	0.333	0.224	3304.7	bye; cheers; ciao	Tschüss!	Bye!	countries/de/de-de/entries/tschuss.yaml
tatoeba	de-de	tüchtig	none	0	0	10	0	0	0	big; significant; proper			countries/de/de-de/entries/tuchtig.yaml
tatoeba	de-de	verarschen	added	3	0	16	0.188	0.094	207.3	trick; fool; prank	Willst du mich verarschen?	Are you trying to fool me?	countries/de/de-de/entries/verarschen.yaml
tatoeba	de-de	verbrechen	none	0	0	180	0	0	0	at fault for			countries/de/de-de/entries/verbrechen.yaml
tatoeba	de-de	vermasseln	none	0	0	1	0	0	0	blow; screw up; botch			countries/de/de-de/entries/vermasseln.yaml
tatoeba	de-de	voll	added	199	0	417	0.477	0.446	14.2	full; drunk; very; quite; really	Warum ist das Leben so voll mit Leiden?	Why is life so full of suffering?	countries/de/de-de/entries/voll.yaml
tatoeba	de-de	voranmachen	added	4	0	10	0.4	0.23	1314.4	hurry up; get a move on	Wir müssen voranmachen, wenn wir heute noch fertig werden wollen.	We've got to get a move on if we want to finish today.	countries/de/de-de/entries/voranmachen.yaml
tatoeba	de-de	wurst	none	0	0	24	0	0	0	anyway; anyhow			countries/de/de-de/entries/wurst.yaml
tatoeba	de-de	zack	none	0	0	2	0	0	0	onomatopoeia expressing that something happens quickly; suddenly			countries/de/de-de/entries/zack.yaml
tatoeba	de-de	zwiebeln	none	0	0	71	0	0	0	hassle; harass; bully; torment; hurt; painful			countries/de/de-de/entries/zwiebeln.yaml
tatoeba	pt-br	amarrar	none	0	0	11	0	0	0	love; like very much			countries/br/pt-br/entries/amarrar.yaml
tatoeba	pt-br	assim	none	38	0	1486	0.026	0.021	3.8	well	O francês é falado em partes da Itália, assim como na França.	French is spoken in parts of Italy as well as in France.	countries/br/pt-br/entries/assim.yaml
tatoeba	pt-br	atirado	none	0	0	5	0	0	0	cheeky; insolent			countries/br/pt-br/entries/atirado.yaml
tatoeba	pt-br	bacana	added	10	0	14	0.714	0.544	282.7	cool; nice; rich person	Esse relógio é muito bacana.	That watch is very nice.	countries/br/pt-br/entries/bacana.yaml
tatoeba	pt-br	bandido	none	0	0	9	0	0	0	deceitful; treacherous; causing suffering; harmful			countries/br/pt-br/entries/bandido.yaml
tatoeba	pt-br	banheiro	added	109	0	174	0.626	0.578	1513.2	bathroom; lavatory	Onde fica o banheiro?	Where is the bathroom?	countries/br/pt-br/entries/banheiro.yaml
tatoeba	pt-br	barato	none	1	0	133	0.008	0.002	1.9	fun; high	Mais de meio milhão de mulheres nos países em desenvolvimento morrem todos os anos durante o parto. Mas um estudo mostra que um medicamento barato pode prevenir uma das principais causas dessas mortes. A conclusão baseia-se num estudo efetuado com 10.000 mulheres grávidas. Até oito por cento das mulheres grávidas no mundo inteiro desenvolvem uma doença chamada pré-eclampsia, que se caracteriza por tensão arterial elevada e proteínas na urina.	More than a half-million women in developing countries die each year during childbirth. But a study shows an inexpensive drug could prevent a leading cause of those deaths. The conclusion is based on a study of 10,000 pregnant women. Up to eight percent of pregnant women around the world develop a condition called pre-eclampsia which is marked by high blood pressure and protein in the urine.	countries/br/pt-br/entries/barato.yaml
tatoeba	pt-br	beleza	none	2	0	158	0.013	0.005	14.6	what's up; all right; okay	Beleza, cara?	What's up, dude?	countries/br/pt-br/entries/beleza.yaml
tatoeba	pt-br	besteira	added	7	0	23	0.304	0.198	2702.9	nonsense	Que besteira!	That's absolute nonsense!	countries/br/pt-br/entries/besteira.yaml
tatoeba	pt-br	bicho	none	0	0	16	0	0	0	buddy; also used as a general informal form of address			countries/br/pt-br/entries/bicho.yaml
tatoeba	pt-br	bolha	none	0	0	6	0	0	0	lame; uncool; pathetic; pathetic person			countries/br/pt-br/entries/bolha.yaml
tatoeba	pt-br	bonito	none	1	0	298	0.003	0.001	39	beautifully; in a beautiful way	É difícil encontrar alguém que escreva um chinês tão bonito como o dele.	It's hard to find someone who writes Chinese as beautifully as he.	countries/br/pt-br/entries/bonito.yaml
tatoeba	pt-br	bravo	none	0	0	212	0	0	0	term akin to english dope; hard; meaning cool; good; usually with an aggressive connotation; certain part of an oxcart			countries/br/pt-br/entries/bravo.yaml
tatoeba	pt-br	brincadeira	none	1	0	44	0.023	0.007	490.2	just kidding	Brincadeira!	Just kidding!	countries/br/pt-br/entries/brincadeira.yaml
tatoeba	pt-br	brocado	none	0	0	1	0	0	0	hungry			countries/br/pt-br/entries/brocado.yaml
tatoeba	pt-br	cadê	added	29	0	85	0.341	0.279	265.5	where is	Cadê ele?	Where is he?	countries/br/pt-br/entries/cade.yaml
tatoeba	pt-br	caô	none	1	0	222	0.005	0.001	2.9	lie; nonsense talk	Não mexa com um cão que está dormindo.	Let sleeping dogs lie.	countries/br/pt-br/entries/cao.yaml
tatoeba	pt-br	cara	none	35	0	471	0.074	0.06	12.8	man; fellow; guy and any adult male; dude	Não quero respeitar um cara como ele.	I don't want to respect a man like him.	countries/br/pt-br/entries/cara.yaml
tatoeba	pt-br	carona	none	2	0	89	0.022	0.009	3392.7	hitchhiking	Quais são os prós e contras de viajar de carona?	What are the pros and cons of hitchhiking?	countries/br/pt-br/entries/carona.yaml
tatoeba	pt-br	chapa	none	0	0	3	0	0	0	mate; pal; buddy			countries/br/pt-br/entries/chapa.yaml
tatoeba	pt-br	chatô	none	0	0	82	0	0	0	room; house; apartment where a single man lives			countries/br/pt-br/entries/chato.yaml
tatoeba	pt-br	cobra	none	0	0	49	0	0	0	pro; expert			countries/br/pt-br/entries/cobra.yaml
tatoeba	pt-br	comer	added	1243	0	1348	0.922	0.912	95.9	eat; eat some; miss a letter; other symbol in writing	Quando iremos comer? Eu estou com fome!	When are we eating? I'm hungry!	countries/br/pt-br/entries/comer.yaml
tatoeba	pt-br	coroa	none	0	0	42	0	0	0	elderly; middle aged person			countries/br/pt-br/entries/coroa.yaml
tatoeba	pt-br	corre	none	1	0	107	0.009	0.003	6.2	strife; fight; specific job; gig; act of buying; selling; transporting illegal drugs; other illicit products; product itself	O homem que corre talvez lute novamente.	The man who runs may fight again.	countries/br/pt-br/entries/corre.yaml
tatoeba	pt-br	dã	none	1	0	12313	0	0	12.3	duh	Dã.	Duh.	countries/br/pt-br/entries/da.yaml
tatoeba	pt-br	demorou	none	0	0	48	0	0	0	confirmation			countries/br/pt-br/entries/demorou.yaml
tatoeba	pt-br	dez	none	0	0	564	0	0	0	awesome; amazing; very cool; very nice			countries/br/pt-br/entries/dez.yaml
tatoeba	pt-br	durão	none	1	0	6	0.167	0.051	16775.2	tough guy	Quem é esse cara durão?	Who is this tough guy?	countries/br/pt-br/entries/durao.yaml
tatoeba	pt-br	entendeu	none	0	0	112	0	0	0	tag question; okay			countries/br/pt-br/entries/entendeu.yaml
tatoeba	pt-br	esquerda	none	0	0	120	0	0	0	leftist			countries/br/pt-br/entries/esquerda.yaml
tatoeba	pt-br	esse	added	1040	8	2223	0.468	0.454	8.6	this	Eu não posso mais aguentar esse barulho.	I can't stand this noise any more.	countries/br/pt-br/entries/esse.yaml
tatoeba	pt-br	fala	none	0	0	1095	0	0	0	sup			countries/br/pt-br/entries/fala.yaml
tatoeba	pt-br	falou	none	0	0	334	0	0	0	see you; bye			countries/br/pt-br/entries/falou.yaml
tatoeba	pt-br	fera	none	0	0	5	0	0	0	skillful person; skillful			countries/br/pt-br/entries/fera.yaml
tatoeba	pt-br	foi	none	45	0	7733	0.006	0.005	1.3	indicates that an action has been undertaken; done	Isso já foi feito antes?	Has this ever been done before?	countries/br/pt-br/entries/foi.yaml
tatoeba	pt-br	fritas	added	9	0	26	0.346	0.239	6968.2	french fries	Por que você me deu só um hambúrguer? Este não é um cardápio completo com hambúrguer, batatas fritas e bebida?	How come you only gave me a hamburger? Isn't this a meal set of a hamburger, French fries and a drink?	countries/br/pt-br/entries/fritas.yaml
tatoeba	pt-br	fui	none	0	0	1079	0	0	0	farewell			countries/br/pt-br/entries/fui.yaml
tatoeba	pt-br	gaita	none	0	0	7	0	0	0	money; cash; dough			countries/br/pt-br/entries/gaita.yaml
tatoeba	pt-br	galinha	none	0	0	46	0	0	0	who is virtually always seen with a partner			countries/br/pt-br/entries/galinha.yaml
tatoeba	pt-br	gato	none	0	0	691	0	0	0	illegal connection to use electricity; watch pay tv for free; petty thief; truck driver who rents boias frias to work on farming; physically attractive			countries/br/pt-br/entries/gato.yaml
tatoeba	pt-br	gelada	none	1	0	36	0.028	0.008	8387.6	cold one	Por favor me traga uma cerveja, uma bem gelada.	Please bring me a beer, a very cold one.	countries/br/pt-br/entries/gelada.yaml
tatoeba	pt-br	grana	added	12	0	12	1	0.88	143.9	money; cash; dough	Hoje estou sem grana.	I have no money today.	countries/br/pt-br/entries/grana.yaml
tatoeba	pt-br	hein	none	0	0	4	0	0	0	huh hm			countries/br/pt-br/entries/hein.yaml
tatoeba	pt-br	imagina	none	0	0	33	0	0	0	no problem; don't mention it			countries/br/pt-br/entries/imagina.yaml
tatoeba	pt-br	isso	none	2814	8	16102	0.175	0.171	3.2	this	Isso está me deixando louco.	This is driving me crazy.	countries/br/pt-br/entries/isso.yaml
tatoeba	pt-br	joia	none	0	0	15	0	0	0	good; all right; fine			countries/br/pt-br/entries/joia.yaml
tatoeba	pt-br	laranja	none	0	0	120	0	0	0	front man; straw man			countries/br/pt-br/entries/laranja.yaml
tatoeba	pt-br	lotação	none	1	0	1	1	0.378	389.6	bus	Tonico e sua mãe tomaram uma lotação no centro da cidade.	Tony and his mother got on a bus in the middle of the town.	countries/br/pt-br/entries/lotacao.yaml
tatoeba	pt-br	maior	none	33	0	824	0.04	0.032	1.5	big; great; very; quite	Até recentemente, a maior parte das coisas de que nós precisávamos eram feitas à mão.	Until quite recently, most of the things we needed were made by hand.	countries/br/pt-br/entries/maior.yaml
tatoeba	pt-br	make	none	0	0	1	0	0	0	makeup			countries/br/pt-br/entries/make.yaml
tatoeba	pt-br	maluco	none	0	0	65	0	0	0	guy; dude			countries/br/pt-br/entries/maluco.yaml
tatoeba	pt-br	mamãe	added	62	0	87	0.713	0.647	871.2	mum; mom; mummy	Mamãe, venha comigo à loja.	Mom, come with me to the store.	countries/br/pt-br/entries/mamae.yaml
tatoeba	pt-br	massa	none	3	1	94	0.032	0.016	7.1	cool; great; amazing; awesome	Massa!	Great!	countries/br/pt-br/entries/massa.yaml
tatoeba	pt-br	mina	none	2	0	14	0.143	0.061	40.4	girl; gal	"Você está caidinho por esta mina." "Não estou, não."	"You've got a crush on this girl." "No, I don't!"	countries/br/pt-br/entries/mina.yaml
tatoeba	pt-br	mó	none	0	0	3	0	0	0	very			countries/br/pt-br/entries/mo.yaml
tatoeba	pt-br	mona	none	0	0	7	0	0	0	woman			countries/br/pt-br/entries/mona.yaml
tatoeba	pt-br	mordido	none	0	0	20	0	0	0	angry			countries/br/pt-br/entries/mordido.yaml
tatoeba	pt-br	morô	none	0	0	260	0	0	0	alright ok understood			countries/br/pt-br/entries/moro.yaml
tatoeba	pt-br	nadica	none	1	0	1	1	0.378	217.5	nothing; not at all; in no way	"Entendeu?" "Não, nadica de nada."	"Got it?" "No, not at all."	countries/br/pt-br/entries/nadica.yaml
tatoeba	pt-br	nave	none	0	0	34	0	0	0	car			countries/br/pt-br/entries/nave.yaml
tatoeba	pt-br	nega	none	0	0	13	0	0	0	woman			countries/br/pt-br/entries/nega.yaml
tatoeba	pt-br	ocó	none	0	0	3	0	0	0	man			countries/br/pt-br/entries/oco.yaml
tatoeba	pt-br	oi	none	0	0	104	0	0	0	sorry i beg your pardon excuse me			countries/br/pt-br/entries/oi.yaml
tatoeba	pt-br	ônibus	added	728	0	732	0.995	0.99	387.5	bus	De onde partirão os ônibus do aeroporto?	Where do the airport buses leave from?	countries/br/pt-br/entries/onibus.yaml
tatoeba	pt-br	opa	none	1	0	5	0.2	0.062	10065.1	oops; type of cape used by members of the clergy; carousal; bad company	Opa, acho que esquecemos o Tom.	Oops, I think we forgot Tom.	countries/br/pt-br/entries/opa.yaml
tatoeba	pt-br	osso	none	0	0	29	0	0	0	difficult; annoying			countries/br/pt-br/entries/osso.yaml
tatoeba	pt-br	pagar	none	0	0	385	0	0	0	especially as punishment			countries/br/pt-br/entries/pagar.yaml
tatoeba	pt-br	papá	added	3	0	37	0.081	0.04	21.3	food; meal	O milho é utilizado para preparar uma papa espessa popular, chamada sadza, feita à base de farinha de milho e servida com molho.	Maize is used to make a popular, thick porridge called sadza, made of corn meal and served with relish.	countries/br/pt-br/entries/papa.yaml
tatoeba	pt-br	papai	added	39	0	108	0.361	0.304	586.2	dad; papa	Aonde você está indo, papai?	Where are you going, Dad?	countries/br/pt-br/entries/papai.yaml
tatoeba	pt-br	partiu	none	0	0	99	0	0	0	let's go			countries/br/pt-br/entries/partiu.yaml
tatoeba	pt-br	passa	none	0	0	227	0	0	0	shoo; get away; clear off			countries/br/pt-br/entries/passa.yaml
tatoeba	pt-br	pega	none	1	0	81	0.012	0.004	9	fight; quarrel	Estamos preparados para um pega.	We're prepared for a fight.	countries/br/pt-br/entries/pega.yaml
tatoeba	pt-br	perdeu	none	0	0	448	0	0	0	used by thieves when stealing someone's valuables; stand and deliver			countries/br/pt-br/entries/perdeu.yaml
tatoeba	pt-br	pô	none	0	0	52	0	0	0	it expresses astonishment; annoyance; boredom			countries/br/pt-br/entries/po.yaml
tatoeba	pt-br	podre	none	2	0	14	0.143	0.061	12.9	bad; horrible; embarrassing; compromizing piece of information about someone; something; dirt	Estou sentindo cheiro de podre.	I smell something rotten.	countries/br/pt-br/entries/podre.yaml
tatoeba	pt-br	point	none	0	0	1	0	0	0	location where members of a group usually meet			countries/br/pt-br/entries/point.yaml
tatoeba	pt-br	policial	added	27	0	131	0.206	0.165	1447.3	police officer	O Tom é policial.	Tom is a police officer.	countries/br/pt-br/entries/policial.yaml
tatoeba	pt-br	prata	none	0	0	59	0	0	0	one hundred cents of current currency unit an entire real; brazilian buck			countries/br/pt-br/entries/prata.yaml
tatoeba	pt-br	puxa	none	0	0	11	0	0	0	expresses surprize; admiration; expresses disappointment			countries/br/pt-br/entries/puxa.yaml
tatoeba	pt-br	quebrada	none	0	0	80	0	0	0	neighborhood; place in a town; city where drugs are routinely consumed; often without knowledge of authorities			countries/br/pt-br/entries/quebrada.yaml
tatoeba	pt-br	raiz	none	0	0	23	0	0	0	o g; true; traditional			countries/br/pt-br/entries/raiz.yaml
tatoeba	pt-br	real	none	0	0	163	0	0	0	truth			countries/br/pt-br/entries/real.yaml
tatoeba	pt-br	sacar	none	0	0	7	0	0	0	understand			countries/br/pt-br/entries/sacar.yaml
tatoeba	pt-br	sanduíche	added	101	0	101	1	0.984	1623.4	sandwich; situation where there are too many people; objects packed together	Estão comendo um sanduíche.	They are eating a sandwich.	countries/br/pt-br/entries/sanduiche.yaml
tatoeba	pt-br	sei	none	25	0	3924	0.006	0.005	0.8	yeah; right	Eu não sei dizer qual é o lado direito deste papel.	I cannot tell which is the right side of this paper.	countries/br/pt-br/entries/sei.yaml
tatoeba	pt-br	show	none	0	0	114	0	0	0	act; performance that demonstrates high skill; spectacle; display; feat; amazing; awesome			countries/br/pt-br/entries/show.yaml
tatoeba	pt-br	social	none	2	0	104	0.019	0.008	4.3	small party between close people; friends	Sou agradecida pelos amigos que me mantêm ativa e social.	I am thankful for friends who keep me active and social.	countries/br/pt-br/entries/social.yaml
tatoeba	pt-br	suave	none	0	0	34	0	0	0	fine; okay			countries/br/pt-br/entries/suave.yaml
tatoeba	pt-br	tá	added	3	0	54	0.056	0.027	135.3	all right	Tá tudo certo em casa.	Everything is all right at home.	countries/br/pt-br/entries/ta.yaml
tatoeba	pt-br	tapa	added	7	0	16	0.438	0.292	12009.5	slap; argument without a replica; discrete marijuana use	Após dizer-lhe cobras e lagartos, levou um tapa na cara.	After saying bad things about her, he got a slap in the face.	countries/br/pt-br/entries/tapa.yaml
tatoeba	pt-br	tenso	none	0	0	14	0	0	0	difficult; complicated; derisively different; weird			countries/br/pt-br/entries/tenso.yaml
tatoeba	pt-br	time	added	240	0	250	0.96	0.941	550	team	Tom lidera o time de futebol.	Tom leads the soccer team.	countries/br/pt-br/entries/time.yaml
tatoeba	pt-br	tranquilo	none	0	0	32	0	0	0	no problem; all right			countries/br/pt-br/entries/tranquilo.yaml
tatoeba	pt-br	troço	none	0	0	32	0	0	0	gizmo; thingy			countries/br/pt-br/entries/troco.yaml
tatoeba	pt-br	valeu	none	2	0	21	0.095	0.04	58.6	thanks	Valeu!	Thanks!	countries/br/pt-br/entries/valeu.yaml
tatoeba	pt-br	van	added	27	0	29	0.931	0.845	8032.3	van	Van Buren rejeitou a oferta.	Van Buren rejected the offer.	countries/br/pt-br/entries/van.yaml
tatoeba	pt-br	velho	none	68	0	679	0.1	0.086	17.7	informal form of address for males of any age; bro; man; dude	O velho tentou nadar 5 quilômetros.	The old man attempted to swim five kilometers.	countries/br/pt-br/entries/velho.yaml
tatoeba	pt-br	viu	none	0	0	819	0	0	0	used at the beginning; end of a sentence; especially imperative ones; as filler			countries/br/pt-br/entries/viu.yaml
tatoeba	hi-in	अब	added	65	0	91	0.714	0.65	60.3	now; after all	मुझे अब चाबी मिल सकती है क्या?	Can I have the key now, please?	countries/in/hi-in/entries/ab.yaml
tatoeba	hi-in	अच्छा	added	63	0	134	0.47	0.416	26.8	good; nice; fine; delicious; tasty; well	वह टेनिस बहुत अच्छा खेलती है।	She plays tennis very well.	countries/in/hi-in/entries/accha.yaml
tatoeba	hi-in	आज	added	85	0	124	0.685	0.63	111.1	today	आज मेरी बहन का जन्मदिन है।	Today is my sister's birthday.	countries/in/hi-in/entries/aj.yaml
tatoeba	hi-in	आना	added	17	0	21	0.81	0.679	40.7	come; approach; draw near; arrive; reach; come back; return; appear; turn up; show up; come into view; published; feature; received; delivered; come in	तुम साथ आना चाहते हो क्या?	Do you want to come along?	countries/in/hi-in/entries/ana.yaml
tatoeba	hi-in	आसान	added	22	0	26	0.846	0.735	466.1	easy	पाँच से दस को जोड़ना बहुत आसान है।	It is easy to add 5 to 10.	countries/in/hi-in/entries/asan.yaml
tatoeba	hi-in	औरत	added	12	0	16	0.75	0.593	202.5	woman; wife	उस मोटी औरत ने एक बंदर पकड़ा हुआ था।	The fat woman was holding a monkey.	countries/in/hi-in/entries/aurat.yaml
tatoeba	hi-in	बच्चा	added	6	0	13	0.462	0.299	147.8	child; young	वह बच्चा हालांकि केवल चार साल का ही है, वह अभी से ही सौ तक गिनती कर सकता है।	That child is only four, but he can already count to 100.	countries/in/hi-in/entries/bacca.yaml
tatoeba	hi-in	बहुत	added	206	0	431	0.478	0.447	15.5	many; much; too much; very	उसके पास बहुत सारी इतिहास की किताबें हैं।	He has many history books.	countries/in/hi-in/entries/bahut.yaml
tatoeba	hi-in	बनाना	none	0	0	3	0	0	0	make; create; produce; cause to be; turn into; form			countries/in/hi-in/entries/banana.yaml
tatoeba	hi-in	बंदा	added	7	0	7	1	0.81	112	man; person; guy; bloke; servant; slave; used to refer to oneself humbly; e g यह बद	यह बंदा कमाल की चीज़ें कर सकता है।	This guy can do amazing things.	countries/in/hi-in/entries/banda.yaml
tatoeba	hi-in	बड़ा	added	40	0	92	0.435	0.37	51.6	big; large; huge; massive; heavy; grown up; adult; important	तुम्हारा कुत्ता बहुत बड़ा है।	Your dog is very big.	countries/in/hi-in/entries/bara.yaml
tatoeba	hi-in	बस	added	34	0	146	0.233	0.191	24.1	merely; only; enough; ample; power; control; ability	तुम्हें टेस्ट पास करने के लिए बस मन लगाकर पढ़ना होगा।	You have only to study hard, and you will pass the test.	countries/in/hi-in/entries/bas.yaml
tatoeba	hi-in	भाई	added	43	0	46	0.935	0.872	70	brother; dude; friend; bro	मुझे रात को खाना खाने के बाद अपने भाई को उसके होमवर्क के साथ मदद करने की आदत है।	I make it a practice to help my brother with his homework after supper.	countries/in/hi-in/entries/bhai.yaml
tatoeba	hi-in	भला	none	2	0	6	0.333	0.148	27.7	good; righteous; honest; respectable; benevolent; kind	यह दवाई तुम्हारा भला करेगी!	This medicine will do you good!	countries/in/hi-in/entries/bhala.yaml
tatoeba	hi-in	भर	none	5	0	17	0.294	0.176	12	all; every; whole; entire	लिंकन की जीवनी दुनिया भर के बच्चे पढ़ते हैं.	Lincoln's biography is read by children all around the world.	countries/in/hi-in/entries/bhar.yaml
tatoeba	hi-in	भी	none	61	1	444	0.137	0.118	14.3	also; too	यह नियम तुम पर भी लागू होता है।	This rule applies to you, too.	countries/in/hi-in/entries/bhi.yaml
tatoeba	hi-in	भूखा	added	3	0	3	1	0.646	655.8	hungry; starving; desirous; one who is hungry	उसने अभी अभी खाना खाया है, वह भूखा कतई नहीं को सकता।	He just had food; he cannot be hungry.	countries/in/hi-in/entries/bhukha.yaml
tatoeba	hi-in	बोलना	added	14	0	21	0.667	0.527	18.5	speak; say; tell; say to	मेरे पिताजी को अंग्रेज़ी अच्छे से बोलना आता है।	My father can speak English well.	countries/in/hi-in/entries/bolna.yaml
tatoeba	hi-in	चलना	added	3	0	6	0.5	0.268	19.8	move; walk; stroll; come; leave; depart; set out; moved; played	मुझे चलना नहीं है।	I don't want to walk.	countries/in/hi-in/entries/calna.yaml
tatoeba	hi-in	देखना	added	20	0	21	0.952	0.853	35.7	see; look; watch; perceive with eyes; observe; notice; look for; search for; seek; see to; attend to; guard; watch over; look after	उसे टीवी पर टेनिस देखना बहुत पसंद है।	She loves watching tennis matches on TV.	countries/in/hi-in/entries/dekhna.yaml
tatoeba	hi-in	देना	none	5	0	42	0.119	0.069	12.4	give; grant; award; lay; give birth to; orate; deliver; pay	भिखारियों को हमेशा कुछ देना चाहिए।	One should always give something to beggars.	countries/in/hi-in/entries/dena.yaml
tatoeba	hi-in	धन	added	2	0	2	1	0.549	172.1	money; wealth; riches; natural resorces	सच्चा धन वह नहीं है जो हमारे पास है, बल्कि वह है जो हमारे अंदर है।	True wealth does not consist of what we have, but in what we are.	countries/in/hi-in/entries/dhan.yaml
tatoeba	hi-in	फ़ोन	added	18	0	47	0.383	0.298	277.6	phone	मैं तुम्हें फ़ोन करूँगा।	I'll phone you.	countries/in/hi-in/entries/fon.yaml
tatoeba	hi-in	गाड़ी	added	80	0	100	0.8	0.744	70.2	car; truck; bus; carriage; cart; train	हमने यह गाड़ी दस हज़ार दो सौ रुपए की ख़रीदी है।	We bought this car for 10200 rupees.	countries/in/hi-in/entries/gari.yaml
tatoeba	hi-in	घर	added	185	0	190	0.974	0.954	68.1	house; home; dwelling; den; nest	तुम पहले किस घर में रहते थे?	Which house did you live in before?	countries/in/hi-in/entries/ghar.yaml
tatoeba	hi-in	हाँ	added	16	0	20	0.8	0.665	612	yes	हाँ।	Yes.	countries/in/hi-in/entries/ha.yaml
tatoeba	hi-in	हम	none	0	1	358	0	0	0	also; as well; likewize			countries/in/hi-in/entries/ham.yaml
tatoeba	hi-in	हेलो	none	1	0	1	1	0.378	983.6	hello	हेलो, टॉम।	Hello, Tom.	countries/in/hi-in/entries/helo.yaml
tatoeba	hi-in	इधर	none	1	0	1	1	0.378	55.3	here; hither; over here; this way	अभी इधर आओ।	Get over here now.	countries/in/hi-in/entries/idhar.yaml
tatoeba	hi-in	जब	added	29	0	57	0.509	0.425	44.1	when	जब वह अगली बार आएगा, मैं उसे इसके बारे में बाताऊँगा।	I will tell him about it when he comes next time.	countries/in/hi-in/entries/jab.yaml
tatoeba	hi-in	जाना	none	6	0	90	0.067	0.04	6	move; travel; leave; depart; proceed from one place to another; lead to; extend to; reach with तक to; until; flow; issue; discharge; leak with स from; pass; elapse; spend; go by	तुम्हें जाना होगा।	You have to leave.	countries/in/hi-in/entries/jana.yaml
tatoeba	hi-in	जानना	added	24	0	25	0.96	0.875	27.9	know; comprehend; understand; familiar with	मुझे इस पहाड़ के बारे में जानना है।	I want to know about this mountain.	countries/in/hi-in/entries/janna.yaml
tatoeba	hi-in	कब	added	73	0	74	0.986	0.956	85.4	when	तुम कब लौट कर आओगे?	When will you return?	countries/in/hi-in/entries/kab.yaml
tatoeba	hi-in	काफ़ी	added	15	0	31	0.484	0.373	144.9	enough; sufficient; quite	और वहाँ पर पानी भी काफ़ी नहीं है।	And there is not even enough water.	countries/in/hi-in/entries/kafi.yaml
tatoeba	hi-in	कहाँ	added	138	0	153	0.902	0.867	70.2	where; not the case; not even; not at all	आप कहाँ बैठना चाहेंगे?	Where would you like to sit?	countries/in/hi-in/entries/kaha.yaml
tatoeba	hi-in	कहना	added	19	0	23	0.826	0.704	22.9	say; speak; tell; utterance; remark	कल का मौसम कैसा होगा कहना मुश्किल है।	It's hard to say what the weather will be like tomorrow.	countries/in/hi-in/entries/kahna.yaml
tatoeba	hi-in	कैसे	added	66	0	70	0.943	0.896	52.8	how	मैं इस कोटे तक भला कैसे पहुंच सकता हूँ?	How can I meet this quota?	countries/in/hi-in/entries/kaise.yaml
tatoeba	hi-in	कल	added	158	0	199	0.794	0.755	56.9	yesterday; tomorrow; any indefinite time in the past; future; soft; low; sweet	कल बारबरा की गाड़ी चलाने की परीक्षा कैसी गई?	How did Barbara do on her driver's test yesterday?	countries/in/hi-in/entries/kal.yaml
tatoeba	hi-in	करना	none	12	0	240	0.05	0.035	3.6	perform; execute; work; engage in a profession; render; convert from one state to another; move; shift; place	मुझे एक दिन में काम खतम करना नामुमकिन लगा।	I found it impossible to do the work in one day.	countries/in/hi-in/entries/karna.yaml
tatoeba	hi-in	कौन	added	70	0	80	0.875	0.82	56.3	who	"कौन है?" "मैं हूँ"	"Who is it?" "It's me."	countries/in/hi-in/entries/kaun.yaml
tatoeba	hi-in	खाना	added	47	0	66	0.712	0.636	54.8	food; meal; eat; consume; use up; waste; devor; ruin; eat away	उसने अभी अभी खाना खाया है, वह भूखा कतई नहीं को सकता।	He just had food; he cannot be hungry.	countries/in/hi-in/entries/khana.yaml
tatoeba	hi-in	किधर	added	2	0	2	1	0.549	80.5	where; where to; whither; from where	दूध वाली चाय किधर है?	Where is the tea with milk?	countries/in/hi-in/entries/kidhar.yaml
tatoeba	hi-in	कुछ	added	120	0	333	0.36	0.327	24.4	something; nothing; not anything; little; bit; somewhat	मुझे इस विषय पर कुछ नहीं कहना है।	I have nothing to say with regard to that problem.	countries/in/hi-in/entries/kuch.yaml
tatoeba	hi-in	क्या	added	443	0	1181	0.375	0.357	8.3	what	यह क्या है?	What is this?	countries/in/hi-in/entries/kya.yaml
tatoeba	hi-in	क्यों	added	176	0	181	0.972	0.952	68	why	बोलो तुम ऐसा क्यों करना चाहते हो।	Tell me, why do you want to do something like this?	countries/in/hi-in/entries/kyo.yaml
tatoeba	hi-in	लाना	added	3	0	3	1	0.646	598.7	bring	अगली बार अपनी बहन को भी साथ लाना।	Bring your sister next time.	countries/in/hi-in/entries/lana.yaml
tatoeba	hi-in	लेना	none	3	0	27	0.111	0.055	5.4	take; buy; get; take on; element of compound verbs; indicates completion	डॉक्टर ने उससे कहा कि उसे आराम लेना चाहिए।	The doctor told her that she should take a rest.	countries/in/hi-in/entries/lena.yaml
tatoeba	hi-in	महंगा	added	7	0	7	1	0.81	655.8	expensive; costly; dear; precious	यह जैकेट महंगा नहीं है, बहुत सस्ता है।	This jacket isn't expensive, it's very cheap.	countries/in/hi-in/entries/mahanga.yaml
tatoeba	hi-in	मम्मी	none	1	0	10	0.1	0.03	153	mom; mommy; mummy	मम्मी, सूप में थोड़ा और नमक डालो।	Mom, add a little more salt to the soup.	countries/in/hi-in/entries/mammi.yaml
tatoeba	hi-in	नहीं	none	366	0	1848	0.198	0.186	6.4	not	तुम्हें इन में से जो भी पसंद है ख़रीद लो, मगर तुम दोनों नहीं ख़रीद सकते।	You can buy whichever you like, but not both.	countries/in/hi-in/entries/nahi.yaml
tatoeba	hi-in	नन्हा	none	0	0	1	0	0	0	small; little			countries/in/hi-in/entries/nanha.yaml
tatoeba	hi-in	नया	added	17	0	18	0.944	0.831	149.5	new	वह हमेशा कोई नया काम आज़माती रहती है।	She always tries something new.	countries/in/hi-in/entries/naya.yaml
tatoeba	hi-in	पानी	added	66	0	66	1	0.976	112.9	water; rain; monsoon; lustre; brightness	बाग के सारे फूल पानी की कमी की वजह से मर गए।	All the flowers in the garden died for lack of water.	countries/in/hi-in/entries/pani.yaml
tatoeba	hi-in	पापा	added	13	0	36	0.361	0.267	355.2	dad; daddy	पापा बाथरूम में दाढ़ी बना रहे हैं।	Dad is shaving in the bathroom.	countries/in/hi-in/entries/papa.yaml
tatoeba	hi-in	पास	added	14	0	276	0.051	0.036	29.1	near; nearby	खिड़की के पास खड़ा वह तुम्हारा प्रबंधक है क्या?	Is that your manager standing near the window?	countries/in/hi-in/entries/pas.yaml
tatoeba	hi-in	पीना	added	8	0	20	0.4	0.272	61.2	drink; consume; smoke; suppress emotion; drain time; resorces	तुम चाय पीना चाहते हो या कॉफ़ी?	You want to drink tea or coffee?	countries/in/hi-in/entries/pina.yaml
tatoeba	hi-in	पुराना	added	8	0	10	0.8	0.602	139.5	old; ancient; long standing	उसने ज़ोर लगाकर खींचा, पर वह पुराना पत्थर ज़रा सा भी नहीं हिला।	He pulled strongly, but the old rock did not budge in the slightest.	countries/in/hi-in/entries/purana.yaml
tatoeba	hi-in	सब	added	91	0	136	0.669	0.616	29.3	all; everyone; everybody; of all	उसके अलावा बाकी सब इस प्रश्न का उत्तर दे सकते हैं।	Everyone but him can answer this question.	countries/in/hi-in/entries/sab.yaml
tatoeba	hi-in	सलाम	none	1	0	5	0.2	0.062	125.2	hello; greetings; salutation; greeting; military salute; peace	सलाम, टॉम।	Hello, Tom.	countries/in/hi-in/entries/salam.yaml
tatoeba	hi-in	समझना	none	1	0	3	0.333	0.106	19.7	understand; comprehend; perceive; think; consider	उसके दिए गए कारण को समझना मुश्किल है।	The reason which he gave is hard to understand.	countries/in/hi-in/entries/samajhna.yaml
tatoeba	hi-in	सारा	none	5	0	20	0.25	0.148	14.1	all	वह डब्बा बहुत छोटा है, उसमें इतना सारा सामान नहीं आएगा।	That's too small a box to hold all these things.	countries/in/hi-in/entries/sara.yaml
tatoeba	hi-in	सरल	added	4	0	4	1	0.709	362.4	easy; simple; straightforward; straight	ये प्रश्न सरल हैं।	These questions are easy to answer.	countries/in/hi-in/entries/saral.yaml
tatoeba	hi-in	सस्ता	added	3	0	5	0.6	0.33	2065.6	cheap; inexpensive	यह जैकेट महंगा नहीं है, बहुत सस्ता है।	This jacket isn't expensive, it's very cheap.	countries/in/hi-in/entries/sasta.yaml
tatoeba	hi-in	शायद	added	8	0	32	0.25	0.166	344.3	maybe; perhaps	हाँ शायद मैं दुखी हूँ, पर मुझे अपनी जान लेने का इरादा नहीं है।	Maybe I am unhappy, but I don't intend to kill myself.	countries/in/hi-in/entries/sayad.yaml
tatoeba	hi-in	सोना	added	16	0	17	0.941	0.822	108	gold; sleep; repose; die	तुम्हें सोना चाहिए।	You should sleep.	countries/in/hi-in/entries/sona.yaml
tatoeba	hi-in	सुंदर	added	52	0	55	0.945	0.892	160.7	beautiful; pretty; good looking; handsome	हाल ही में गिरी हुई बरफ़ ने पहाड़ को सफ़ेद रंग दिया है, सच में बहुत ही सुंदर है।	The snow that fell recently has coloured the mountain white, it is truly beautiful.	countries/in/hi-in/entries/sundar.yaml
tatoeba	hi-in	थका	added	6	0	6	1	0.785	270	tired; exhausted; weary; forworn	वह बहुत थका-हारा सा लगता है।	He looks very tired.	countries/in/hi-in/entries/thaka.yaml
tatoeba	hi-in	ठंडा	added	5	0	6	0.833	0.575	409.9	cold; chilly; extinguished; cold drink; soft drink; soda	आज मौसम काफ़ी ठंडा है।	It's rather cold today.	countries/in/hi-in/entries/thanda.yaml
tatoeba	hi-in	तो	none	26	1	406	0.064	0.05	3.6	well; really; actually; just; at least	अगर कुछ करना है तो ढंग से करो।	If you do anything at all, do it well.	countries/in/hi-in/entries/to.yaml
tatoeba	hi-in	वह	added	264	0	1138	0.232	0.216	4.6	that	खिड़की के पास खड़ा वह तुम्हारा प्रबंधक है क्या?	Is that your manager standing near the window?	countries/in/hi-in/entries/vah.yaml
tatoeba	hi-in	वहाँ	added	84	0	89	0.944	0.904	38.9	there	वह वहाँ जाने से डरता था।	He was afraid to go there.	countries/in/hi-in/entries/vaha.yaml
tatoeba	hi-in	वही	added	13	0	25	0.52	0.395	10	that; that very one; same; identical	यह वही किताब है जिसे मैं पढ़ना चाहता था।	This is the very book that I wanted to read.	countries/in/hi-in/entries/vahi.yaml
tatoeba	hi-in	वो	none	7	0	25	0.28	0.181	5.5	that	जो सही है वो करो।	Do that which is right.	countries/in/hi-in/entries/vo.yaml
tatoeba	hi-in	ख़ुश	added	15	0	16	0.938	0.812	52.7	happy; glad; gay; pleased; merry; cheerful; pleasant; delighted; good; excellent; elegant; healthy; wholesome; agreeable; acceptable; affable; amiable; content; willing	मैं बस चाहता हूं कि तुम ख़ुश रहो।	I just want you to be happy.	countries/in/hi-in/entries/xus.yaml
tatoeba	hi-in	यह	added	456	0	622	0.733	0.71	13.6	this	इस बात को क्योंकि केवल एक ही इनसान जानता है, यह बहुत महत्वपूर्ण नहीं है।	Because only one person knows this, it isn't very important.	countries/in/hi-in/entries/yah.yaml
tatoeba	hi-in	यहां	added	39	0	45	0.867	0.789	48.7	here	यहां, बैठिये।	Here, please have a seat.	countries/in/hi-in/entries/yaha-2.yaml
tatoeba	hi-in	यहाँ	added	167	0	178	0.938	0.911	52.7	here	यहाँ तैरना बहुत ख़तरनाक है।	Swimming here is very dangerous.	countries/in/hi-in/entries/yaha.yaml
tatoeba	hi-in	यार	none	1	0	1	1	0.378	98.4	buddy; friend; pal; companion; bro; dude; paramor; lover	तुम्हारा यार कहाँ है?	Where is your friend?	countries/in/hi-in/entries/yar.yaml
tatoeba	hi-in	ज़रा	none	1	0	5	0.2	0.062	9.5	little; small amount of; slightly; just; kindly; would you; please; used to make a polite request	ज़रा और ज़ोर से, कृप्या।	Louder, please.	countries/in/hi-in/entries/zara.yaml
